TestId,ESVId,sequence,Kingdom,Phylum,Class,Order,Family,Genus,Species,% match,# species,ZMCYA8F9.1,Z9LBZ98B.1,Z8833HXW.1,YPI4LJCL.1,W0090N4R.1,UC45V11N.1,S9KU7UJP.1,RYS12P57.1,RHHVTXAR.1,QTJ1CPIH.1,NDEPCFLS.1,M0PHRLHQ.1,HE6ZA125.1,FQDGJ06F.1,DKDLKMU1.1,ATGJBD1F.1,8XNGYLAK.1,6L94UIRL.1,3ZCGO286.1,3UMD85OW.1,
MiFishU,ESV_014430,CGCCGCGGTTACACGAAGGGGGTAAGAGTATTTTATTGGTTTGTAATTAGTTTTAAATATGGTTAGTAGAAAGGCTTTGTTAGGTGAAATTTTAAACCTTTAATTAACCAAGCAGTAAATGAATGAAGTTATGAAGTTTAGAAAA,,,,,,,,,,7482,70866,0,27,4716,1460,3638,242,3607,0,14,1439,0,19,57,0,6430,0,0,0
MiFishU,ESV_000063,CACCGCGGTTATACGAGAGGCCCAAGTTGACAAACACCGGCGTAAAGCGTGGTTAAGTTAAAAATCGTACTAAAGCCAAACATCTTCAAGACTGTTATACGTAACCGAAGACAGGAAGTTCAACCACGAAAGTCGCTTTATCTGATCTGAATCCACGAAAGCTAAGGAA,Eukaryota,Chordata,Actinopteri,Perciformes,Cottidae,,,100,7,0,0,0,0,0,0,0,0,0,0,0,0,81866,0,0,0,0,0,0,0
MiFishU,ESV_007702,CACCGCGGTTATACGAGAGGCCCTAGTTGATAACTACCGGCGTAAAGAGTGGTTATGGAAAAATATTTAATAAAGCCGAACACCCCCTCAGCCGTCATACGCACCTGGGAGCACGAAGACCTACTGCGAAAGCAGCTTTAACTATGCCTGACCCCACGACAGCTAAGAAA,Eukaryota,Chordata,Actinopteri,Salmoniformes,Salmonidae,Oncorhynchus,,100,2,7977,22541,0,8368,5694,3725,5741,20,6630,43,1399,4164,0,10420,0,0,0,0,0,0
MiFishU,ESV_014424,CACCGCGGTTATACGAGAGGCCCAAGTTGATGAACACCGGCGTAAAGTGTGGTTAAGTTAAAAATCGTACTAAAGCCAAACATCTTCAAGACTGTTATACGTAACCGAAGACAGGAAGTTCAACCACGAAAGTCGCTTTATCTGATCTGAATCCACGAAAGCTAAGGAA,Eukaryota,Chordata,Actinopteri,Perciformes,Cottidae,,,98.2,15,0,73172,0,0,0,0,0,0,0,0,903,0,0,0,0,0,0,0,0,0
MiFishU,ESV_015983,CACCGCGGTTAAACGAGAGGCCCTAGTTGATAATACAACGGCGTAAAGGGTGGTTAAGGAACGCAAATAATAAAGCCGAATGGCCCTTTGGCTGTCATACGCTTCTAGGTGTCCGAAGCCCAATATACGAAAGTAGCTTTAGAAAAGCCCACCTGACACCACGAAAGCTGAGAAA,Eukaryota,Chordata,Actinopteri,Cypriniformes,Leuciscidae,Lavinia,Lavinia exilicauda,100,1,0,0,0,0,0,16682,0,0,0,2274,0,0,42450,0,0,10285,0,0,0,0
MiFishU,ESV_001124,CACCGCGGTTATACGAGAGGCTCAAGTTGATAAACCCCGGCGTAAAGAGTGGTTAAGGAAAAATAGAAACTAAAGCCGAATGCTTTCAAGACTGTTATACGTTCCCGAGAGTAAGAAGACCAATTACGAAAGTGGCTTTACTTTACCTGACCCCACGAAAGCTACGACA,Eukaryota,Chordata,Actinopteri,Centrarchiformes,Centrarchidae,Lepomis,Lepomis cyanellus,100,1,0,0,0,0,0,0,0,0,0,75,0,0,0,0,11261,0,0,0,21786,0
MiFishU,ESV_015383,CGCCGCGGTTACACGAAGGGGGTGAGAGTATTTTATTGGTTTGTAATTAGTTTTAAATATGGTTAGTAGAAAGGCTTTGTTAGGTGAAATTTTAAACCTTTAATTAACCAAGCAGTAAATGAATGAAGTTATGAAGTTTAGAAAA,,,,,,,,,,0,29442,0,0,0,0,0,0,0,0,0,0,0,1137,0,0,0,0,0,0
MiFishU,ESV_014469,CACCGCGGTTAAACGAGAGGCCCTAGTTGATAGTACAACGGCGTAAAGGGTGGTTAAGGAGAGTGAAACAATAAAGCCAAATGGCCCTTTGGCTGTCATACGCTTCTAGGAGTCCGAAGCCCAATATACGAAAGTAGCTTTAGAGCAGCCCACCTGACCCCACGAAAGCTGAGAAA,Eukaryota,Chordata,Actinopteri,Cypriniformes,Leuciscidae,Richardsonius,,99.4,2,0,29923,0,0,0,0,0,0,0,0,0,0,0,0,0,0,0,0,0,0
MiFishU,ESV_009974,CACCGCGGTTATACGAGAGGCCCTAGTTGATAAATACCGGCGTAAAGAGTGGTTACGAAAAAATGTTTAATAAAGCCGAACACCCCCTCAGCCGTCATACGCACCTGGAGGCACGAAGACCTACTGCGAAAGCAGCTTTAATTATACCCGAATCCACGACAGCTACGACA,Eukaryota,Chordata,Actinopteri,Salmoniformes,Salmonidae,Salvelinus,,100,3,0,604,1742,0,0,0,0,0,0,0,40,0,0,0,0,0,731,215,0,16036
MiFishU,ESV_000043,CACCGCGGTTATACGAGAGACCCTAGTTGATAACTACCGGCGTAAAGAGTGGTTACGGAAAAATATTCAATAAAGCCGAACACCCCCTCAGCCGTCATACGCACCTGGGGGCACGAAGATCTACTGCGAAAGCAGCTTTAATTATGCCTGAACCCACGACAGCTACGACA,Eukaryota,Chordata,Actinopteri,Salmoniformes,Salmonidae,Salmo,Salmo trutta,100,1,0,262,296,0,606,51,0,14508,0,0,0,0,0,0,0,0,0,2968,0,0
MiFishU,ESV_014428,CGCCGCGGTTACACGAAGGGGACAAGAGAATTTTATTGGTTTGTAATTAGTTGGTTGGGGATTAGAGAATGAAATTTATTAGGTGGAATTTTAAATTTCTTTGTTAATCCAACTAAAGTTTGGCGAAGTTATGAAACTTAGGGAG,,,,,,,,,,416,284,376,91,2577,28,0,4684,184,0,0,24,0,0,0,0,0,0,0,0
MiFishU,ESV_014487,CACCGCGGTTATACGAAAGACTCAAATTAATAAAATCGGCCCAAAGGGTGGTTAAAGACATATATTGAATAGGGCTAAAACCCAGCTCCGCTGTCGCACGCAATAGCCTAAAAAAACACAAAGTCGAAAGCAGCTCTACTAACACAACTTGAACCCACGACAGCTAGGAAA,Eukaryota,Chordata,Amphibia,Caudata,Salamandridae,Taricha,,92.4,2,620,0,0,0,0,0,0,0,0,0,0,6712,0,0,0,0,0,0,0,0
MiFishU,ESV_014426,CACCGCGGTTATACGAGAGGCCCAAGTTGACGAACACCGGCGTAAAGTGTGGTTAAGTTAAAAATCGTACTAAAGCCAAACATCTTCAAGACTGTTATACGTAACCGAAGACAGGAAGTTCAACCACGAAAGTCGCTTTATCTGATCTGAATCCACGAAAGCTAAGGAA,Eukaryota,Chordata,Actinopteri,Perciformes,Cottidae,,,98.8,15,0,1422,0,0,0,0,0,0,0,0,5430,0,0,0,0,0,0,0,0,0
MiFishU,ESV_015987,CACCGCGGTTAAACGAGAGGCCCTAGTTGATAGTACAACGGCGTAAAGGGTGGTTAAGGAACGCAAATAATAAAGCCGAATGGCCCTTTGGCTGTCATACGCTTCTAGGTGTCCGAAGCCCAATATACGAAAGTAGCTTTAGAAAAGCCCACCTGACACCACGAAAGCTGAGAAA,Eukaryota,Chordata,Actinopteri,Cypriniformes,Leuciscidae,,,99.4,3,0,0,0,0,0,0,0,0,0,230,0,0,4217,0,0,2205,0,0,0,0
MiFishU,ESV_024617,CACCGCGGTTATACGAGAGGCCCTAGTTGATAACTACCGGCGTAAAGAGTGGTTATGGAAAATATTTAATAAAGCCGAACACCCCCTCAGCCGTCATACGCACCTGGGAGCACGAAGACCTACTGCGAAAGCAGCTTTAACTATGCCTGACCCCACGACAGCTAAGAAA,Eukaryota,Chordata,Actinopteri,Salmoniformes,Salmonidae,Oncorhynchus,Oncorhynchus mykiss,100,1,0,0,0,0,0,0,0,0,0,0,0,0,0,0,0,0,4989,0,0,0
MiFishU,ESV_014423,CACCGCGGTTATACGAGAGGCCCTAGTTGATAGGCACGGCGTAAAGGGTGGTTAAGGGAGTACACAAATAAAGCCGAAGGACCCTCTGGCCGTTATACGCTTCTGGACGCCCGAAGCCCAAATACGAAAGTAGCTTTAATTTAGCCCACCTGACCCCACGAAAACTGAGAAA,Eukaryota,Chordata,Actinopteri,Cypriniformes,Catostomidae,Deltistes,Deltistes luxatus,99.4,1,0,0,0,0,0,0,0,0,0,1098,0,0,0,0,2036,0,0,0,1375,0
MiFishU,ESV_012594,CACCGCGGTTATACGAGAGGCCCTAGTTGATAACTACCGGCGTAAAGAGTGGTTATGGAAAAATATTTAATAAAGCCGAACACCCCCTCAGCCGTCATACGCACCTGGGAGCACGAAGACCTACTGCGAAAGCAGCTTTAACTATACCTGACCCCACGACAGCTAAGAAA,Eukaryota,Chordata,Actinopteri,Salmoniformes,Salmonidae,Oncorhynchus,Oncorhynchus clarkii,100,1,0,0,0,0,0,0,0,0,3926,0,155,0,0,0,0,0,0,0,0,0
MiFishU,ESV_015195,CACCGCGGTTAAACGAGAGGCCCTAGTTGATAGTACGACGGCGTAAAGGGTGGTTAAGGAAAGCAAACAATAAAGCCGAATGGCCCTTTGGCTGTCATACGCTTCTAGGTGTCCGAAGCCCAATATACGAAAGTAGCTTTAGAAAGGCCCACCTGACACCACGAAAGCTGAGAAA,Eukaryota,Chordata,Actinopteri,Cypriniformes,Leuciscidae,,,98.3,8,0,0,0,0,0,0,0,0,0,2108,0,0,390,0,1534,0,0,0,0,0
MiFishU,ESV_016024,CACCGCGGTTAAACGAGAGGCCCTAGTTGATAGTACGACGGCGTAAAGGGTGGTTAAGGAAAGCAAACAATAAAGCCGAATGGCCCTTTGGCTGTCATACGCTTCTAGGTGTCCGAAGCCCAATATACGAAAGTAGCTTTAGAAAGACCCACCTGACACCACGAAAGCTGAGAAA,Eukaryota,Chordata,Actinopteri,Cypriniformes,Leuciscidae,,,97.7,8,0,0,0,0,0,0,0,0,0,3543,0,0,0,0,0,0,0,0,0,0
MiFishU,ESV_015993,CACCGCGGTTAAACGAGAGGCCCTAGTTGATAGTACAACGGCGTAAAGGGTGGTTAAGGAACGCAAATAATAAAGCCGAATGGCCCTTTGGCTGTCATACGCTTCTAGGTGTCCGAAGCCCAATATACGAAAGTAGCTTTAGAAAAGCCCACCTGACACCACGAAAGCTGAGGAA,Eukaryota,Chordata,Actinopteri,Cypriniformes,Leuciscidae,,,98.9,3,0,0,0,0,0,0,0,0,0,451,0,0,0,0,0,2785,0,0,0,0
MiFishU,ESV_012319,CGCCGCGGTTATACGAAGGGAGTAAGAGTATTTTATTGGTTTGTAATTAATTTTATAAAAGGATTAGAAGGGAATATTTGTTAGGTGAAATTTTAAACTTTAAGTTAATCCGGTGTTAAGTGAATGAAGTTATGAAGTTTAGATAA,,,,,,,,,,0,2788,0,0,27,0,24,0,73,0,0,0,0,0,0,0,0,0,0,8
MiFishU,ESV_010759,CACCGCGGTTATACGAGAGGCCCAAGTTGACAAACACCGGCGTAAAGCGTGGTTAAGTTAAAAATCATACTAAAGCCAAACATCTTCAAGACTGTTATACGTAACCGAAGACAGGAAGTTCAACCACGAAAGTCGCTTTATCTGATCTGAATCCACGAAAGCTAAGGAA,Eukaryota,Chordata,Actinopteri,Perciformes,Cottidae,Cottus,,100,3,0,0,0,0,0,0,0,0,0,2876,0,0,0,0,0,0,0,0,0,0
MiFishU,ESV_015992,CACCGCGGTTAAACGAGAGGCCCTAGTTGATAATACAACGGCGTAAAGGGTGGTTAAGGAACGCAAATAATAAAGCCGAATGGCCCTTTGGCTGTCATACGCTTCTAGGTGTCCGAAGCCCAATATACGAAAGTAGCTTTAGAAAAGCCCACCTGACACCACGAAAGCTGAGGAA,Eukaryota,Chordata,Actinopteri,Cypriniformes,Leuciscidae,Lavinia,Lavinia exilicauda,99.4,1,0,0,0,0,0,0,0,0,0,191,0,0,0,0,0,2249,0,0,0,0
MiFishU,ESV_019508,CGCCGCGGTTACACGAAGGGGGTAAGAGTATTTTATTGGTTTGTAATTAGTTTTAAATATGGTTAGTAGAAAGGCTTTGTTAGGTGAAATTTTAAACCTTTAATTAACCAAGCAGTAAATGAATGACGTTATGAAGTTTAGAAAA,,,,,,,,,,0,1246,0,0,0,0,1057,0,0,0,0,0,0,0,0,0,0,0,0,0
MiFishU,ESV_023376,CACCGCGGTTAAACGAGAGGCCCTAGTTGATAGTACAGCGGCGTAAAGGGTGGTTAAGGAGAGTGAAACAATAAAGCCAAATGGCCCTTTGGCTGTCATACGCTTCTAGGAGTCCGAAGCCCAATATACGAAAGTAGCTTTAGAGCAGCCCACCTGACCCCACGAAAGCTGAGAAA,Eukaryota,Chordata,Actinopteri,Cypriniformes,Leuciscidae,Richardsonius,,98.9,2,0,2005,0,0,0,0,0,0,0,0,0,0,0,0,0,0,0,0,0,0
MiFishU,ESV_010720,CACCGCGGTTATACGAGAGGCCCTAGTTGATAAGCACGGCGTAAAGGGTGGTTAAGGGAGTATATCAATAAAGCCGAAGGGCCCTTTGGCCGTTATACGCTTCTAGGCGCCCGAAGCCCAAACACGAAAGTAGCTTTAATTTAGCCCACCTGACCCCACGAAAACTGAGAAA,Eukaryota,Chordata,Actinopteri,Cypriniformes,Catostomidae,Catostomus,Catostomus macrocheilus,100,1,0,754,0,0,0,0,0,0,0,0,679,0,0,0,0,0,0,0,0,0
MiFishU,ESV_023377,CGCCGCGGTTACACGAAGGGGGTAAGAGTATTTTATTGGTTCGTAATTAGTTTTAAATATGGTTAGTAGAAAGGCTTTGTTAGGTGAAATTTTAAACCTTTAATTAACCAAGCAGTAAATGAATGAAGTTATGAAGTTTAGAAAA,,,,,,,,,,0,1413,0,0,0,0,0,0,0,0,0,0,0,0,0,0,0,0,0,0
MiFishU,ESV_015200,CACCGCGGTTAAACGAGAGGCCCTAGTTGATAGTACGACGGCGTAAAGGGTGGTTAAGGAAAGCAAACAATAAAGCCGAATGGCCCTTTGGCTGTCATACGCTTCTAGGTGTCCGAAGCCCAATATACGAAAGTAGCTTTAGAAAAGCCCACCTGACACCACGAAAGCTGAGAAA,Eukaryota,Chordata,Actinopteri,Cypriniformes,Leuciscidae,,,98.9,8,0,0,0,0,0,0,0,0,0,662,0,0,235,0,135,0,0,0,0,0
MiFishU,ESV_010267,CGCCGCGGTTACACGAAGGGGGTGAGAGTATTTTATTGGTTTGTAATTAGTTTTAAGATAAGGTTAGAAGATAGGCTTTGTTAGGTGAAATTTTAAACCTTAAATTAACCTATAAGTATATGAATGAAGTTATGAAGTTTAGAAAA,,,,,,,,,,0,0,0,38,0,0,0,0,0,0,0,0,0,0,0,0,0,0,0,984
MiFishU,ESV_015590,CGCCGCGGTTATACGAAGGGGGTGAGAGTATTTTATTGGTTTGTAATTAGTTTTAAATATGGTTAGTAGAAAGGCTTTGTTAGGTGAAATTTTAAACCTTTAATTAACCAAGCAGTAAATGAATGAAGTTATGAAGTTTAGAAAA,,,,,,,,,,0,954,0,0,0,0,0,0,0,0,0,0,0,0,0,0,0,0,0,0
MiFishU,ESV_000075,CACCGCGGTCATACGATTAACCCAAGCTAACAGGAGTACGGCGTAAAACGTGTTAAAGCACCATACCAAATAGGGTTAAATTCTAACTAAGCTGTAAAAAGCCATGATTAAAATAAAAATAAATGACGAAAGTGACCCTACAATAGCCGACGCACTATAGCTAAGACC,Eukaryota,Chordata,Mammalia,Artiodactyla,Bovidae,,,100,5,0,0,0,0,0,0,104,0,0,0,0,0,0,0,0,0,0,802,0,0
MiFishU,ESV_023378,CGCCGCGGTTATACGAGAGGCCCAAGTTGATGAACACCGGCGTAAAGTGTGGTTAAGTTAAAAATCGTACTAAAGCCAAACATCTTCAAGACTGTTATACGTAACCGAAGACAGGAAGTTCAACCACGAAAGTCGCTTTATCTGATCTGAATCCACGAAAGCTAAGGAA,Eukaryota,Chordata,Actinopteri,Perciformes,Cottidae,,,97.6,15,0,851,0,0,0,0,0,0,0,0,0,0,0,0,0,0,0,0,0,0
MiFishU,ESV_016474,CACCGCGGTTAAACGAGGGGCCCTAGTTGATAATACAACGGCGTAAAGGGTGGTTAAGGAACGCAAATAATAAAGCCGAATGGCCCTTTGGCTGTCATACGCTTCTAGGTGTCCGAAGCCCAATATACGAAAGTAGCTTTAGAAAAGCCCACCTGACACCACGAAAGCTGAGAAA,Eukaryota,Chordata,Actinopteri,Cypriniformes,Leuciscidae,Lavinia,Lavinia exilicauda,99.4,1,0,0,0,0,0,0,0,0,0,0,0,0,799,0,0,0,0,0,0,0
MiFishU,ESV_016097,CACCGCGGTTAAACGAGAGGCCCTAGTTGATAATACAACGGCGTAAAGGGTGGTTAAGGAACGCAAATAATAAAGCCGAATGGCCCTTTGGCTGTCATACGCTTCTAGGTGTCCGAAGCCCGATATACGAAAGTAGCTTTAGAAAAGCCCACCTGACACCACGAAAGCTGAGAAA,Eukaryota,Chordata,Actinopteri,Cypriniformes,Leuciscidae,Lavinia,Lavinia exilicauda,99.4,1,0,0,0,0,0,0,0,0,0,0,0,0,725,0,0,0,0,0,0,0
MiFishU,ESV_019372,CGCCGCGGTTACACGAAGGGGGTAAGAGTATTTTATTGGTTTGTAATTAGTTTTAAATATGGTTAGTAGAAAGGCTTTGTTAGGTGAAATTTTAAACCTTTAATTAACCAAACAGTAAATGAATGAAGTTATGAAGTTTAGAAAA,,,,,,,,,,649,0,0,0,62,0,0,0,0,0,0,0,0,0,0,0,0,0,0,0
MiFishU,ESV_016074,CGCCGCGGTTAAACGAGAGGCCCTAGTTGATAATACAACGGCGTAAAGGGTGGTTAAGGAACGCAAATAATAAAGCCGAATGGCCCTTTGGCTGTCATACGCTTCTAGGTGTCCGAAGCCCAATATACGAAAGTAGCTTTAGAAAAGCCCACCTGACACCACGAAAGCTGAGAAA,Eukaryota,Chordata,Actinopteri,Cypriniformes,Leuciscidae,Lavinia,Lavinia exilicauda,99.4,1,0,0,0,0,0,0,0,0,0,0,0,0,694,0,0,0,0,0,0,0
MiFishU,ESV_023370,CACCGCGGTTATACGAGAGGCCCTAGTTGATAATACAACGGCGTAAAGGGTGGTTAAGGAACGCAAATAATAAAGCCGAATGGCCCTTTGGCTGTCATACGCTTCTAGGTGTCCGAAGCCCAATATACGAAAGTAGCTTTAGAAAAGCCCACCTGACACCACGAAAGCTGAGAAA,Eukaryota,Chordata,Actinopteri,Cypriniformes,Leuciscidae,Lavinia,Lavinia exilicauda,99.4,1,0,0,0,0,0,0,0,0,0,0,0,0,625,0,0,0,0,0,0,0
MiFishU,ESV_014445,CGCCGCGGTTACACGAAGGGGACAAGAGAATTTTATTGGTTTGTAATTAGTTGGTTGGGGATTAGAGAATGAAATTTATTAGGTGGAATTTTAAATTTCTTTGTTAATCCAACTAAGGTTTGGCGAAGTTATGAAACTTAGGGAG,,,,,,,,,,0,0,0,0,210,0,0,411,0,0,0,0,0,0,0,0,0,0,0,0
MiFishU,ESV_010005,CACCGCGGTTATACGAGAGACCCTAGTTGATAACTACCGGCGTAAAGAGTGGTTATGGAAAAATATTTAATAAAGCCGAACACCCCCTCAGCCGTCATACGCACCTGGGAGCACGAAGACCTACTGCGAAAGCAGCTTTAACTATGCCTGACCCCACGACAGCTAAGAAA,Eukaryota,Chordata,Actinopteri,Salmoniformes,Salmonidae,Oncorhynchus,Oncorhynchus mykiss,100,1,0,398,0,0,71,0,0,0,0,0,0,0,0,0,0,0,145,0,0,0
MiFishU,ESV_015990,CACCGCGGTTAAACGAGAGGCCCTAGTTGATAATACAACGGCGTAAAGGGTGGTTAAGGAACGCAAATAATAAAGCCGAATGGCCCTTTAGCTGTCATACGCTTCTAGGTGTCCGAAGCCCAATATACGAAAGTAGCTTTAGAAAAGCCCACCTGACACCACGAAAGCTGAGAAA,Eukaryota,Chordata,Actinopteri,Cypriniformes,Leuciscidae,Lavinia,Lavinia exilicauda,99.4,1,0,0,0,0,0,0,0,0,0,0,0,0,0,0,0,531,0,0,0,0
MiFishU,ESV_024610,CGCCGCGGTTACACGAAGGGGGTGAGAGTATTTTATTGGTTTGTAATTAGTTTTAAGATAAGGTTAGAAGATAGGCTTTGTTAAGTGAAATTTTAAACCTTAAATTAACCTATAAGTATATGAATGAAGTTATGAAGTTTAGAAAA,,,,,,,,,,0,0,0,0,0,0,0,0,0,0,0,0,0,0,0,0,0,0,0,407
MiFishU,ESV_023379,CACCGCGGTTAAACGAGAGGCCCTAGTTGATAGTACAACGGCGTAAAGGGTGGTTAAGGAGAGTGAAACAATAAAGCCAAATGGGCCTTTGGCTGTCATACGCTTCTAGGAGTCCGAAGCCCAATATACGAAAGTAGCTTTAGAGCAGCCCACCTGACCCCACGAAAGCTGAGAAA,Eukaryota,Chordata,Actinopteri,Cypriniformes,Leuciscidae,Richardsonius,,98.9,2,0,405,0,0,0,0,0,0,0,0,0,0,0,0,0,0,0,0,0,0
MiFishU,ESV_012038,CACCGCGGTTATACGAGAGGCCCTAGTTGATAACTACCGGCGTAAAGAGTGGTTATGGAAAAATATTTAATAAAGCCGAACACCCCCTCAGCCGTCATACGCACCTGGGAGCACGAAGACCTACTGCAAAAGCAGCTTTAACTATGCCTGACCCCACGACAGCTAAGAAA,Eukaryota,Chordata,Actinopteri,Salmoniformes,Salmonidae,Oncorhynchus,Oncorhynchus mykiss,100,1,0,0,0,0,274,0,0,0,0,0,109,0,0,0,0,0,0,0,0,0
MiFishU,ESV_016058,CACCGCGGTTAAACGAGAGGCCCTAGTTGATAATACAACGGCGTAAAGGGTGGTTAAGGAACGCAAATAATAAAGCCGAATGGCCCTTTGGCTGTCATACGCTTCTAGGTGTCCGAAGCCCAATATACGAAAGTAGCTTTAGAAAGACCCACCTGACACCACGAAAGCTGAGAAA,Eukaryota,Chordata,Actinopteri,Cypriniformes,Leuciscidae,Lavinia,Lavinia exilicauda,98.9,1,0,0,0,0,0,0,0,0,0,377,0,0,0,0,0,0,0,0,0,0
MiFishU,ESV_023512,CGCCGCGGTTACACGAAGGGGGTAAGAGTATTTTATTGGTTTGTAATTAGTTTTAAATAGGGTTAGTAGAAAGGCTTTGTTAGGTGAAATTTTAAACCTTTAATTAACCAAGCAGTAAATGAATGAAGTTATGAAGTTTAGAAAA,,,,,,,,,,0,0,0,0,0,0,0,0,0,0,0,0,0,0,0,0,357,0,0,0
MiFishU,ESV_009594,CACCGCGGTTATACGAGAGGCCCAAGTTGATAAAATACGGCGTAAAGCGTGGTTAAAAGCCCCCACTAAACTAAGACTAAACCTTTCCAAAGCTGTTATACGCACCCGGAAATATGAAACTCAACTACGAAAGTGGCCTTAATTTCCCCTTGACCCCACGAAAGCTGCGAAA,Eukaryota,Chordata,Actinopteri,Cyprinodontiformes,Poeciliidae,Gambusia,Gambusia affinis,100,1,0,0,0,0,0,0,0,0,0,0,0,0,0,0,0,0,0,0,341,0
MiFishU,ESV_023371,CACCGCGGTTAAACGAGAGGCCCTAGTTGATAATACAACGGCGTAAAGGGTGGTTAAGGAACGCAAATAATAAAGCCGAATGGCCCTTTGGCTGTCATACGCTTCTAGGTGTCCGAAGCCCAATATACGAAAGTAGCTTTAGAAAAGCCCACCTGACACCACGAAAGCTAAGGAA,Eukaryota,Chordata,Actinopteri,Cypriniformes,Leuciscidae,Lavinia,Lavinia exilicauda,98.9,1,0,0,0,0,0,0,0,0,0,0,0,0,340,0,0,0,0,0,0,0
MiFishU,ESV_014819,CGCCGCGGTTACACGAAGGGGGTAAGAGTATTTTATTGGTTTGTAATTAGTTTTAAATATGGTTAGTAGAAAGGCTTTGTTAGGTGAAATTTTAAACTTTTAATTAACCAAGCAGTAAATGAATGAAGTTATGAAGTTTAGAAAA,,,,,,,,,,304,0,0,0,0,27,0,0,0,0,0,0,0,0,0,0,0,0,0,0
MiFishU,ESV_015214,CACCGCGGTTATACGAGAGGCCCTAGTTGATAAGCGCGGCGTAAAGGGTGGTTAAGGGAGTATATAAATAAAGCCGAAGGACCCTCTGGCCGTTATACGCTTCTAGGCGTCCGAAGCCCAAACACGAAAGTAGCTTTAATTTAGCCCACCTGACCCCACGAAAACTGAGGAA,Eukaryota,Chordata,Actinopteri,Cypriniformes,Catostomidae,Catostomus,Catostomus discobolus,98.8,1,0,328,0,0,0,0,0,0,0,0,0,0,0,0,0,0,0,0,0,0
MiFishU,ESV_023380,CGCCGCGGTTACACGAAGGGGGTAAGAGTATTTTATTGGTTTGTAATTAGTTTTAAATATGGTTAGTAGAAAGGCTTTGTTAGGTGAAATTTTAAACCTTTAATTAACCAGGTAGTAAATGAATGAAGTTATGAAGTTTAGAAAA,,,,,,,,,,0,319,0,0,0,0,0,0,0,0,0,0,0,0,0,0,0,0,0,0
MiFishU,ESV_014584,CGCCGCGGTTACACGAAAGGGGTGAGAGTATTTTATTGGTTTGTAATTAGTTTTAAAGGTGGTTAGAAGAAAGGCTTTGTTAGGTGAAATTTTAAACCTTTAGTTAATCAAGGTATAAGTGAATGAAGTTATGAAGTTTAGAAAA,,,,,,,,,,0,204,0,0,0,0,0,0,0,0,51,0,0,29,0,0,0,0,0,0
MiFishU,ESV_000003,CACCGCGGTCACACGATTAACCCAAGTCAATAGAAGCCGGCGTAAAGAGTGTTTTAGATCACCCCCTCCCCAATAAAGCTAAAACTCACCTGAGTTGTAAAAAACTCCAGTTGACACAAAATAGACTACGAAAGTGGCTTTAACATATCTGAACACACAATAGCTAAGACC,Eukaryota,Chordata,Mammalia,Primates,Hominidae,Homo,Homo sapiens,100,1,0,0,0,0,0,0,269,0,0,0,0,0,12,0,0,0,0,0,0,0
MiFishU,ESV_014473,CGCCGCGGTTACACGAAGGGGGTAAGAGTACTTTATTGGTTTGTAATTAGTTTATTGAAGATTAGAAAGTGAAATTTATTAGGTGGAATTTTAAATTTTTTGTTAATCAGGCTAAAGTTTGGCGAAGTTATGAAACTTAGGAAG,,,,,,,,,,0,0,0,0,278,0,0,0,0,0,0,0,0,0,0,0,0,0,0,0
MiFishU,ESV_022355,CACCGCGGTTATACGAGAGGCCCAAGTTGACAAACACCGGCGTAAAGCGTGGTTAAGTTAAAAATCGTACTAAAGCCAAACATCTTCAAGACTGTTATACGTAACCGAAGACAGGAAGTTCAACCACGAAAGTCGCTTTATCTGATCTGAATCCACGAAAGCTGAGAAA,Eukaryota,Chordata,Actinopteri,Perciformes,Cottidae,,,98.8,15,0,0,0,0,0,0,0,0,0,0,0,0,265,0,0,0,0,0,0,0
MiFishU,ESV_019346,CACCGCGGTTATACGAGAGGCCCAAGTTGACAAACACCGGCGTAAAGCGTGGTTAAGTTAAAAATCATACTAAAGCCAAACATCTTCAAGACTGTTATACGTAACCGAAGGCAAGAAGCTCAACCACGAAAGTCGCTTTATCTGATCTGAATCCACGAAAGCTAAGGAA,Eukaryota,Chordata,Actinopteri,Perciformes,Cottidae,,,98.8,6,0,0,0,0,0,0,0,0,0,263,0,0,0,0,0,0,0,0,0,0
MiFishU,ESV_019356,CGCCGCGGTTACACGAAGGGGGTGAGAGTATTTTATTGGTTTGTAATTAGTTTTAAATATGGTTAGTAGAAAGGCTTTGTTAGGTGAAATTTTAAACCTTCAATTAACCAAGCAGTAAATGAATGAAGTTATGAAGTTTAGAAAA,,,,,,,,,,0,0,0,0,0,0,0,0,0,0,0,0,0,256,0,0,0,0,0,0
MiFishU,ESV_000067,CACCGCGGTCATACAAGAGACCCAAATCAACTGTCCTACAAGCGGCGTAAAGAGTGGTAAGATGCCTATCCTACCTAACTAAGATCAAAATGCAACTAAGCTGTCGCAAGCACAAGATGCACCTAAACACACCATCAAGATGATCTTAGAAACTAGCGATTAATTTGAACCCACGAAAGCCAGGGCC,Eukaryota,Chordata,Aves,Anseriformes,Anatidae,,,100,4,125,0,0,0,0,0,0,0,0,50,72,0,0,0,0,0,0,0,0,0
MiFishU,ESV_010681,CACCGCGGTTAAACGAGAGGCTCAAGTTGATAGCCTTCGGCGTAAAGCGTGGTTAAGGAAAAGTAAAACTAAAGTCGAATTTTCTCATGGCTGTTATACGCACCCGAGAACATGAAGCCCAAATACGAAAGTAGCTTTAAATACCCTGACCCCACGAAAGCTGTGGAA,Eukaryota,Chordata,Actinopteri,Cyprinodontiformes,Fundulidae,Fundulus,Fundulus zebrinus,96.4,1,0,0,0,0,0,0,0,0,244,0,0,0,0,0,0,0,0,0,0,0
MiFishU,ESV_015015,CGCCGCGGTTATACGAAGGGGGTAAGAGTATTTTATTGGTTTGTAATTAGTTTTAAATATGGTTAGTAGAAAGGCTTTGTTAGGTGAAATTTTAAACCTTTAATTAACCAAGCAGTAAATGAATGAAGTTATGAAGTTTAGAAAA,,,,,,,,,,0,0,0,0,0,0,175,0,0,0,0,54,0,0,0,0,0,0,0,0
MiFishU,ESV_019373,CACCGCGGTTATACGAGAGGCCCTAGTTGATAACTACCGGCGTAAAGAGTGGTTATGGAAAAATATTTAATAAAGCCGAACACCCCCTCAGCCGTCATACGCACCTGGGAGCACGAAGACCTACTGCGAAAGCAGCTTTAACTATGCCTGACCCCACGACAGGTAAGAAA,Eukaryota,Chordata,Actinopteri,Salmoniformes,Salmonidae,Oncorhynchus,,99.4,4,225,0,0,0,0,0,0,0,0,0,0,0,0,0,0,0,0,0,0,0
MiFishU,ESV_000070,CACCGCGGTTAAACGAGAGGCCCTAGTTGATAATACAACGGCGTAAAGGGTGGTTAAGGAACGCAAATAATAAAGCCGAATGGCCCTTTGGCTGTCATACGCTTCTAGGTGTCCGAAGCCCAATATACGAAAGTAGCTTTAGAAAGGCCCACCTGACACCACGAAAGCTGAGAAA,Eukaryota,Chordata,Actinopteri,Cypriniformes,Leuciscidae,Lavinia,Lavinia exilicauda,99.4,1,0,0,0,0,0,0,0,0,0,222,0,0,0,0,0,0,0,0,0,0
MiFishU,ESV_016380,CACCGCGGTTAAACGAGAGGCCCTAGTTGATAGTACGACGGCGTAAAGGGTGGTTAAGGAAAGCAAACAATAAAGCCGAATGGCCCTTTGGCTGTCATACGCTTCTAGGTGTCCGAAGCCCAATATACGAAAGTAGCTTTAGAAAAGCCCACCTGACACCACGAAAGCTGAGGAA,Eukaryota,Chordata,Actinopteri,Cypriniformes,Leuciscidae,,,98.3,9,0,0,0,0,0,0,0,0,0,208,0,0,0,0,0,0,0,0,0,0
MiFishU,ESV_023381,CGCCGCGGTTATACGAAGGGAGTAAGAGTATTTTATTGGTTTGTAATTAGTTTTAAATATGGTTAGTAGAAAGGCTTTGTTAGGTGAAATTTTAAACCTTTAATTAACCAAGCAGTAAATGAATGAAGTTATGAAGTTTAGAAAA,,,,,,,,,,0,203,0,0,0,0,0,0,0,0,0,0,0,0,0,0,0,0,0,0
MiFishU,ESV_019365,CGCCGCGGTTACACGAAGGGGGTAAGAGTATTTTATTGGTTTGTAATTAGTTTTAAATATGGTTAGTAGAAAGGTTTTGTTAGGTGAAATTTTAAACCTTTAATTAACCAAGCAGTAAATGAATGAAGTTATGAAGTTTAGAAAA,,,,,,,,,,0,0,0,11,0,63,0,0,0,0,0,0,0,0,0,0,125,0,0,0
MiFishU,ESV_014538,CACCGCGGTTACACGAAGGGGACAAGAGAATTTTATTGGTTTGTAATTAGTTGGTTGGGGATTAGAGAATGAAATTTATTAGGTGGAATTTTAAATTTCTTTGTTAATCCAACTAAAGTTTGGCGAAGTTATGAAACTTAGGGAG,,,,,,,,,,0,36,0,0,38,0,0,109,0,0,0,0,0,0,0,0,0,0,0,0
MiFishU,ESV_019509,CGCCGCGGTTACACGAAGGGGGTAAGAGTATTTTATTGGTTTGTAATTAGTTTTAAATATGGTTAGTAGAAAGGCTTTGTTAGGTGAAATTTTAAACCTTCAATTAACCAAGCAGTAAATGAATGAAGTTATGAAGTTTAGAAAA,,,,,,,,,,0,0,0,0,0,0,173,0,0,0,0,0,0,0,0,0,0,0,0,0
MiFishU,ESV_014876,CGCCGCGGTTACACGAAGGGGACAAGAGAATTTTATTGGTTTGTAATTAGTTGGTTGGGGATTAGAGAATGAAATTTATTAGGTGGAATTTTAAATTTCTTGGTTAATCCAACTAAGGTTTGGCGAAGTTATGAAACTTAGGGAG,,,,,,,,,,0,0,0,0,52,0,0,108,0,0,0,0,0,0,0,0,0,0,0,0
MiFishU,ESV_012013,CACCGCGGTTATACGAGAGGCCCTAGTTGATAACTACCGGCGTAAAGAGTGGTTATGGAAAAATATTTAATAAAGCCGAACACCCCCTCAGCCGTCATACGCACCTGGGAGCACGAAGGCCTACTGCGAAAGCAGCTTTAACTATGCCTGACCCCACGACAGCTAAGAAA,Eukaryota,Chordata,Actinopteri,Salmoniformes,Salmonidae,Oncorhynchus,,99.4,4,156,0,0,0,0,0,0,0,0,0,0,0,0,0,0,0,0,0,0,0
MiFishU,ESV_019395,CGCCGCGGTTACACGAAGGGGACAAGAGAATTTTATTGGTTTGTAATTAGTTGGTCGGGGATTAGAGAATGAAATTTATTAGGTGGAATTTTAAATTTCTTTGTTAATCCAACTAAAGTTTGGCGAAGTTATGAAACTTAGGGAG,,,,,,,,,,0,0,0,0,0,0,0,139,0,0,0,0,0,0,0,0,0,0,0,0
MiFishU,ESV_019374,CACCGCGGTTATACGAGAGGCCCTAGTTGATAACTACCGGCGTAAAGAGTGGTTATGGAAAAATATTTAATAAAGCCGAACGCCCCCTCAGCCGTCATACGCACCTGGGAGCACGAAGACCTACTGCGAAAGCAGCTTTAACTATGCCTGACCCCACGACAGCTAAGAAA,Eukaryota,Chordata,Actinopteri,Salmoniformes,Salmonidae,Oncorhynchus,,99.4,4,138,0,0,0,0,0,0,0,0,0,0,0,0,0,0,0,0,0,0,0
MiFishU,ESV_008869,CACCGCGGTTATACGAGAGACCCTAGTTGATAACTACCGGCGTAAAGAGTGGTTACGGAAAAATATTCAATAAGGCCGAACACCCCCTCAGCCGTCATACGCACCTGGGGGCACGAAGATCTACTGCGAAAGCAGCTTTAATTATGCCTGAACCCACGACAGCTACGACA,Eukaryota,Chordata,Actinopteri,Salmoniformes,Salmonidae,Salmo,,99.4,4,0,0,0,0,0,0,0,0,0,0,0,0,0,0,0,0,0,137,0,0
MiFishU,ESV_010117,CACCGCGGTTATACGAGAGGCCCTAGTTGATAACTACCGGCGTAAAGAGTGGTTATGGAAAAATATTTAATAAAGCCGAACACCCCCTCAGCCGTCATACGCACCTGGGGGCACGAAGATCTACTGCGAAAGCAGCTTTAATTATGCCTGAACCCACGACAGCTACGACA,Eukaryota,Chordata,Actinopteri,Salmoniformes,Salmonidae,,,98.2,8,0,27,0,0,84,10,0,14,0,0,0,0,0,0,0,0,0,0,0,0
MiFishU,ESV_016021,CACCGCGGTTAAACGAGAGGCCCTAGTTGATAATACAACGGCGTAAAGGGTGGTTAAGGAACGCAAATAATAAAGCCAAATGGCCCTTTGGCTGTCATACGCTTCTAGGTGTCCGAAGCCCAATATACGAAAGTAGCTTTAGAAAAGCCCACCTGACACCACGAAAGCTGAGAAA,Eukaryota,Chordata,Actinopteri,Cypriniformes,Leuciscidae,,,99.4,2,0,0,0,0,0,0,0,0,0,0,0,0,0,0,0,135,0,0,0,0
MiFishU,ESV_023382,CACCGCGGTTAAACGAGAGGCCCTAGTTGATAGTACAACGGCGTAAAGGGTGGTTAAGGAGAGTGAAACAATAAAGCCAAATGGCCCTTTGGCTGTCATACGCTTCTAGGAGTCCGAAGCCCAATATACGAAAGTAGCTTTAGAGCAGCCCACCTGACCCCACGAAAGCTAAGGAA,Eukaryota,Chordata,Actinopteri,Cypriniformes,Leuciscidae,Richardsonius,,98.3,2,0,131,0,0,0,0,0,0,0,0,0,0,0,0,0,0,0,0,0,0
MiFishU,ESV_019510,CGCCGCGGTTACACGAAGGGGGTAAGAGTATTTTATTGGTTTGTAATTAGTTTTAAATATGGTTAGTAGAAAGGCTTTGTTAGGTGAAATTTTAAACCTTTAATTAACCAAGCAGTAAATGAAAGACGTTATGAAGTTTAGAAAA,,,,,,,,,,0,0,0,0,0,0,128,0,0,0,0,0,0,0,0,0,0,0,0,0
MiFishU,ESV_016048,CACCGCGGTTAAACGAGAGGCCCTAGTTGATAGTACAACGGCGTAAAGGGTGGTTAAGGAACGCAGATAATAAAGCCGAATGGCCCTTTGGCTGTCATACGCTTCTAGGTGTCCGAAGCCCAATATACGAAAGTAGCTTTAGAAAAGCCCACCTGACACCACGAAAGCTGAGGAA,Eukaryota,Chordata,Actinopteri,Cypriniformes,Leuciscidae,,,98.3,3,0,0,0,0,0,0,0,0,0,31,0,0,0,0,0,96,0,0,0,0
MiFishU,ESV_023383,CACCGCGGTTATACGAGAGGCCCAAGTTGATGAACACCGGCGTAAAGTGTGGTTAAGTTAAAAATCGTACTAAAGCCAGACATCTTCAAGACTGTTATACGTAACCGAAGACAGGAAGTTTAACCACGAAAGTCGCTTTATCTGATCTGAATCCACGAAAGCTAAGGAA,Eukaryota,Chordata,Actinopteri,Perciformes,Cottidae,,,97,15,0,126,0,0,0,0,0,0,0,0,0,0,0,0,0,0,0,0,0,0
MiFishU,ESV_010055,CACCGCGGTTATACGAGAGGCCCTAGTTGATAAATACCGGCGTAAAGAGTGGTTACGAAAAAATGTTTAATAAAGCCGAACACCCCCTCAGCCGTCATACGCACCTGGGAGCACGAAGACCTACTGCGAAAGCAGCTTTAACTATGCCTGACCCCACGACAGCTAAGAAA,Eukaryota,Chordata,Actinopteri,Salmoniformes,Salmonidae,Oncorhynchus,,97.6,4,0,119,0,0,0,0,0,0,0,0,0,0,0,0,0,0,0,0,0,0
MiFishU,ESV_010078,CACCGCGGTTATACGAGAGACCCTAGTTGATAACTACCGGCGTAAAGAGTGGTTACGGAAAAATATTCAATAAAGCCGAACACCCCCTCAGCCGTCATACGCACCTGGGAGCACGAAGACCTACTGCGAAAGCAGCTTTAACTATGCCTGACCCCACGACAGCTAAGAAA,Eukaryota,Chordata,Actinopteri,Salmoniformes,Salmonidae,Oncorhynchus,,98.8,2,0,50,0,0,68,0,0,0,0,0,0,0,0,0,0,0,0,0,0,0
MiFishU,ESV_010298,CACCGCGGTTATACGAGAGGCCCTAGTTGATAACTACCGGCGTAAAGAGTGGTTATGGAAAAATATTCAATAAAGCCGAACACCCCCTCAGCCGTCATACGCACCTGGGGGCACGAAGATCTACTGCGAAAGCAGCTTTAATTATGCCTGAACCCACGACAGCTACGACA,Eukaryota,Chordata,Actinopteri,Salmoniformes,Salmonidae,Salmo,,98.8,5,0,19,0,0,88,0,0,8,0,0,0,0,0,0,0,0,0,0,0,0
MiFishU,ESV_019375,CGCCGCGGTTACACGAAGGGGGTAAGAGTATTTTATTGGTTTGTAATTAGTTTTAAATATGGTTAGTATAAAGGCTTTGTTAGGTGAAATTTTAAACCTTTAATTAACCAAGCAGTAAATGAATGAAGTTATGAAGTTTAGAAAA,,,,,,,,,,113,0,0,0,0,0,0,0,0,0,0,0,0,0,0,0,0,0,0,0
MiFishU,ESV_011680,CGCCGCGGTTATACGAAGGGAGTAAGAGTATTTTATTGGTTTGTAATTAATTTTATAAAAGGATTAGAAGGGAATATTTGTTAGGTGAAATTTTAAACTTTAAGTTAATCCGGTGTTAAGTGAATGAAGTTATGAAATTTAGATAA,,,,,,,,,,0,87,0,0,25,0,0,0,0,0,0,0,0,0,0,0,0,0,0,0
MiFishU,ESV_010080,CACCGCGGTTATACGAGAGGCCCTAGTTGATAACTACCGGCGTAAAGAGTGGTTATGGAAAAATATTTAATAAAGCCGAACACCCCCTCAGCCGTCATACGCACCTGGAGGCACGAAGACCTACTGCGAAAGCAGCTTTAATTATACCCGAATCCACGACAGCTACGACA,Eukaryota,Chordata,Actinopteri,Salmoniformes,Salmonidae,,,98.8,3,0,109,0,0,0,0,0,0,0,0,0,0,0,0,0,0,0,0,0,0
MiFishU,ESV_016465,CACCGCGGTTAAACGAGAGGCCCTAGTTGATAGTACAACGGCGTAAAGGGTGGTTAAGGAACGCAAATAATAAAGCCGAATGGCCCTTTGGCTGTCATACGCTTCTAGGTGTCCGAAGCCCAATATACGAAAGTAGCTTTAGAAAGACCCACCTGACACCACGAAAGCTGAGAAA,Eukaryota,Chordata,Actinopteri,Cypriniformes,Leuciscidae,,,98.3,3,0,0,0,0,0,0,0,0,0,109,0,0,0,0,0,0,0,0,0,0
MiFishU,ESV_023384,CACCGCGGTTATACGAGAGGCCCAAGTTGATGAACACCGGCGTAAAGTGTGGTTAAGTTAAAAATCGTACTAAAGCCAAACATCTTCAAGACTGTTATACGTAACCGAAGACAGGAAGTTCAACCACGAAAGTCGCTTTATCTGATCTGAATCCACGAAAGCTGAGAAA,Eukaryota,Chordata,Actinopteri,Perciformes,Cottidae,,,97,15,0,97,0,0,0,0,0,0,0,0,0,0,0,0,0,0,0,0,0,0
MiFishU,ESV_018911,CACCGCGGTCACACGATTAACCCAAGTCAATAGAAGCCGGCGTAAAGAGTGTTTTAGATCACCCCCTCCCCAATAAAGCTAAAACTCGCCTGAGTTGTAAAAAACTCCAGTTGACACAAAATAGACTACGAAAGTGGCTTTAACATATCTGAACACACAATAGCTAAGACC,Eukaryota,Chordata,Mammalia,Primates,Hominidae,Homo,Homo sapiens,100,1,0,0,0,0,0,0,97,0,0,0,0,0,0,0,0,0,0,0,0,0
MiFishU,ESV_024618,CGCCGCGGTTACACGAAGGGGGTAAGAGTATTTTATTGGTTTGTAATTAGTTTTAAATATGGTTAGTAGAAAGGCTTTGTTAGGTGAAATTTTAAACCCTTAATTAACCAAGCAGTAAATGAATGAAGTTATGAAGTTTAGAAAA,,,,,,,,,,0,0,0,0,0,0,0,0,0,0,0,0,0,0,0,0,97,0,0,0
MiFishU,ESV_023385,CGCCGCGGTTACACGAAGGGGGTAAGAGTATTTTATTGGTTTGTAATTAGTTTTAAATATGGTTAGTAGAAAGGCTTTGTTAGGTGAAATTTTAGACCTTTAATTAACCAAGCAGTGAATGAATGAAGTTATGAAGTTTAGAAAA,,,,,,,,,,0,93,0,0,0,0,0,0,0,0,0,0,0,0,0,0,0,0,0,0
MiFishU,ESV_024634,CACCGCGGTTATACGAGAGGCCCTAGTTGATAAATACCGGCGTAAAGAGTGGTTACGAAAAAATGTTTAATAAAGCCGAACACCCCCTCAGCCGTCATACGGACCTGGAGGCACGAAGACCTACTGCGAAAGCAGCTTTAATTATACCCGAATCCACGACAGCTACGACA,Eukaryota,Chordata,Actinopteri,Salmoniformes,Salmonidae,Salvelinus,,99.4,3,0,0,92,0,0,0,0,0,0,0,0,0,0,0,0,0,0,0,0,0
MiFishU,ESV_023386,CGCCGCGGTTACACGAGAGGCCCAAGTTGATGAACACCGGCGTAAAGTGTGGTTAAGTTAAAAATCGTACTAAAGCCAAACATCTTCAAGACTGTTATACGTAACCGAAGACAGGAAGTTCAACCACGAAAGTCGCTTTATCTGATCTGAATCCACGAAAGCTAAGGAA,Eukaryota,Chordata,Actinopteri,Perciformes,Cottidae,,,97,15,0,90,0,0,0,0,0,0,0,0,0,0,0,0,0,0,0,0,0,0
MiFishU,ESV_016227,CACCGCGGTTACACGAAGGGGGTAAGAGTATTTTATTGGTTTGTAATTAGTTTTAAATATGGTTAGTAGAAAGGCTTTGTTAGGTGAAATTTTAAACCTTTAATTAACCAAGCAGTAAATGAATGAAGTTATGAAGTTTAGAAAA,,,,,,,,,,0,0,0,0,0,38,0,0,50,0,0,0,0,0,0,0,0,0,0,0
MiFishU,ESV_024628,CACCGCGGTTATACGAGAGGCCCTAGTTGATAACTACCGGCGTAAAGAGTGGTTATGGAAAAATATTTAGTAAAGCCGAACACCCCCTCAGCCGTCATACGCACCTGGGAGCACGAAGACCTACTGCGAAAGCAGCTTTAACTATGCCTGACCCCACGACAGCTAAGAAA,Eukaryota,Chordata,Actinopteri,Salmoniformes,Salmonidae,Oncorhynchus,,99.4,4,0,0,0,0,0,0,0,0,88,0,0,0,0,0,0,0,0,0,0,0
MiFishU,ESV_023387,CACCGCGGTTATACGAAGGGGGTAAGAGTATTTTATTGGTTTGTAATTAGTTTTAAATATGGTTAGTAGAAAGGCTTTGTTAGGTGAAATTTTAAACCTTTAATTAACCAAGCAGTAAATGAATGAAGTTATGAAGTTTAGAAAA,,,,,,,,,,0,75,0,0,0,0,0,0,0,0,0,0,0,0,0,0,9,0,0,0
MiFishU,ESV_016298,CACCGCGGTTAAACGAGAGGCCCTAGTTGATAATACAACGGCGTAAAGGGTGGTTAAGGAACGCAAATAATAAAGCCGAATGGCCCTTTAGCTGTCATACGCTTCTAGGTGTCCGAAGCCCAATATACGAAAGTAGCTTTAGAAAAGCCCACCTGACACCACGAAAGCTGAGGAA,Eukaryota,Chordata,Actinopteri,Cypriniformes,Leuciscidae,Lavinia,Lavinia exilicauda,98.9,1,0,0,0,0,0,0,0,0,0,0,0,0,0,0,0,83,0,0,0,0
MiFishU,ESV_012021,CACCGCGGTTATACGAGAGACCCTAGTTGATAACTACCGGCGTAAAGAGTGGTTACGGAAAAATATTTAATAAAGCCGAACACCCCCTCAGCCGTCATACGCACCTGGGAGCACGAAGACCTACTGCGAAAGCAGCTTTAACTATGCCTGACCCCACGACAGCTAAGAAA,Eukaryota,Chordata,Actinopteri,Salmoniformes,Salmonidae,Oncorhynchus,,99.4,2,0,28,0,0,51,0,0,0,0,0,0,0,0,0,0,0,0,0,0,0
MiFishU,ESV_016055,CACCGCGGTTAAACGAGAGGCCCTAGTTGATAGTACAACGGCGTAAAGGGTGGTTAAGGAACGCAGATAATAAAGCCGAATGGCCCTTTGGCTGTCATACGCTTCTAGGTGTCCGAAGCCCAATATACGAAAGTAGCTTTAGAAAAGCCCACCTGACACCACGAAAGCTGAGAAA,Eukaryota,Chordata,Actinopteri,Cypriniformes,Leuciscidae,,,98.9,3,0,0,0,0,0,0,0,0,0,9,0,0,0,0,0,65,0,0,0,0
MiFishU,ESV_010317,CACCGCGGTTATACGAGAGACCCTAGTTGATAACTACCGGCGTAAAGAGTGGTTACGGAAAAATATTCAATAAAGCCGAACACCCCCTCAGCCGTCATACGCACCTGGGGGCACGAAGATCTACTGCGAAAGCAGCTTTAACTATGCCTGACCCCACGACAGCTAAGAAA,Eukaryota,Chordata,Actinopteri,Salmoniformes,Salmonidae,Salmo,,98.2,3,0,23,0,0,50,0,0,0,0,0,0,0,0,0,0,0,0,0,0,0
MiFishU,ESV_010166,CACCGCGGTTATACGAGAGGCCCTAGTTGATAACTACCGGCGTAAAGAGTGGTTACGGAAAAATATTCAATAAAGCCGAACACCCCCTCAGCCGTCATACGCACCTGGGGGCACGAAGATCTACTGCGAAAGCAGCTTTAATTATGCCTGAACCCACGACAGCTACGACA,Eukaryota,Chordata,Actinopteri,Salmoniformes,Salmonidae,Salmo,,99.4,5,0,17,0,0,56,0,0,0,0,0,0,0,0,0,0,0,0,0,0,0
MiFishU,ESV_016056,CACCGCGGTTAAACGAGAGGCCCTAGTTGATAATACAACGGCGTAAAGGGTGGTTAAGGAACGCAAATAATAAAGCCGAATGGCCCTTTGGCTGTCATACGCTTCTAGGTGTCCGAAGCCCAATATACGAAAGTAGCTTTAGAAAAACCCACCTGACACCACGAAAGCTGAGAAA,Eukaryota,Chordata,Actinopteri,Cypriniformes,Leuciscidae,Lavinia,Lavinia exilicauda,99.4,1,0,0,0,0,0,0,0,0,0,70,0,0,0,0,0,0,0,0,0,0
MiFishU,ESV_019394,CACCGCGGTTATACGAGAGGCCCTAGTTGATAACTACCGGCGTAAAGAGTGGTTATGGAAAAATATTTAATAAAGCCGAACACCCCCTCAGCCGTCATACGCACCTGGGAGCATGAAGACCTACTGCGAAAGCAGCTTTAACTATGCCTGACCCCACGACAGCTAAGAAA,Eukaryota,Chordata,Actinopteri,Salmoniformes,Salmonidae,Oncorhynchus,,99.4,4,0,0,0,0,0,0,0,0,0,0,0,69,0,0,0,0,0,0,0,0
MiFishU,ESV_016069,CACCGCGGTTAAACGAGAGGCCCTAGTTGATAGTACGACGGCGTAAAGGGTGGTTAAGGAACGCAAATAATAAAGCCGAATGGCCCTTTGGCTGTCATACGCTTCTAGGTGTCCGAAGCCCAATATACGAAAGTAGCTTTAGAAAAGCCCACCTGACACCACGAAAGCTGAGAAA,Eukaryota,Chordata,Actinopteri,Cypriniformes,Leuciscidae,,,98.9,3,0,0,0,0,0,0,0,0,0,0,0,0,66,0,0,0,0,0,0,0
MiFishU,ESV_024616,CACCGCGGTTATACGAGAGACCCTAGTTGATAACTACCGGCGTAAAGAGTGGTTACGGAAAAATATTCAATAAAGCCGAACACCCCCTCAGCCGTCATACGCACCTGGGGGCACGAAGATCTACTGCGAAAGCAGCTTTAATTATGCCTGAACCCACGACTGCTACGACA,Eukaryota,Chordata,Actinopteri,Salmoniformes,Salmonidae,Salmo,,99.4,4,0,0,0,0,0,0,0,0,0,0,0,0,0,0,0,0,0,66,0,0
MiFishU,ESV_016272,CACCGCGGTTAAACGAGAGGCCCTAGTTGATAGTACAACGGCGTAAAGGGTGGTTAAGGAACGCAAATAATAAAGCCGAATGGCCCTTTAGCTGTCATACGCTTCTAGGTGTCCGAAGCCCAATATACGAAAGTAGCTTTAGAAAAGCCCACCTGACACCACGAAAGCTGAGAAA,Eukaryota,Chordata,Actinopteri,Cypriniformes,Leuciscidae,,,98.9,3,0,0,0,0,0,0,0,0,0,0,0,0,0,0,0,66,0,0,0,0
MiFishU,ESV_023389,CACCGCGGTTAAACGAGAGGCCCTAGTTGATAGTACAACGGCGTAAAGGGTGGTTAAGGAGAGTGAAACAATAAAGCCAAATGGCCCTTTGGCTGTCATACGCTTCTAGGAGTCCGAAGCCCAATATACGAAAGTAGCTTTAGAGCAGCCCACCTGACCCCACGACAGCTAAGAAA,Eukaryota,Chordata,Actinopteri,Cypriniformes,Leuciscidae,Richardsonius,,98.3,2,0,64,0,0,0,0,0,0,0,0,0,0,0,0,0,0,0,0,0,0
MiFishU,ESV_023388,CGCCGCGGTTACACGAAGGGGACAAGAGAATTTTATTGGTTTGTAATTAGTTGGTTGGGGATTAGAGAATGGAATTTATTAGGTGGAATTTTAAATTTCTTTGTTAATCCAACTAAAGTTTGGCGAAGTTATGAAACTTAGGGAG,,,,,,,,,,0,64,0,0,0,0,0,0,0,0,0,0,0,0,0,0,0,0,0,0
MiFishU,ESV_016173,CACCGCGGTTAAACGAGAGGCCCTAGTTGATAGTACAACGGCGTAAAGGGTGGTTAAGGAACGCAAATAATAAAGCCGAATGGCCCTTTGGCTGTCATACGCTTCTAGGTGTCCGAAGCCCAATATACGAAAGTAGCTTTAGAAAGGCCCACCTGACACCACGAAAGCTGAGAAA,Eukaryota,Chordata,Actinopteri,Cypriniformes,Leuciscidae,,,98.9,3,0,0,0,0,0,0,0,0,0,63,0,0,0,0,0,0,0,0,0,0
MiFishU,ESV_016143,CACCGCGGTTAAACGAGAGGCCCTAGTTGATAATACAACGGCGTAAAGGGTGGTTAAGGAACGCAAATAATAAAGCCAAATGGCCCTTTGGCTGTCATACGCTTCTAGGTGCCCGAAGCCCAATATACGAAAGTAGCTTTAGAAAAGCCCACCTGACACCACGAAAGCTGAGAAA,Eukaryota,Chordata,Actinopteri,Cypriniformes,Leuciscidae,,,98.9,3,0,0,0,0,0,0,0,0,0,0,0,0,0,0,0,62,0,0,0,0
MiFishU,ESV_014523,CGCCGCGGTTACACGAAGGGGGTAAGAGTACTTTATTGGTTTGTAATTAGTTTATTGAAGATTAGAAAGTGAAATTTATTAGGTGGAATTTTAAATTTTTTTGTTAATCAGGCTAAAGTTTGGCGAAGTTATGAAACTTAGGAAG,,,,,,,,,,0,0,0,53,0,0,8,0,0,0,0,0,0,0,0,0,0,0,0,0
MiFishU,ESV_019347,CACCGCGGTTATACGAGAGGCCCAAGTTGACGAACACCGGCGTAAAGCGTGGTTAAGTTAAAAATCATACTAAAGCCAAACATCTTCAAGACTGTTATACGTAACCGAAGACAGGAAGTTCAACCACGAAAGTCGCTTTATCTGATCTGAATCCACGAAAGCTAAGGAA,Eukaryota,Chordata,Actinopteri,Perciformes,Cottidae,,,99.4,16,0,0,0,0,0,0,0,0,0,61,0,0,0,0,0,0,0,0,0,0
MiFishU,ESV_023372,CACCGCGGTTATACGAGAGGCCCTAGTTGATAGTACAACGGCGTAAAGGGTGGTTAAGGAACGCAAATAATAAAGCCGAATGGCCCTTTGGCTGTCATACGCTTCTAGGTGTCCGAAGCCCAATATACGAAAGTAGCTTTAGAAAAGCCCACCTGACACCACGAAAGCTGAGAAA,Eukaryota,Chordata,Actinopteri,Cypriniformes,Leuciscidae,,,98.9,3,0,0,0,0,0,0,0,0,0,0,0,0,61,0,0,0,0,0,0,0
MiFishU,ESV_014494,CACCGCGGTTATACGAGAGGCCCTAGTTGATAACTACCGGCGTAAAGAGTGGTTATGGAAAAATATTTAATAAAGCCGAACACCCCCTCAGCCGTCATACGCACCTGGGAGCACGAAGACCTACTGCGAAAGCAGCTTTAATTATGCCTGAACCCACGACAGCTACGACA,Eukaryota,Chordata,Actinopteri,Salmoniformes,Salmonidae,,,98.2,6,0,22,0,0,38,0,0,0,0,0,0,0,0,0,0,0,0,0,0,0
MiFishU,ESV_019387,CGCCGCGGTTACACGAAGGGGGTAAGAGTATTTTATTGGTTTGTAATTAGTTTTAAATATGGTTAGTAGAAAGGTTTTGTTAGGTGAAATTTTAAACCTTTAATTAACCAAACAGTAAATGAATGAAGTTATGAAGTTTAGAAAA,,,,,,,,,,0,0,0,0,57,0,0,0,0,0,0,0,0,0,0,0,0,0,0,0
MiFishU,ESV_023390,CACCGCGGTTATACGAGAGGCCCTAGTTGATTACTACCGGCGTAAAGAGTGGTTATGGAAAAATATTTAATAAAGCCGAACACCCCCTCAGCCGTCATACGCACCTGGGAGCACGAAAACCTACTGCGAAAGCAGCTTTAACTATGCCTGACCCCACGACAGCTAAGAAA,Eukaryota,Chordata,Actinopteri,Salmoniformes,Salmonidae,Oncorhynchus,,98.8,4,0,56,0,0,0,0,0,0,0,0,0,0,0,0,0,0,0,0,0,0
MiFishU,ESV_014590,CACCGCGGTTATACGAGAGGCCCTAGTTGATAAATACCGGCGTAAAGAGTGGTTACGAAAAAATGTTTAATAAAGCCGAACACCCCCTCAGCCGTCATACGCACCTGGAGGCACGAAGACCTACTGCGAAAGCAGCTTTAACTATGCCTGACCCCACGACAGCTAAGAAA,Eukaryota,Chordata,Actinopteri,Salmoniformes,Salmonidae,,,96.5,8,0,55,0,0,0,0,0,0,0,0,0,0,0,0,0,0,0,0,0,0
MiFishU,ESV_023391,CACCGCGGTTATACGAAGGGGGTGAGAGTATTTTATTGGTTTGTAATTAGTTTTAAATATGGTTAGTAGAAAGGCTTTGTTAGGTGAAATTTTAAACCTTTAATTAACCAAGCAGTAAATGAATGAAGTTATGAAGTTTAGAAAA,,,,,,,,,,0,55,0,0,0,0,0,0,0,0,0,0,0,0,0,0,0,0,0,0
MiFishU,ESV_024611,CGCCGCGGTTACACGAAGGAGGTGAGAGTATTTTATTGGTTTGTAATTAGTTTTAAGATAAGGTTAGAAGATAGGCTTTGTTAGGTGAAATTTTAAACCTTAAATTAACCTATAAGTATATGAATGAAGTTATGAAGTTTAGAAAA,,,,,,,,,,0,0,0,0,0,0,0,0,0,0,0,0,0,0,0,0,0,0,0,54
MiFishU,ESV_019512,CGCCGCGGTTACACGAAGGGGGTAAGAGTACTTTATTGGTTTGTAATTAGTTTATTGGAGATTAGAAAGTGAAATTTATTAGGTGGAATTTTAAATTTTTTGTTAATCAGGCTAAAGTTTGGCGAAGTTATGAAACTTAGGAAG,,,,,,,,,,0,0,0,22,0,0,30,0,0,0,0,0,0,0,0,0,0,0,0,0
MiFishU,ESV_019357,CGCCGCGGTTACACGAAGGGGGTGAGAGTATTTTATTGGTTTGTAATTAGTTTTAAATATGGTTAGTAGAAAGGCTTTGTTAGGTGAAATTTTAAACCTTTAATTAACCAAGCAGTAAGTGAATGAAGTTATGAAGTTTAGAAAA,,,,,,,,,,0,0,0,0,0,0,0,0,0,0,0,0,0,52,0,0,0,0,0,0
MiFishU,ESV_023392,CGCCGCGGTTATACGAAGGGAGTAAGAGTATTTTATTGGTTTGTAATTAATTTTATAAAAGGATTAGAAGGGAATATTTGTTAGGTGAAATTTTAAACTTTAAGTTAATCCGGTGTTAAGTGAATGAAGTTATGAAGTTTAGAAAA,,,,,,,,,,0,51,0,0,0,0,0,0,0,0,0,0,0,0,0,0,0,0,0,0
MiFishU,ESV_019511,CACCGCGGTCACACGATTAACCCAAGTCAATAGAAGCCGGCGTAAAGAGTGTTTTAGATCACCCCCTCCCCAATAAAGCTAAAACTCACCTGAGTTGTAAAAAACTCCAGTTGACGCAAAATAGACTACGAAAGTGGCTTTAACATATCTGAACACACAATAGCTAAGACC,Eukaryota,Chordata,Mammalia,Primates,Hominidae,Homo,Homo sapiens,99.4,1,0,0,0,0,0,0,48,0,0,0,0,0,0,0,0,0,0,0,0,0
MiFishU,ESV_012398,CACCGCGGTTATACGAGAGGCCCTAGTTGATAAATACCGGCGTAAAGAGTGGTTACGAAAAAATGTTTAATAAAGCCGAACACCCCCTCAGCCGTCATACGCACCTGGGGGCACGAAGATCTACTGCGAAAGCAGCTTTAATTATGCCTGAACCCACGACAGCTACGACA,Eukaryota,Chordata,Actinopteri,Salmoniformes,Salmonidae,,,97.6,14,0,0,20,0,0,0,0,0,0,0,0,0,0,0,0,0,0,26,0,0
MiFishU,ESV_019366,CGCCGCGGTTACACGAAGGGGGTAAGAGTATTTTATTGGTTTGTAATTAGTTTTAAATATGGTTAGTAGAAAGGCTTTGTTAGGTGAAATTTTAAACCTTTAATTAACCAAGCAGTAAATGAATGAAGTTATGAAGTTTAGAAAT,,,,,,,,,,0,0,0,0,0,44,0,0,0,0,0,0,0,0,0,0,0,0,0,0
MiFishU,ESV_019367,CGCCGCGGTTACACGAAGGGGGTAAGAGTATTTTATTGGTTTGTAATTAGTTTTAAATATGGTTAGTAGAAAGGCTTTGTTAGGTGAAATTTTAAACCTTTAATTAACCAAGCAATAAATGAATGAAGTTATGAAGTTTAGAAAA,,,,,,,,,,0,0,0,0,0,41,0,0,0,0,0,0,0,0,0,0,0,0,0,0
MiFishU,ESV_016867,CACCGCGGTTACACGAAGGGGGTGAGAGTATTTTATTGGTTTGTAATTAGTTTTAAGATAAGGTTAGAAGATAGGCTTTGTTAGGTGAAATTTTAAACCTTAAATTAACCTATAAGTATATGAATGAAGTTATGAAGTTTAGAAAA,,,,,,,,,,0,0,0,0,0,0,0,0,0,0,0,0,0,0,0,0,0,0,0,39
MiFishU,ESV_023393,CGCCGCGGTTACACGAAGGGGGTGAGAGTATTTTATTGGTTTGTAATTAGTTTTAAATATGGTTAGTAGAAAGGCTTTGTTAGGTGAAATTTTAAACCTTTAATTAACCAGGTAGTAAATGAATGAAGTTATGAAGTTTAGAAAA,,,,,,,,,,0,38,0,0,0,0,0,0,0,0,0,0,0,0,0,0,0,0,0,0
MiFishU,ESV_019348,CACCGCGGTTATACGAGAGGCCCAAGTTGACAAACACCGGCGTAAGGCGTGGTTAAGTTAAAAATCATACTAAAGCCAAACATCTTCAAGACTGTTATACGTAACCGAAGACAGGAAGTTCAACCACGAAAGTCGCTTTATCTGATCTGAATCCACGAAAGCTAAGGAA,Eukaryota,Chordata,Actinopteri,Perciformes,Cottidae,,,99.4,16,0,0,0,0,0,0,0,0,0,38,0,0,0,0,0,0,0,0,0,0
MiFishU,ESV_015201,CACCGCGGTTATACGAGAGGCCCTAGTTGATAAGCGCGGCGTAAAGGGTGGTTAAGGGAGTATATAAATAAAGCCGAAGGACCCTCTGGCCGTTATACGCTTCTAGGCGTCCGAAGCCCAAACACGAAAGTAGCTTTAATTTAGCCCACCTGACCCCACGAAAACTGAGAAA,Eukaryota,Chordata,Actinopteri,Cypriniformes,Catostomidae,Catostomus,Catostomus discobolus,99.4,1,0,0,0,0,0,0,0,0,0,0,38,0,0,0,0,0,0,0,0,0
MiFishU,ESV_019358,CGCCGCGGTTACACGAAGGGGGTGAGAGTATTTTATTGGTTTGTAATTAGTTTTAAATATGGTTAGTAGAAAGGCTTTGTTAGGTGAAACTTTAAACCTTTAATTAACCAAGCAGTAAATGAATGAAGTTATGAAGTTTAGAAAA,,,,,,,,,,0,0,0,0,0,0,0,0,0,0,0,0,0,38,0,0,0,0,0,0
MiFishU,ESV_019377,CACCGCGGTTATACGAGAGGCCCTAGTTGATAACTACCGGCGTAAAGAGTGGTTATGGAAAAATATTTAATAAAGCCGAACACCCCCTCAGCCGTTATACGCACCTGGGAGCACGAAGACCTACTGCGAAAGCAGCTTTAACTATGCCTGACCCCACGACAGGTAAGAAA,Eukaryota,Chordata,Actinopteri,Salmoniformes,Salmonidae,Oncorhynchus,,98.8,4,37,0,0,0,0,0,0,0,0,0,0,0,0,0,0,0,0,0,0,0
MiFishU,ESV_015010,CGCCGCGGTTACACGAAGGGGGTAAGAGTACTTTATTGGTTTGTAATTAGTTTATTGAAGATTAGAAAGTGAAATTTATTAGGTGGAATTTTAAATTTTTTTGTTAATCAGGCCAAAGTTTGGCGAAGTTATGAAACTTAGGAAG,,,,,,,,,,0,0,0,0,0,0,36,0,0,0,0,0,0,0,0,0,0,0,0,0
MiFishU,ESV_012248,CACCGCGGTTATACGAGAGGCCCAAGTTGACAAACACCGGCGTAAAGCGTGGTTAAGTTAAAAATCGTACTAAAGCCAAACATCTTCAAGACTGTTATACGTAACCGAAGACAGGAAGTTCAACCACGAAAGTCGCTTTATCTGATCTGAATCCACGAAAGCTAGGAA,Eukaryota,Chordata,Actinopteri,Perciformes,Cottidae,,,98.2,15,0,0,0,0,0,0,0,0,0,0,0,0,36,0,0,0,0,0,0,0
MiFishU,ESV_019349,CACCGCGGTTAAACGAGAGGCCCTAGTTGATAATACAACGGCGTAAAGGGTGGTTAAGGATAGTAAAATAATAAAGTCGAATGGCCCTTTGGCTGTCATACGCTTCTAGGAGTCCGAAGCCCCATATACGAAAGTAGCTTTAGGAAAGCCCACCTGACCCCACGAAAGCTGAGAAA,Eukaryota,Chordata,Actinopteri,Cypriniformes,Leuciscidae,Rhinichthys,,98.3,2,0,0,0,0,0,0,0,0,0,36,0,0,0,0,0,0,0,0,0,0
MiFishU,ESV_019359,CACCGCGGTTACACGAAGGGGGTGAGAGTATTTTATTGGTTTGTAATTAGTTTTAAATATGGTTAGTAGAAAGGCTTTGTTAGGTGAAATTTTAAACCTTTAATTAACCAAGCAGTAAATGAATGAAGTTATGAAGTTTAGAAAA,,,,,,,,,,0,0,0,0,0,0,0,0,0,0,0,0,0,35,0,0,0,0,0,0
MiFishU,ESV_019350,CACCGCGGTTATACGAGAGGCCCTAGTTGATAGGCACGGCGTAAAGGGTGGTTAAGGGAGTACACAAATAAAGCCGAAGGACCCTCTGGCCGTTATACACTTCTGGACGCCCGAAGCCCAAATACGAAAGTAGCTTTAATTTAGCCCACCTGACCCCACGAAAACTGAGAAA,Eukaryota,Chordata,Actinopteri,Cypriniformes,Catostomidae,Deltistes,Deltistes luxatus,98.8,1,0,0,0,0,0,0,0,0,0,35,0,0,0,0,0,0,0,0,0,0
MiFishU,ESV_019388,CGCCGCGGTTACACGAAGGGGGTAAGAGTACTTTATTGGTTTGTAATTAGTTTATTGAAGATTAGAAAGTGAAATTTATTAGGTGGAATTTTAAATTTTTTGTTAATCAGGCTAAAGTTTGGCGAAGTTATGAAACTTAGAAAG,,,,,,,,,,0,0,0,0,34,0,0,0,0,0,0,0,0,0,0,0,0,0,0,0
MiFishU,ESV_024635,CACCGCGGTTATACGAGAGGCCCTAGTTGATAAATACCGGCGTAAAGAGTGGTTACGAAAAAATGTTTAATAAAGCCGAACACCCCCTCAGCCGTCATACGCACCTGGAGGCACGAAGACCTACTGAGAAAGCAGCTTTAATTATACCCGAATCCACGACAGCTACGACA,Eukaryota,Chordata,Actinopteri,Salmoniformes,Salmonidae,Salvelinus,,99.4,3,0,0,33,0,0,0,0,0,0,0,0,0,0,0,0,0,0,0,0,0
MiFishU,ESV_019368,CGCCGCGGTTACACGAAGGGGGTAAGAGTATTTTATTGGTTTGTAATTAGTTTTAAATATGGTTAGTAGAAAGGCTTTGTTAGGTGAAATTTTAAACCTTTAGTTAACCAAGCAGTAAATGAATGAAGTTATGAAGTTTAGAAAA,,,,,,,,,,0,0,0,0,0,32,0,0,0,0,0,0,0,0,0,0,0,0,0,0
MiFishU,ESV_023373,CACCGCGGTTAAACGAGAGGCCCTAGTTGATAGTACAACGGCGTAAAGGGTGGTTAAGGAACGCAAATAATAAAGCCGAATGGCCCTTTGGCTGTCATACGCTTCTAGGTGTCCGAAGCCCAATATACGAAAGTAGCTTTAGAAAAGCCCACCTGACACCACGAAAGCTAAGGAA,Eukaryota,Chordata,Actinopteri,Cypriniformes,Leuciscidae,,,98.3,3,0,0,0,0,0,0,0,0,0,0,0,0,32,0,0,0,0,0,0,0
MiFishU,ESV_019351,CACCGCGGTTAAACGAGAGGCCCTAGTTGATAGTACGACGGCGTAAAGGGTGGTTAAGGAAAGCAAATAATAAAGCCGAATGGCCCTTTGGCTGTCATACGCTTCTAGGTGTCCGAAGCCCAATATACGAAAGTAGCTTTAGAAAAGCCCACCTGACACCACGAAAGCTGAGAAA,Eukaryota,Chordata,Actinopteri,Cypriniformes,Leuciscidae,,,98.3,11,0,0,0,0,0,0,0,0,0,32,0,0,0,0,0,0,0,0,0,0
MiFishU,ESV_016132,CACCGCGGTTAAACGAGAGGCCCTAGTTGATAATACAACGGCGTAAAGGGTGGTTAAGGAAAGCAAACAATAAAGCCGAATGGCCCTTTGGCTGTCATACGCTTCTAGGTGTCCGAAGCCCAATATACGAAAGTAGCTTTAGAAAAGCCCACCTGACACCACGAAAGCTGAGAAA,Eukaryota,Chordata,Actinopteri,Cypriniformes,Leuciscidae,,,98.9,10,0,0,0,0,0,0,0,0,0,13,0,0,19,0,0,0,0,0,0,0
MiFishU,ESV_019383,CACCGCGGTTATACGAGAGGCCCTAGTTGATAGGCACGGCGTAAAGGGTGGTTAAGGGAGTACACAAATAAAGCCGAAGGACCCTCTGGCCGTTATACGCTTCTGGACGCCCGAAGCCCAAATACGAAAGTAGCTTTAATTTAGCCCACCTGACCCCACGAAAGCTACGACA,Eukaryota,Chordata,Actinopteri,Cypriniformes,Catostomidae,Deltistes,Deltistes luxatus,97.1,1,0,0,0,0,0,0,0,0,0,0,0,0,0,0,19,0,0,0,13,0
MiFishU,ESV_024390,CGCCGCGGTTACACGAAGGGGGTGAGAGTATTTTATTGGTTTGTAATTAGTTTTAAGATAAGGTTAGAAGATAGGCTTTGTTAGGTGAAATTTTAAACTTTAAATTAACCTATAAGTATATGAATGAAGTTATGAAGTTTAGAAAA,,,,,,,,,,0,0,0,0,0,0,0,0,0,0,0,0,0,0,0,0,0,0,0,32
MiFishU,ESV_023394,CGCCGCGGTTACACGAAAGGGGTGAGAGTATTTTATTGGTTTGTAATTAGTTTTAAAGGTGGTTAGAAGAAAGGCTTTGTTAGGTGAAATTTTAAACCTTTAGTTAACCAAGGTATAAGTGAATGAAGTTATGAAGTTTAGAAAA,,,,,,,,,,0,30,0,0,0,0,0,0,0,0,0,0,0,0,0,0,0,0,0,0
MiFishU,ESV_023395,CGCCGCGGTTATACGAGAGGCCCAAGTTGACGAACACCGGCGTAAAGTGTGGTTAAGTTAAAAATCGTACTAAAGCCAAACATCTTCAAGACTGTTATACGTAACCGAAGACAGGAAGTTCAACCACGAAAGTCGCTTTATCTGATCTGAATCCACGAAAGCTAAGGAA,Eukaryota,Chordata,Actinopteri,Perciformes,Cottidae,,,98.2,15,0,30,0,0,0,0,0,0,0,0,0,0,0,0,0,0,0,0,0,0
MiFishU,ESV_019389,CACCGCGGTTATACGAGAGACCCTAGTTGATAACTACCGGCGTAAAGAGTGGTTACGGAAAAATATTCAATAAAGCCGAACACCCCCTCAGCCGTCATACGCACCTAGGGGCACGAAGATCTACTGCGAAAGCAGCTTTAATTATGCCTGAACCCACGACAGCTACGACA,Eukaryota,Chordata,Actinopteri,Salmoniformes,Salmonidae,Salmo,,99.4,4,0,0,0,0,30,0,0,0,0,0,0,0,0,0,0,0,0,0,0,0
MiFishU,ESV_019360,CACCGCGGTTATACGAGAGGCCCTAGTTGATAACTACCGGCGTAAAGAGTGGTTATGGAAAAATATTTAATAAAGCCGAACACTCCCTCAGCCGTCATACGCACCTGGGAGCACGGAGACCTACTGCGAAAGCAGCTTTAACTATGCCTGACCCCACGACAGCTAAGAAA,Eukaryota,Chordata,Actinopteri,Salmoniformes,Salmonidae,Oncorhynchus,,98.8,4,0,0,0,0,0,0,0,0,0,0,0,0,0,29,0,0,0,0,0,0
MiFishU,ESV_024630,CGCCGCGGTTACACGAAGGGGGTAAGAGTACTTTATTGGTTTGTAATTAGTTTATTGAAGATTAGAAAGTGAAATTTATTAGGTGGAATTTTAAATTTTTTGTTAATTAGGCTAAAGTTTGGCGAAGTTATGAAACTTAGGAAG,,,,,,,,,,0,0,0,28,0,0,0,0,0,0,0,0,0,0,0,0,0,0,0,0
MiFishU,ESV_023396,CGCCGCGGTTACACGAGAGGCCCTAGTTGATAGTACAACGGCGTAAAGGGTGGTTAAGGAGAGTGAAACAATAAAGCCAAATGGCCCTTTGGCTGTCATACGCTTCTAGGAGTCCGAAGCCCAATATACGAAAGTAGCTTTAGAGCAGCCCACCTGACCCCACGAAAGCTGAGAAA,Eukaryota,Chordata,Actinopteri,Cypriniformes,Leuciscidae,Richardsonius,,98.9,2,0,28,0,0,0,0,0,0,0,0,0,0,0,0,0,0,0,0,0,0
MiFishU,ESV_020477,CACCGCGGTTACACGAGAGACCCTAGTTGATTTAAGCGGCGTAAAGAGTGGTTATGGGATTTTTTTCTTAAAGCAGAAAACCTCTCAAACTGTTATACGCACCCAGAGGTTGAAACCCCTTACACGAAAGTAACTTTATCTTCGCCTACCAGAACCCACGAAAGCTGGGACA,Eukaryota,Chordata,Actinopteri,Clupeiformes,Engraulidae,Engraulis,,94.2,2,0,0,0,0,0,0,0,0,0,0,28,0,0,0,0,0,0,0,0,0
MiFishU,ESV_019361,CGCCGCGGTTACACGAAAGGGGTGAGAGTATTTTATTGGTTTGTAATTAGTTTTAAAGGTGGTTAGAAGAAAGGCTTTGTTAGGTGAAATTTTAAACCTTTAGTTAATCAGGGTATAAGTGAATGAAGTTATGAAGTTTAGAAAA,,,,,,,,,,0,0,0,0,0,0,0,0,0,0,0,0,0,27,0,0,0,0,0,0
MiFishU,ESV_023397,CGCCGCGGTTACACGAAGGGGGTAAGAGTATTTTATTGGTTTGTAATTAGTTTTAAAGGTGGTTAGAAGAAAGGCTTTGTTAGGTGAAATTTTAAACCTTTAGTTAATCAAGGTATAAGTGAATGAAGTTATGAAGTTTAGAAAA,,,,,,,,,,0,25,0,0,0,0,0,0,0,0,0,0,0,0,0,0,0,0,0,0
MiFishU,ESV_016131,CACCGCGGTTAAACGAGAGGCCCTAGTTGATAATACAACGGCGTAAAGGGTGGTTAAGGAAAGCAAACAATAAAGCCGAATGGCCCTTTGGCTGTCATACGCTTCTAGGTGTCCGAAGCCCAATATACGAAAGTAGCTTTAGAAAGGCCCACCTGACACCACGAAAGCTGAGAAA,Eukaryota,Chordata,Actinopteri,Cypriniformes,Leuciscidae,,,98.3,11,0,0,0,0,0,0,0,0,0,0,0,0,25,0,0,0,0,0,0,0
MiFishU,ESV_024619,CACCGCGGTTATACGAGAGGCCCTAGTTGATAACTACCGGCGTAAAGAGTGGTTATGGAAAAATATTTAATAAAGCCGAACACCCCCTCAGCCGTCATACGCATCTGGGAGCACGAAGACCTACTGCGAAAGCAGCTTTAACTATGCCTGACCCCACGACAGCTAAGAAA,Eukaryota,Chordata,Actinopteri,Salmoniformes,Salmonidae,Oncorhynchus,,99.4,5,0,0,24,0,0,0,0,0,0,0,0,0,0,0,0,0,0,0,0,0
MiFishU,ESV_019513,TGCCGCGGTTAGACGAAGAGAGCGAGGGGAATATATTAGGGTGTAACTAACTATCTATGGAAGTAAACATTAAGTCTGAGGGTGGAATCTACACTTAATCTAATTCTACAGGGGATCTTACGAAAGCACCCG,,,,,,,,,,0,0,0,0,0,0,24,0,0,0,0,0,0,0,0,0,0,0,0,0
MiFishU,ESV_023398,CACCGCGGTTATACGAGAGGCCCTAGTTGATAACTACCGGCGTAAAGAGTGGTTATGGAAAAATATTTAATAAAGCCGAACACCCCCTCAGCCGTCATACGCACCTGGGAGCACGAAGACCTACTGCGAAAGCAGCTTTAACTATGCCTGACCCCACGAAAGCTGAGAAA,Eukaryota,Chordata,Actinopteri,Salmoniformes,Salmonidae,Oncorhynchus,,98.8,4,0,23,0,0,0,0,0,0,0,0,0,0,0,0,0,0,0,0,0,0
MiFishU,ESV_023403,CACCGCGGTTATACGAGAGGCCCTAGTTGATAACTACCGGCGTAAAGAGTGGTTATGGAAAAATATTTAATAAAGCCGAACACCCCCTCAGCCGTCATACGCACCTGGGAGCACGAAGACCTACTGCGAAAGCAGCTTTAACTATGCCTGACCCCACGAAAGCTAAGGAA,Eukaryota,Chordata,Actinopteri,Salmoniformes,Salmonidae,Oncorhynchus,,98.8,4,0,15,0,0,0,0,0,0,0,0,8,0,0,0,0,0,0,0,0,0
MiFishU,ESV_008055,CACCGCGGTCATACGATTAACCCAAGCTAACAGGAGTACGGCGTAAAACGTGTTAAAGCACCATACCAAATAGGGTTAAATTCTAACTAAGCTGTAAAAAGCCATGATTAAAATAAAAATAAATGACGAAAGTGACCCTACAATAGCCGACGCGCTATAGCTAAGACC,Eukaryota,Chordata,Mammalia,Artiodactyla,Bovidae,Bos,,99.4,4,0,0,0,0,0,0,0,0,0,0,0,0,0,0,0,0,0,23,0,0
MiFishU,ESV_024612,CACCGCGGTTACACGAAGGGGGTGAGAGTATTTTATTGGTTTGTAATTAGTTTTAAGATAAGGTTAGAAGATAGGCTTTGTTAAGTGAAATTTTAAACCTTAAATTAACCTATAAGTATATGAATGAAGTTATGAAGTTTAGAAAA,,,,,,,,,,0,0,0,0,0,0,0,0,0,0,0,0,0,0,0,0,0,0,0,23
MiFishU,ESV_010619,CACCGCGGTTATACGAGAGGCCCTAGTTGATAACTACCGGCGTAAAGAGTGGTTACGGAAAAATATTCAATAAAGCCGAACACCCCCTCAGCCGTCATACGCACCTGGGAGCACGAAGACCTACTGCGAAAGCAGCTTTAACTATGCCTGACCCCACGACAGCTAAGAAA,Eukaryota,Chordata,Actinopteri,Salmoniformes,Salmonidae,Oncorhynchus,,98.8,4,0,9,0,0,12,0,0,0,0,0,0,0,0,0,0,0,0,0,0,0
MiFishU,ESV_023399,CGCCGCGGTTACACGAAAGGGGTGAGAGTATTTTATTGGTTTGTAATTAGTTTTAAAGGTGGTTAGAAGAAAGGCTTTGTTAGGTGAAATTTTAAACCTTTAATTAACCAAGCAGTAAATGAATGAAGTTATGAAGTTTAGAAAA,,,,,,,,,,0,21,0,0,0,0,0,0,0,0,0,0,0,0,0,0,0,0,0,0
MiFishU,ESV_019362,CGCCGCGGTTACACGAAGGGGGTGAGAGTATTTTATTGGTTTGTAATTAGTTTTAAATATGGTTAGTAGAAAGGCTTTGTTAGGTGAAATTCTAAACCTTTAATTAACCAAGCAGTAAATGAATGAAGTTATGAAGTTTAGAAAA,,,,,,,,,,0,0,0,0,0,0,0,0,0,0,0,0,0,21,0,0,0,0,0,0
MiFishU,ESV_019390,CGCCGCGGTTACACGAAGGGGGTAAGAGTACTTTATTGGTTTGTAATTAGTTTATTGAAGATTAGAAAGTGAAATTTATTAGGTGGAATTTTAAATTTTTTGTTAATCAGGCTAAAGTTTGGCGAAGTTATGAAACTTAGGGAG,,,,,,,,,,0,0,0,0,21,0,0,0,0,0,0,0,0,0,0,0,0,0,0,0
MiFishU,ESV_010110,CACCGCGGTTATACGAGAGACCCTAGTTGATAACTACCGGCGTAAAGAGTGGTTACGGAAAAATATTCAATAAAGCCGAACACCCCCTCAGCCGTCATACGCACCTGGGGGCACGAAGATCTACTGCGAAAGCAGCTTTAATTATACCCGAATCCACGACAGCTACGACA,Eukaryota,Chordata,Actinopteri,Salmoniformes,Salmonidae,Salmo,,98.8,2,0,0,0,0,0,0,0,0,0,0,0,0,0,0,0,0,0,21,0,0
MiFishU,ESV_012404,CACCGCGGTTATACGAGAGGCCCTAGTTGATAAATACCGGCGTAAAGAGTGGTTACGAAAAAATGTTTAATAAAGCCGAACACCCCCTCAGCCGTCATACGCACCTGGAGGCACGAAGACCTACTGCGAAAGCAGCTTTAATTATACCCGAATCCACGACAGCTACGACG,Eukaryota,Chordata,Actinopteri,Salmoniformes,Salmonidae,Salvelinus,,99.4,3,0,20,0,0,0,0,0,0,0,0,0,0,0,0,0,0,0,0,0,0
MiFishU,ESV_023374,CACCGCGGTTAAACGAGAGGCCCTAGTTGATAATACAACGGCGTAAAGGGTGGTTAAGGAACGCAAATAATAAAGCCGAATGGCCCTTTGGCTGTCATACGCTTCTAGGTGTCCGAAGCCCAACATACGAAAGTAGCTTTAGAAAAGCCCACCTGACACCACGAAGGCTGAGAAA,Eukaryota,Chordata,Actinopteri,Cypriniformes,Leuciscidae,Lavinia,Lavinia exilicauda,98.9,1,0,0,0,0,0,0,0,0,0,0,0,0,20,0,0,0,0,0,0,0
MiFishU,ESV_015657,CACCGCGGTTATACGAGAGGCCCTAGTTGATAACTACCGGCGTAAAGAGTGGTTATGGAAAAATATTTAATAAAGCCGAACACCCCCTCAGCCGTCATACGCACCTGGGAGCACGAAGATCTACTGCGAAAGCAGCTTTAACTATGCCTGACCCCACGACAGCTAAGAAA,Eukaryota,Chordata,Actinopteri,Salmoniformes,Salmonidae,Oncorhynchus,,99.4,4,0,0,0,0,0,0,0,0,0,0,20,0,0,0,0,0,0,0,0,0
MiFishU,ESV_019352,CACCGCGGTTAAACGAGAGGCCCTAGTTGATAGTACGACGGCGTAAAGGGTGGTTAAGGAACGCAAATAATAAAGCCGAATGGCCCTTTGGCTGTCATACGCTTCTAGGTGTCCGAAGCCCAATATACGAAAGTAGCTTTAGAAAGACCCACCTGACACCACGAAAGCTGAGAAA,Eukaryota,Chordata,Actinopteri,Cypriniformes,Leuciscidae,,,97.7,3,0,0,0,0,0,0,0,0,0,20,0,0,0,0,0,0,0,0,0,0
MiFishU,ESV_019391,CGCCGCGGTTATACGAAGGGAGTAAGAGTATTTTATTGGTTTGTAATTAATTTTATAAAAGGATTAGAAGGGAAGATTTGTTAGGTGAAATTTTAAACTTTAAGTTAATCCGGTGTTAAGTGAATGAAGTTATGAAGTTTAGATAA,,,,,,,,,,0,0,0,0,20,0,0,0,0,0,0,0,0,0,0,0,0,0,0,0
MiFishU,ESV_013652,CACCGCGGTTATGCGAGAGGCCCTAGTTGATAAATACCGGCGTAAAGAGTGGTTACGAAAAAATGTTTAATAAAGCCGAACACCCCCTCAGCCGTCATACGCACCTGGAGGCACGAAGACCTACTGCGAAAGCAGCTTTAATTATACCCGAATCCACGACAGCTACGACA,Eukaryota,Chordata,Actinopteri,Salmoniformes,Salmonidae,Salvelinus,,99.4,3,0,19,0,0,0,0,0,0,0,0,0,0,0,0,0,0,0,0,0,0
MiFishU,ESV_024631,AGTCGCGGTAATACGTGCGGCGCAAGTCTAGAGCGTACGGACTCGGCGGACAGCGCGTCAAGGCGTAGTGGTGAATTGAAATGGGGGGCAACACTTGGACCATCGGTCAAATGATAACATGCCAGGTGGAAAGCCGACGGCGATAGCACTTTCATAACAGTCACTGAAGCTTTAACGCGGAAGCTCGGGTAG,,,,,,,,,,0,0,0,18,0,0,0,0,0,0,0,0,0,0,0,0,0,0,0,0
MiFishU,ESV_024613,CGCCGCGGTTACACGAAGGGGGTGAGAGTATTTTATTGGTTTGTAATTAGTTTTAAGATAAGGTTAGAAGATAGGCTTTGTTAGGTGAAATTTTAAACCTTAAATTGACCTATAAGTATATGAATGAAGTTATGAAGTTTAGAAAA,,,,,,,,,,0,0,0,0,0,0,0,0,0,0,0,0,0,0,0,0,0,0,0,18
MiFishU,ESV_024614,CGCCGCGGTTACACGAAGGGGGTGAGAGTATTTTATTGGTTTGTAATTAGTTTTAAGATAAGGTTAGAAGATAGGCTTTGTTAGGTGAAATTTTAAACCTTAAATTAACCTGTAAGTATATGAATGAAGTTATGAAGTTTAGAAAA,,,,,,,,,,0,0,0,0,0,0,0,0,0,0,0,0,0,0,0,0,0,0,0,18
MiFishU,ESV_024632,CGCCGCGGTTACACGAAGGGGGTGAGAGTATTTTATTGGTTTGTAATTAGTTTTAAGATAAGGTTAGAAGATAGGCTTTGTTAGGTGAAATTTTAAACCTTAAATTAATCTATAAGTATATGAATGAAGTTATGAAGTTTAGAAAA,,,,,,,,,,0,0,0,17,0,0,0,0,0,0,0,0,0,0,0,0,0,0,0,0
MiFishU,ESV_023400,CGCCGCGGTTATACGAAGGGGGTGAGAGTATTTTATTGGTTTGTAATTAGTTTTAAATATGGTTAGTAGAAAGGCTTTGTTAGGTGAAATTTTAAACCTTTAATTAACCAAGCAGTAGATGAATGAAGTTATGAAGTTTAGAAAA,,,,,,,,,,0,17,0,0,0,0,0,0,0,0,0,0,0,0,0,0,0,0,0,0
MiFishU,ESV_023401,CGCCGCGGTTACACGAAAGGGGTGAGAGTATTTTATTGGTTTGTAATTAGTTTTAAAAGTGGTTAGAAGAAAGGCTTTGTTAGGTGAAATTTTAAACCTTTAGTTAATCAAGGTATAAGTGAATGAAGTTATGAAGTTTAGAAAA,,,,,,,,,,0,17,0,0,0,0,0,0,0,0,0,0,0,0,0,0,0,0,0,0
MiFishU,ESV_023402,CGCCGCGGTTACACGAGAGGCCCTAGTTGATAACTACCGGCGTAAAGAGTGGTTATGGAAAAATATTTAATAAAGCCGAACACCCCCTCAGCCGTCATACGCACCTGGGAGCACGAAGACCTACTGCGAAAGCAGCTTTAACTATGCCTGACCCCACGACAGCTAAGAAA,Eukaryota,Chordata,Actinopteri,Salmoniformes,Salmonidae,Oncorhynchus,,98.8,4,0,17,0,0,0,0,0,0,0,0,0,0,0,0,0,0,0,0,0,0
MiFishU,ESV_019514,CGCCGCGGTTACACGAAGGGGGTAAGAGTATTTTATTGGTTTGTAATTAGTTTTAAATATGGTTAGTAGAAAGGCTTTGTTAGGTGAAATTTTAAACCTTCAATTAACCAAGCAGTAAATGAATGGAGTTATGAAGTTTAGAAAA,,,,,,,,,,0,0,0,0,0,0,17,0,0,0,0,0,0,0,0,0,0,0,0,0
MiFishU,ESV_023586,CACCGCGGTTATACGAGAGGCCCTAGTTGATAAGCACGGCGTAAAGGGTGGTTAAGGGAGTATATCAATAAAGCCGAAGGGCCCTTTGGCCGTTATACGCTTCTAGGCGCCCGAAGCCCAAACACGAACGTAGCTTTAATTTAGCCCACCTGACCCCACGAAAACTGAGAAA,Eukaryota,Chordata,Actinopteri,Cypriniformes,Catostomidae,,,99.4,3,0,0,0,0,0,0,0,0,0,0,17,0,0,0,0,0,0,0,0,0
MiFishU,ESV_019353,CACCGCGGTTAAACGAGAGGCCCTAGTTGATAATACAACGGCGTAAAGGGTGGTTAAGGAACGCAAACAATAAAGCCGAATGGCCCTTTGGCTGTCATACGCTTCTAGGTGTCCGAAGCCCAATATACGAAAGTAGCTTTAGAAAGACCCACCTGACACCACGAAAGCTGAGAAA,Eukaryota,Chordata,Actinopteri,Cypriniformes,Leuciscidae,,,98.3,4,0,0,0,0,0,0,0,0,0,17,0,0,0,0,0,0,0,0,0,0
MiFishU,ESV_019382,CACCGCGGTTATACGAGAGGCCCAAGTTGATAAAATACGGCGTAAAGCGTGGTTAAAAGCCCCCACTAAACTAAGACTAAACCTTTCCAAAGCTGTTATACGCACCCGGAAATATGAAACTCAACTACGAAAGTGGCCTTAATTTCCCCTTGACCCCACGACAGCTGCGAAA,Eukaryota,Chordata,Actinopteri,Cyprinodontiformes,Poeciliidae,Gambusia,,99.4,2,0,0,0,0,0,0,0,0,0,0,0,0,0,0,0,0,0,0,17,0
MiFishU,ESV_024633,CGCCGCGGTTACACGAAGGGGGTAAGAGTATTTTATTGGTTTGTAATTAGTTTTAAATATGGTTAGTAGAAAGGCTTTGTTAGGTGAAATTTTAAATCTTTAATTAACCAAGCAGTAAATGAATGAAGTTATGAAGTTTAGAAAA,,,,,,,,,,0,0,0,16,0,0,0,0,0,0,0,0,0,0,0,0,0,0,0,0
MiFishU,ESV_019369,CGCCGCGGTTACACGAAGGGGGTAAGAGTATTTTATTGGTTTGTAATTAGTTTTAAATATGGTTAGTAGAAAGGCTTTGTTAGGTGAAATTTTAAACTTTTAATTAACCAAGCAGTAAGTGAATGAAGTTATGAAGTTTAGAAAA,,,,,,,,,,0,0,0,0,0,16,0,0,0,0,0,0,0,0,0,0,0,0,0,0
MiFishU,ESV_014588,CACCGCGGTTATACGAGAGACCCTAGTTGATAACTACCGGCGTAAAGAGTGGTTACGGAAAAATATTCAATAAAGCCGAACACCCCCTCAGCCGTCATACGCACCTGGAGGCACGAAGACCTACTGCGAAAGCAGCTTTAATTATACCCGAATCCACGACAGCTACGACA,Eukaryota,Chordata,Actinopteri,Salmoniformes,Salmonidae,,,97.6,12,0,0,0,0,0,0,0,0,0,0,0,0,0,0,0,0,0,16,0,0
MiFishU,ESV_024636,CACCGCGGTTATACGAGAGACCCTAGTTGATAACTACCGGCGTAAAGAGTGGTTACGGAAAAATATTCAATAAAGCCGAACACCCCCTCAGCCGTCATACGCACCTGGGGGCACGAAGATCTACTGCGAAAGCAGCTTCAATTATGCCTGAACCCACGACAGCTACGACA,Eukaryota,Chordata,Actinopteri,Salmoniformes,Salmonidae,Salmo,,99.4,4,0,0,15,0,0,0,0,0,0,0,0,0,0,0,0,0,0,0,0,0
MiFishU,ESV_019354,CACCGCGGTTATACGAGAGGCCCAAGTTGACAAACACCGGCGTAAAGCGTGGTTAAGTTAAAAATCATACTAAAGCCAAACATCTTCAAGACTGTTATACGTAACCGAAGACAGGAAGTTCAACCACGAAAGTCGCTTTATCTGATCTGAATCCACGAAAGCTGAGAAA,Eukaryota,Chordata,Actinopteri,Perciformes,Cottidae,,,98.8,16,0,0,0,0,0,0,0,0,0,15,0,0,0,0,0,0,0,0,0,0
MiFishU,ESV_019385,CACCGCGGTTAAACGAGAGGCCCTAGTTGATAGTACGACGGCGTAAAGGGTGGTTAAGGAAAGCAAACAATAAAGCCGAATGGCCCTTTGGCTGTCATACGCTTCTAGGTGTCCGAAGCCCAATATACGAAAGTAGCTTTAGAAAGGCCCACCTGACACCACGAAAGCTACGACA,Eukaryota,Chordata,Actinopteri,Cypriniformes,Leuciscidae,Gila,,96.6,8,0,0,0,0,0,0,0,0,0,0,0,0,0,0,15,0,0,0,0,0
MiFishU,ESV_023404,CGCCGCGGTTACACGAAGGGGGTAAGAGTATTTTATTGGTTTGTAATTAGTTTTAAATATGGTTAGTAGAAAGGCTTTGTTAGGTGAAATTTTAAACCTTTAGTTAATCAAGGTATAAGTGAATGAAGTTATGAAGTTTAGAAAA,,,,,,,,,,0,14,0,0,0,0,0,0,0,0,0,0,0,0,0,0,0,0,0,0
MiFishU,ESV_012716,CACCGCGGTTATACGAGAGGCCCTAGTTGATAAATACCGGCGTAAGGAGTGGTTACGAAAAAATGTTTAATAAAGCCGAACACCCCCTCAGCCGTCATACGCACCTGGAGGCACGAAGACCTACTGCGAAAGCAGCTTTAATTATACCCGAATCCACGACAGCTACGACA,Eukaryota,Chordata,Actinopteri,Salmoniformes,Salmonidae,Salvelinus,,99.4,3,0,14,0,0,0,0,0,0,0,0,0,0,0,0,0,0,0,0,0,0
MiFishU,ESV_019396,CACCGCGGTTATACGAAGGGGACAAGAGAATTTTATTGGTTTGTAATTAGTTGGTTGGGGATTAGAGAATGAAATTTATTAGGTGGAATTTTAAATTTCTTTGTTAATCCAACTAAAGTTTGGCGAAGTTATGAAACTTAGGGAG,,,,,,,,,,0,0,0,0,0,0,0,14,0,0,0,0,0,0,0,0,0,0,0,0
MiFishU,ESV_018586,CACCGCGGTTAGACGAGAGGCCCTAGTTGATAACACAACGGCGTAAAGGGTGGTTAAGGACAGTGAAATAATAAAGCCGAACGGCCCTTTGGCTGTCATACGCTTCTAGGAGTCCGAAGTCCAATATACGAAAGTAACTTTAACAAAGCCCACCTGACCCCACGAAAACTGAGGAA,Eukaryota,Chordata,Actinopteri,Cypriniformes,Leuciscidae,Nocomis,,97.7,2,0,0,0,0,0,0,0,0,0,14,0,0,0,0,0,0,0,0,0,0
MiFishU,ESV_012919,CGCCGCGGTTACACGAAGGGGGTGAGAGTATTTTATTGGTTTGTAATTAGTTTTAAAGGTGGTTAGAAGAAAGGCTTTGTTAGGTGAAATTTTAAACCTTTAGTTAATCAAGGTATAAGTGAATGAAGTTATGAAGTTTAGAAAA,,,,,,,,,,0,13,0,0,0,0,0,0,0,0,0,0,0,0,0,0,0,0,0,0
MiFishU,ESV_023375,CACCGCGGTTATACGAGAGGCCCAAGTTGATAGTACAACGGCGTAAAGGGTGGTTAAGGAACGCAAATAATAAAGCCGAATGGCCCTTTGGCTGTCATACGCTTCTAGGTGTCCGAAGCCCAATATACGAAAGTAGCTTTAGAAAAGCCCACCTGACACCACGAAAGCTGAGAAA,Eukaryota,Chordata,Actinopteri,Cypriniformes,Leuciscidae,,,98.3,3,0,0,0,0,0,0,0,0,0,0,0,0,13,0,0,0,0,0,0,0
MiFishU,ESV_019384,CACCGCGGTTATACGAGAGGCCCAAGTTGATAAAATACGGCGTAAAGCGTGGTTAAAAGCCCCCACTAAACTAAGACTAAACCTTTCCAAAGCTGTTATACGCACCCGGAAATATGAAACTCAACTACGAAAGTGGCCTTAATTTCCCCTTGACCCCACGAAAGCTACGACA,Eukaryota,Chordata,Actinopteri,Cyprinodontiformes,Poeciliidae,Gambusia,,98.8,2,0,0,0,0,0,0,0,0,0,0,0,0,0,0,0,0,0,0,13,0
MiFishU,ESV_019379,CACCGCGGTTATACGAAAGACTCAAATTAATAAAATCGGCCCAAAGGGTGGTTAAAGACATATATTGAATAGGGCTAAAACCCAGCTCCGCTGTCGCACGCAATAGCCTAAAAAAACACAAAGTCGAAAGCAGCTCTACTAACACAACTTGAACCCACGACAGCTAGGAGA,Eukaryota,Chordata,Amphibia,Caudata,Salamandridae,Taricha,,91.8,2,12,0,0,0,0,0,0,0,0,0,0,0,0,0,0,0,0,0,0,0
MiFishU,ESV_023405,CACCGCGGTTATACGAGAGGCCCTAGTTGATAAGCACGGCGTAAAGGGTGGTTAAGGGAGTATGTCAATAAAGCCGAAGGGCCCTTTGGCCGTTATACGCTTCTAGGCGCCCGAAGCCCAAACACGAAAGTAGCTTTAATTTAGCCCACCTGACCCCACGAAAACTGAGAAA,Eukaryota,Chordata,Actinopteri,Cypriniformes,Catostomidae,,,99.4,3,0,12,0,0,0,0,0,0,0,0,0,0,0,0,0,0,0,0,0,0
MiFishU,ESV_016273,CACCGCGGTTAAACGAGAGGCCCTAGTTGATAGTACGACGGCGTAAAGGGTGGTTAAGGAACGCAAATAATAAAGCCGAATGGCCCTTTGGCTGTCATACGCTTCTAGGTGTCCGAAGCCCAATATACGAAAGTAGCTTTAGAAAGGCCCACCTGACACCACGAAAGCTGAGAAA,Eukaryota,Chordata,Actinopteri,Cypriniformes,Leuciscidae,,,98.3,3,0,0,0,0,0,0,0,0,0,12,0,0,0,0,0,0,0,0,0,0
MiFishU,ESV_019392,CGCCGCGGTTACACGAAGGGGGTAAGAGTACTTTATTGGTTTGTAATTAGTTTATTGAAGATTAGAAAGTGAAATTTATTAGGTGGAATTTTAAATTTTTTGTTAATCAGGCCAAAGTTTGGCGAAGTTATGAAACTTAGGAAG,,,,,,,,,,0,0,0,0,12,0,0,0,0,0,0,0,0,0,0,0,0,0,0,0
MiFishU,ESV_024629,CACCGCGGTTAAACGAGAGGCTCAAGTTGATAGCCCTCGGCGTAAAGCGTGGTTAAGGAAAAGTAAAACTAAAGTCGAATTTTCTCATGGCTGTTATACGCACCCGAGAACATGAAGCCCAAATACGAAAGTAGCTTTAAATACCCTGACCCCACGAAAGCTGTGGAA,Eukaryota,Chordata,Actinopteri,Cyprinodontiformes,Fundulidae,Fundulus,Fundulus zebrinus,95.8,1,0,0,0,0,0,0,0,0,12,0,0,0,0,0,0,0,0,0,0,0
MiFishU,ESV_014550,CACCGCGGTTATACGAGAGGCCCAAGTTGACAAACACCGGCGTAAAGCGTGGTTAAGTTAAAAATCGTACTAAAGCCAAACATCCTCAAGACTGTTATACGTAACCGAAGACAGGAAGTTCAACCACGAAAGTCGCTTTATCTGATCCGAATCCACGAAAGCTAAGGAA,Eukaryota,Chordata,Actinopteri,Perciformes,Cottidae,,,98.8,15,0,0,0,0,0,0,0,0,0,0,0,0,0,0,12,0,0,0,0,0
MiFishU,ESV_019386,CACCGCAGTTATACAAGAGGCCCAAGTTGACAAACACCGGCGTAAAGCGTGGTTAAGTTAAAAATCGTACTAAAGCCAAACATCCTCAAGACTGTTATACGTAACCGAAGACAGGAAGTTCAACCACGAAAGTCGCTTTATCTGATCCGAATCCACGAAAGCTAAGGAA,Eukaryota,Chordata,Actinopteri,Perciformes,Cottidae,,,97.6,15,0,0,0,0,0,0,0,0,0,0,0,0,0,0,12,0,0,0,0,0
MiFishU,ESV_023406,CGCCGCGGTTACACGAAGGGGGTGAGAGTATTTTATTGGTTTGTAATTAGTTTTAAATATGGTTAGTAGAAAGGCTTTGTTAGGTGAAACTTTAAACCTTTAATTAACCAAGCAGTAAATGAATGAAGTTATGAGGTTTAGAAAA,,,,,,,,,,0,11,0,0,0,0,0,0,0,0,0,0,0,0,0,0,0,0,0,0
MiFishU,ESV_023407,CGCCGCGGTTATACGAGAGGCCCTAGTTGATAGTACAACGGCGTAAAGGGTGGTTAAGGAGAGTGAAACAATAAAGCCAAATGGCCCTTTGGCTGTCATACGCTTCTAGGAGTCCGAAGCCCAATATACGAAAGTAGCTTTAGAGCAGCCCACCTGACCCCACGAAAGCTGAGAAA,Eukaryota,Chordata,Actinopteri,Cypriniformes,Leuciscidae,Richardsonius,,98.9,2,0,11,0,0,0,0,0,0,0,0,0,0,0,0,0,0,0,0,0,0
MiFishU,ESV_015603,CGCCGCGGTTATACGAGAGGCCCTAGTTGATAAATACCGGCGTAAAGAGTGGTTACGAAAAAATGTTTAATAAAGCCGAACACCCCCTCAGCCGTCATACGCACCTGGAGGCACGAAGACCTACTGCGAAAGCAGCTTTAATTATACCCGAATCCACGACAGCTACGACA,Eukaryota,Chordata,Actinopteri,Salmoniformes,Salmonidae,Salvelinus,,99.4,3,0,11,0,0,0,0,0,0,0,0,0,0,0,0,0,0,0,0,0,0
MiFishU,ESV_019393,CGCCGCGGTTACACGAAGGGGGTAAGAGTACTTTATTGGTTTGTAATTAGTTTATTGAAGATTAGAAAGTGAAATTTATTAGGTGGAATTTTAAATTTTTTGTTAGTCAGGCTAAAGTTTGGCGAAGTTATGAAACTTAGGAAG,,,,,,,,,,0,0,0,0,11,0,0,0,0,0,0,0,0,0,0,0,0,0,0,0
MiFishU,ESV_019345,CACCGCGGTTAAACGAGAGGCCCTAGTTGATAGTACAACGGCGTAAAGGGTGGTTAAGGAACGCAAATAATAAAGCCAAATGGCCCTTTGGCTGTCATACGCTTCTAGGTGCCCGAAGCCCAATATACGAAAGTAGCTTTAGAAAAGCCCACCTGACACCACGAAAGCTGAGAAA,Eukaryota,Chordata,Actinopteri,Cypriniformes,Leuciscidae,Gila,,99.4,2,0,0,0,0,0,0,0,0,0,0,0,0,0,0,0,11,0,0,0,0
MiFishU,ESV_023410,CACCGCGGTTAAACGAGAGGCCCTAGTTGATAGTACAGCGGCGTAAAGGGTGGTTAAGGAGAGTGAAACAATAAAGCCAAATGGCCCTTTGGCTGTCATACGCTTCTAGGAGTCCGAAGCCCAATATACGAAAGTAGCTTTAGAGCAGCCCACCTGACCCCACGAAAGCTAAGGAA,Eukaryota,Chordata,Actinopteri,Cypriniformes,Leuciscidae,Richardsonius,,97.7,2,0,10,0,0,0,0,0,0,0,0,0,0,0,0,0,0,0,0,0,0
MiFishU,ESV_023409,CACCGCGGTTATACGAGAGGCCCTAGTTGATAAATACCGGCGTAAAGAGTGGTTACGAAAAAATGTTTAATAAAGCCGAACACCCCCTCAGCCGTCATACGCACCTGGAGGCACGAAGACCTACTGCGAAAGCAGCTTTAATTATTCCCGAATCCACGACAGCTACGACA,Eukaryota,Chordata,Actinopteri,Salmoniformes,Salmonidae,Salvelinus,,99.4,3,0,10,0,0,0,0,0,0,0,0,0,0,0,0,0,0,0,0,0,0
MiFishU,ESV_023408,CACCGCGGTTATACGAGAGGCCCTAGTTGATAACTACCGGCGTAAAGAGTGGTTATGGAAAAATATTTAATAAAGCCGAACACCCCCTCAGCCGTCATACGCACCCGGGAGCACGAGGACCTACTGCGAAAGCAGCTTTAACTATGCCTGACCCCACGACAGCTAAGAAA,Eukaryota,Chordata,Actinopteri,Salmoniformes,Salmonidae,Oncorhynchus,,98.8,4,0,10,0,0,0,0,0,0,0,0,0,0,0,0,0,0,0,0,0,0
MiFishU,ESV_023411,CACCGCGGTTATACGAAGGGAGTAAGAGTATTTTATTGGTTTGTAATTAGTTTTAAATATGGTTAGTAGAAAGGCTTTGTTAGGTGAAATTTTAAACCTTTAATTAACCAAGCAGTAAATGAATGAAGTTATGAAGTTTAGAAAA,,,,,,,,,,0,10,0,0,0,0,0,0,0,0,0,0,0,0,0,0,0,0,0,0
MiFishU,ESV_019363,CACCGCGGTTACACGAAGGGGGTGAGAGTATTTTATTGGTTTGTAATTAGTTTTAAATATGGTTAGTAGAAAGGCTTTGTTAGGTGAAATTTTAAACCTTCAATTAACCAAGCAGTAAATGAATGAAGTTATGAAGTTTAGAAAA,,,,,,,,,,0,0,0,0,0,0,0,0,0,0,0,0,0,10,0,0,0,0,0,0
MiFishU,ESV_019355,CACCGCGGTTATACGAGAGGCCCTAGTTGATAGGCACGGCGTAAAGGGTGGTTAAGGGAGTACACAAATAAAGCCGAAGGACCCTCTGGCCGTTATACGCTTCTGGACGCCCGAAGCCCAAATACGAAAGTAGCTTTAATTTAGCCCACCTGACACCACGAAAGCTGAGAAA,Eukaryota,Chordata,Actinopteri,Cypriniformes,Catostomidae,Deltistes,Deltistes luxatus,98.3,1,0,0,0,0,0,0,0,0,0,10,0,0,0,0,0,0,0,0,0,0
MiFishU,ESV_019516,CGCCGCGGTTACACGAAGGGGGTAAGAGTATTTTATTGGTTTGTAATTAGTTTTAAATATGGTTAGTAGAAAGGCTTTGTTAGGTGAAATTTTAAACCTTCAATTAACCAAGCAGTAAATGAATGAAGTTATGAAGTTTAGAAAC,,,,,,,,,,0,0,0,0,0,0,10,0,0,0,0,0,0,0,0,0,0,0,0,0
MiFishU,ESV_018564,CACCGCGGTTAAACGAGAGGCCCTAGTTGATGATACAACGGCGTAAAGGGTGGTTAAGGACAGTGAAATAATAAAGTCGAATGGCCCTTTGGCTGTCATACGCTTCTAGGAGTCCGAAGCCCAATATACGAAAGTAGCTTTAGAAAAGCCCACCTGACCCCACGAAAGCTGAGAAA,Eukaryota,Chordata,Actinopteri,Cypriniformes,Leuciscidae,Rhinichthys,Rhinichthys osculus,98.9,1,0,0,0,0,0,10,0,0,0,0,0,0,0,0,0,0,0,0,0,0
MiFishU,ESV_023587,CACCGCGGTTATACGAGAGGCCCAAGTTGATGAACACCGGCGTAAAGTGTGGTTAAGTTAAAAATCGTACTAAAGCCAAACATCTTCAAGCCTGTTATACGTAACCGAAGACAGGAAGTTCAACCACGAAAGCCGCTTTATCTGATCTGAATCCACGAAAGCTAAGGAA,Eukaryota,Chordata,Actinopteri,Perciformes,Cottidae,,,97,15,0,0,0,0,0,0,0,0,0,0,10,0,0,0,0,0,0,0,0,0
MiFishU,ESV_019515,CGCCGCGGTTACACGAAGGGGGTAAGAGTATTTTATCGGTTTGTAATTAGTTTTAAATATGGTTAGTAGAAAGGCTTTGTTAGGTGAAATTTTAAACCTTTAATTAACCAAGCAGTAAATGAAGGACGTTATGAAGTTTAGAAAA,,,,,,,,,,0,0,0,0,0,0,10,0,0,0,0,0,0,0,0,0,0,0,0,0
MiFishU,ESV_023412,CACCGCGGTTATACGAGAGGCCCTAGTTGATAAGCGCGGCGTAAAGGGTGGTTAAGGGAGTATATAAATAAAGCCGAAGGACCCTCTGGCCGTTATACGCTTCTAGGCGTCCGAAGCCCAAACACGAAAGTAGCTTTAATTTAGCCCGCCTGACCCCACGAAAACTGAGGAA,Eukaryota,Chordata,Actinopteri,Cypriniformes,Catostomidae,Catostomus,Catostomus discobolus,98.3,1,0,9,0,0,0,0,0,0,0,0,0,0,0,0,0,0,0,0,0,0
MiFishU,ESV_019380,GCGTGGCGGGCCGCTGGACCTACGACGAACGCTACTTGTGCCACAGCCCTCAAGAGCGCCTGTACTTTCAAGGCCAGTGGCAGGCCGGTTTGTTGCCCGTGGACGGCGTGGGTGCCAGCACGCTGGCCCAGTACCGCCAGTTTGCGCTGGCCGTGCGGCGTGTGCAGGGGGCATCGAGGTATGCCATTCCCATAC,,,,,,,,,,9,0,0,0,0,0,0,0,0,0,0,0,0,0,0,0,0,0,0,0
MiFishU,ESV_012533,CACCGCGGTTATACGAGAGACCCTAGTTGATAACTACCGACGTAAAGAGTGGTTATGGAAAAATATTTAATAAAGCCGAACACCCCCTCAGCCGTCATACGCACCTGGGAGCACGAAGACCTACTGCGAAAGCAGCTTTAACTATGCCTGACCCCACGACAGCTAAGAAA,Eukaryota,Chordata,Actinopteri,Salmoniformes,Salmonidae,Oncorhynchus,,99.4,2,0,9,0,0,0,0,0,0,0,0,0,0,0,0,0,0,0,0,0,0
MiFishU,ESV_024637,CGCCGCGGTTACACGAAGGGGACAAGAGAATTTTATTGGTTTGCAATTAGTTGGTTGGGGATTAGAGAATGAAATTTATTAGGTGGAATTTTAAATTTCTTTGTTAATCCAACTAAAGTTTGGCGAAGTTATGAAACTTAGGGAG,,,,,,,,,,0,0,9,0,0,0,0,0,0,0,0,0,0,0,0,0,0,0,0,0
MiFishU,ESV_023413,CACCGCGGTTAAACGAGAGGCCCTAGTTGATAGTACAGCGGCGTAAAGGGTGGTTAAGGAGAGTGAAACAATAAAGCCAAATGGCCCTTTGGCTGTCATACGCTTCTAGGAGTCCGAAGCCCAATATACGAAAGTAGCTTTAGAGCAGCCCACCTGACCCCACGACAGCTAAGAAA,Eukaryota,Chordata,Actinopteri,Cypriniformes,Leuciscidae,Richardsonius,,97.7,2,0,9,0,0,0,0,0,0,0,0,0,0,0,0,0,0,0,0,0,0
MiFishU,ESV_019371,CACCGCGGTTAAACGAGAGGCCCTAGTTGATAATACAACGGCGTAAAGGGTGGTTAAGGAACGCAAATAATAAAGCCGAATGGCCCTTTGGCTGTCATACGCTTCTAGGTGTCCGAAGCCCAATATACGAAAGTAGCTTTAGAAAAGCCCACCTGACACCACGACAGCTAAGAAA,Eukaryota,Chordata,Actinopteri,Cypriniformes,Leuciscidae,Lavinia,Lavinia exilicauda,98.9,1,0,0,0,0,0,9,0,0,0,0,0,0,0,0,0,0,0,0,0,0
MiFishU,ESV_015077,CACCGCGGTTACACGAAGGGGACAAGAGAATTTTATTGGTTTGTAATTAGTTGGTTGGGGATTAGAGAATGAAATTTATTAGGTGGAATTTTAAATTTCTTTGTTAATCCAACTAAGGTTTGGCGAAGTTATGAAACTTAGGGAG,,,,,,,,,,0,0,0,0,0,0,0,9,0,0,0,0,0,0,0,0,0,0,0,0
MiFishU,ESV_019370,CACCGCGGTTAAACGAGAGGCCCTAGTTGATAATACAACGGCGTAAAGGGTGGTTAAGGAACGCAAATAATAAAGCCGAATGGCCCTTTGGCTGTCATACGCTTCTAGGTGTCCGAAGCCCAATATACGAAAGTAGCTTTAGAAAAGCCCACCTGACCCCACGACAGCTAAGAAA,Eukaryota,Chordata,Actinopteri,Cypriniformes,Leuciscidae,Lavinia,Lavinia exilicauda,98.3,1,0,0,0,0,0,9,0,0,0,0,0,0,0,0,0,0,0,0,0,0
MiFishU,ESV_016171,CACCGCGGTTATACGAGAGGCCCTAGTTGATAGTACGACGGCGTAAAGGGTGGTTAAGGAAAGCAAACAATAAAGCCGAATGGCCCTTTGGCTGTCATACGCTTCTAGGTGTCCGAAGCCCAATATACGAAAGTAGCTTTAGAAAAGCCCACCTGACACCACGAAAGCTGAGAAA,Eukaryota,Chordata,Actinopteri,Cypriniformes,Leuciscidae,,,98.3,8,0,0,0,0,0,0,0,0,0,0,0,0,0,0,9,0,0,0,0,0
MiFishU,ESV_024638,CACCGCGGTTATACGAGAGGCCCTAGTTGATAACTACCGGCGTAAAGAGTGGTTATGGAAAAATATTTAATTAAGCCGAACACCCCCTCAGCCGTCATACGCATCTGGGAGCACGAAGACCTACTGCGAAAGCAGCTTTAATTATGCCTGACCCCACGACAGCTAAGAAA,Eukaryota,Chordata,Actinopteri,Salmoniformes,Salmonidae,Oncorhynchus,,99.4,2,0,0,8,0,0,0,0,0,0,0,0,0,0,0,0,0,0,0,0,0
MiFishU,ESV_019381,CGCCGCGGTTACACGAAGGGGGTAAGAGTATTTTATTGGTTTGTAATTAGTTTTAAATATGGTTAGTAGAAAGACTTTGTTAGGTGAAATTTTAAACCTTTAATTAACCAAGTAGTAAATGAATGAAGTTATGAATTTTAGAAAA,,,,,,,,,,8,0,0,0,0,0,0,0,0,0,0,0,0,0,0,0,0,0,0,0
MiFishU,ESV_024639,CACCGCGGTTATACGAGAGGCCCTAGTTGATAAATACCGGCGTAAAGAGTGGTTACGAAAAAATGTTTAATAAAGCCGAACACCCCCTCAGCCGTCATACGCACCTGGAGGCACGAAGACCTACTGCGAAAGCAGCTTTAATTATGCCTGACCCCACGACAGCTAAGAAA,Eukaryota,Chordata,Actinopteri,Salmoniformes,Salmonidae,,,96.5,9,0,0,8,0,0,0,0,0,0,0,0,0,0,0,0,0,0,0,0,0
MiFishU,ESV_014923,CACCGCGGTTATACGAGAGGCCCTAGTTGATAACTACCGGCGTAAAGAGTGGTTATGGAAAAATATTTAATAAAGCCGAACACCCCCTCAGCCGTCATACGCACCTGGGGGCACGAAGATCTACTGCGAAAGCAGCTTTAACTATGCCTGACCCCACGACAGCTAAGAAA,Eukaryota,Chordata,Actinopteri,Salmoniformes,Salmonidae,Oncorhynchus,,98.8,4,0,0,0,0,8,0,0,0,0,0,0,0,0,0,0,0,0,0,0,0
MiFishU,ESV_019364,GGTAAAGGCAACTTCAACGATAACCTCAGCAAAGCCACCGACTTTGATTACGACAAAGACAATGTCAGCGGCGGCGTATTCGGCGGGTATCAGATCACCCCATGGCTGGCGGTTGAAGGCGGCTACGATTATATGGGCAACATGGGTATTCACGGTAACCACGGCGCTTCCGGCTC,,,,,,,,,,0,0,0,0,0,0,0,0,0,0,0,0,0,8,0,0,0,0,0,0
MiFishU,ESV_016412,CACCGCGGTTAAACGAGAGGCCCTAGTTGATAGTACAACGGCGTAAAGGGTGGTTAAGGAACGCAAATAATAAAGCCGAATGGCCCTTTGGCTGTCATACGCTTCTAGGTGTCCGAAGCCCAATATACGAAAGTAGCTTTAGAAAAACCCACCTGACACCACGAAAGCTGAGAAA,Eukaryota,Chordata,Actinopteri,Cypriniformes,Leuciscidae,,,98.9,3,0,0,0,0,0,0,0,0,0,8,0,0,0,0,0,0,0,0,0,0
MiFishU,ESV_024627,CGCCGCGGTTACACGAAGGGGGTAAGAGTATTTTATTGGTTTGTAATTAGTTTTAAATAGGGTTAGTAGAAAGGCTTTGTTAGGTGAAGTTTTAAACCTTTAATTAACCAAGCAGTAAATGAATGAAGTTATGAAGTTTAGAAAA,,,,,,,,,,0,0,0,0,0,0,0,0,0,0,0,0,0,0,0,0,8,0,0,0
MiFishU,ESV_024626,CGCCGCGGTTATACGAAGGGAGTAAGAGTATTTTATTGGTTTGTAATTAATTTTATAAAAGGATTAGAAGGGAATATTTGTTAGGTGAAATTTTAAACTTTAAGTTAATCAGGTGTTAAGTGAATGAAGTTATGAAGTTTAGATAA,,,,,,,,,,0,0,0,0,0,0,0,0,0,0,0,0,0,0,0,0,8,0,0,0
MiFishU,ESV_024615,CACCGCGGTTATACGAAGGGGGTGAGAGTATTTTATTGGTTTGTAATTAGTTTTAAGATAAGGTTAGAAGATAGGCTTTGTTAGGTGAAATTTTAAACCTTAAATTAACCTATAAGTATATGAATGAAGTTATGAAGTTTAGAAAA,,,,,,,,,,0,0,0,0,0,0,0,0,0,0,0,0,0,0,0,0,0,0,0,8
