TestId,ESVId,sequence,Kingdom,Phylum,Class,Order,Family,Genus,Species,% match,# species,E5ST28Y4.1,AQ7JD6KZ.1,
23S,ESV_000096,GCTTTACTGTAACTTGAAATTGAAATTGGACTTTACTTGCGCAGTATAGGTGGGAGGCGTTGAGTTTATTCTTGCGGGAATTTAGGAGCCATCAGTGAGATACCACTCTGGTAATGTTAGATTTCTAACTTTGTATCATAATCTGGTCAAAGGACAGTTTCAGGCGGGCAGTTTGACTGGGGCGGTCGCCTCCTAAATGGTAACGGAGGCGTACAAAGGTTTCCTCTGAACGTGTAGAAATCGTATCTAGAGTATAAAGGCATAAGGAAGCTTGACTGTGAGACTTACAAGTCGAGCAGGGACGAAAGTCGGTCTTAGTGATCTGACGGTGCTG,Eukaryota,Bacillariophyta,Bacillariophyceae,,,,,100,2,2084,620
23S,ESV_064263,GCTTTACTGTAGCCTGGAATTGTGTTCGGGCTTCGCTTGCGCAGGATAGGTGGGAAGCGATGAAGTTATCCTTGTGGGGATAATGGAGCTAACGGTGAGATACCACTCTGGCGAAGCTAGAATTCTAACCCACGACCGTAAGCCGGTCGGGGAACAGTTTCAGGTGGGCAGTTTGACTGGGGCGGTCGCCTCCTAAAAGGTAACGGAGGCGCGCAAAGGTTCCCTCAGCACGCTTGGAAACCGTGCGAAGAGTGTAAAGGCAGAAGGGAGCTTGACTGCAAGACCGACAAGTCGAGCAGGTACGAAAGTAGGCCTTAGTGATCCGACGGCGCAG,Bacteria,Cyanobacteria,unk_class,Nostocales,,,,99.1,7,1794,719
23S,ESV_064926,GCTTTACTGTAGCCTGGAATTGTGTTCGGGCTTCGCTTGCGCAGGATAGGTGGGAAGCGGTGAACTATTCCTTTTGGGGAATAGGGAGCTAACGGTGAGATACCACTCTGGCGAAGCTAGAATTCTAACCCACGACCGTCAGCCGGTTGGGGAACAGTTTCAGGTGGGCAGTTTGACTGGGGCGGTCGCCTCCTAAAAGGTAACGGAGGCGCGCAAAGGTTCCCTCAGCACGCTTGGAAACCGTGCGACGAGTGTAAAGGCAAAAGGGAGCTTGACTGCAAGACTGACAAGTCGAGCAGGTACGAAAGTAGGCCTTAGTGATCCGACGGCGCAG,Bacteria,Cyanobacteria,unk_class,Nostocales,,,,99.4,5,1088,771
23S,ESV_177763,GCTTTACTGTAGCCTGGAATTGTGTTCGGGCTTCGCTTGCGCAGGATAGGTGGGAAGCGGTGAACTACTCCTTTTGGGGAGTAGGGAGCTAACGGTGAGATACCACTCTGGCGAAGCTAGAATTCTAACCCACGACCGTAAGCCGGTCGGGGAACAGTTTCAGGTGGGCAGTTTGACTGGGGCGGTCGCCTCCTAAAAAGTAACGGAGGCGCGCAAAGGTTCCCTCAGCACGCTTGGAAACCGTGCGACGAGTGTAAAAGCAAAAGGGAGCTTGACTGCAAGACCCACAAGTCGAGCAGGTACGAAAGTAGGCTTTAGTGATCCGACGGCGCAG,Bacteria,Cyanobacteria,unk_class,Nostocales,Aphanizomenonaceae,Dolichospermum,,99.1,2,1300,283
23S,ESV_177761,GCTTTACTGTAGCCTGGAATTGTGTTCGGGCTTCGCTTGCGCAGGATAGGTGGGAAGCGGTGAACTACTCCTTTTGGGGAATAGGGAGCTAACGGTGAGATACCACTCTGGCGAAGCTAGAATTCTAACCCACGACCGTAAGCCGGTCGGGGAACAGTTTCAGGTGGGCAGTTTGACTGGGGCGGTCGCCTCCTAAAAAGTAACGGAGGCGCGCAAAGGTTCCCTCAGCACGCTTGGAAACCGTGCGACGAGTGTAAAAGCAAAAGGGAGCTTGACTGCAAGACCCACAAGTCGAGCAGGTACGAAAGTAGGCTTTAGTGATCCGACGGCGCAG,Bacteria,Cyanobacteria,unk_class,Nostocales,Aphanizomenonaceae,,,98.8,5,1036,421
23S,ESV_177760,GCTTTACTGTAGCCTGGAATTGTGTTCGGGCTTCGCTTGCGCAGGATAGGTGGGAAGCGGTGAACTATTCCTTTTGGGGAATAGGGAGCTAACGGTGAGATACCACTCTGGCGAAGCTAGAATTCTAACCCACGACCGTAAGCCGGTTGGGGAACAGTTTCAGGTGGGCAGTTTGACTGGGGCGGTCGCCTCCTAAAAGGTAACGGAGGCGCGCAAAGGTTCCCTCAGCACGCTTGGAAACCGTGCGACGAGTGTAAAGGCAAAAGGGAGCTTGACTGCAAGACTGACAAGTCGAGCAGGTACGAAAGTAGGCCTTAGTGATCCGACGGCGCAG,Bacteria,Cyanobacteria,unk_class,Nostocales,,,,99.1,8,861,469
23S,ESV_001384,GCTTTACTGTAACTTGAAATTGAAACTGGACTTTATTTGCGCAGTATAGGTGGGAGGCGTTGAGAATATTCTTGCGGGAGTATTGGAGCCATCAGTGAGATACCACTCTTGTAATGTTAGGTTTCTAACTTTGTATCATTATCTGGTCAAAGAACAGTTTCAGGCGGGCAGTTTGACTGGGGCGGTCGCCTCCTAAATGGTAACGGAGGCGCACAAAGGTTTCCTCTGAACGGGTAGAAATCGTATCTAGAGTGTAAAGGCAAAAGGAAGCTTGACTGTGAGACTTACAAGTCGAGCAGGGACGAAAGTCGGTCTTAGTGATCTGACGGTGCTG,Eukaryota,Bacillariophyta,Bacillariophyceae,Naviculales,Amphipleuraceae,Halamphora,Halamphora coffeaeformis,98.8,1,1215,14
23S,ESV_065208,GCTTTACTGTATCCTGAAATTGAGTTTTGATTTTATTTGCGCAGAATAGGTGGGAGACATTGAATTTATTCTTCTGGGAATATTGGAGTCACCTGTGAGATACCACTCTGATAAAATCGAAATTCTAACTTCATTCCGTAAGCCGGTTGAAAAACAGTTTCAGGTGGGCAGTTTCACTGGGGCGGTGGCCTCCTAAAAGGTAACGGAGGCGTACAAAGGTTTCCTCAGATCGGTCAGAAATCGATCCTCGAGTGTAAAGGCAAAAGGAAGCTTAACTGCGAGACAAACAAGTCGAACAGAGACGAAAGTCGGTCTTAGTGATCTGACGCTGCTG,Eukaryota,,,,,,,93.7,4,922,210
23S,ESV_071737,GCTTTACTGTAGCCTGATATTGATTTTTGTTTTTAGTTGCGCAGAATAAGTGGGAGACAATGAAAATATTTTTTTGGGAATATTGGAGTCAAATGTGAGATACCACTCTATTAAACATGAAAATCTAATTTCATATCGTAAGCCGATTGAAAAACAGTTTCTGGTGGGCAGTTTCACTGGGGCGGTGGCCTCCTAAAAGGTAACGGAGGCGTACAAAGGTTTCCTCAAATCGGTCAGAAATCGATTTTAGAGTGTAAAGGCAAAAGGAAGCTTAACTGTGAGACAAACAAGTCGAACAGAGACGAAAGTCGGTCTTAGTGATCTGACGCTACTG,Eukaryota,,,,,,,89.2,9,907,0
23S,ESV_059745,GCTTTACTGTAGCCTGGAATTGTGTTCGGGCTTGGCTTGCGCAGGATAGGTGGGAGGCGATGAAGTATTCCTTGTGGGGAGTATGGAGCCAACGGTGAGATACCACTCTGGCGAAGCTAGAATTCTAACCCATGACCATTATCTGGTCAGGGAACAGTTTCAGGTGGGCAGTTTGACTGGGGCGGTCGCCTCCTAAAAGGTAACGGAGGCGCGCAAAGGTTCCCTCAGCACGCTTGGAAACCGTGCGGCGAGTGTAAAGGCATAAAGGGAGCTTGACTGCAAGACTGACAAGTCGAGCAGGTACGAAAGTAGGCCTTAGTGATCCGACGGCGCAG,Bacteria,Cyanobacteria,unk_class,Nostocales,Nostocaceae,Nostoc,,100,10,524,316
23S,ESV_061383,GCTTTACTGTAACTTGAAATTGAAATTGGACTTTATTTGCGCAGTATAGGTGGGAGGCGTTGAGAATATTCTTGCGGGAATATTGGAGCCATCAGTGAGATACCACTCTTGTAATGTTAGATTTCTAACTTTGTATCATTATCTGGTCAAAGGACAGTTTCAGGCGGGCAGTTTGACTGGGGCGGTCGCCTCCTAAACGGTAACGGAGGCGTACAAAGGTTTCCTCTGAACGGGTAGAAATCGTATCTAGAGTGTAAAGGCATAAGGAAGCTTGACTGTGAGACCTACAAGTCGAGCAGGGACGAAAGTCGGTCTTAGTGATCTGACGGTGCTG,Eukaryota,Bacillariophyta,Bacillariophyceae,Naviculales,Sellaphoraceae,Sellaphora,,99.4,8,658,134
23S,ESV_067853,GCTTTACTGTAGCCTGGAATTGTGTTCGGGCTTCGCTTGCGCAGGATAGGTGGGAAGCGGTGAACTATTCCCTTTGGGGAATAGGGAGCTAACGGTGAGATACCACTCTGGCGAAGCTAGAATTCTAACCCACGACCGTCAGCCGGTTGGGGAACAGTTTCAGGTGGGCAGTTTGACTGGGGCGGTCGCCTCCTAAAAGGTAACGGAGGCGCGCAAAGGTTCCCTCAGCACGCTTGGAAACCGTGCGACGAGTGTAAAGGCAAAAGGGAGCTTGACTGCAAGACTGACAAGTCGAGCAGGTACGAAAGTAGGCCTTAGTGATCCGACGGCGCAG,Bacteria,Cyanobacteria,unk_class,Nostocales,,,,99.1,5,601,163
23S,ESV_060530,GCTTTACTGTAACTTGAGACTGATTTCGGGCTTTATTTGCGCAGCATAGGTGGGAGGCTTTGAAGCAAAACTTACGGGATTTGTGGAGCCATCGGTGAGATACCACTCTGATAAAGCTAGAACTCTAACCTTACACCGTTAGCCGGTGAAGGAACAATCTCAGGCGGGCAGTTTGACTGGGGCGGTCGCCTCCTAAAAAGTAACGGAGGCGCACAAAGGTTTCCTCAGATCGGTCAGACATCGATCTTCGAGTGTAAAGGCATAAGGAAGCTTGACTGTGAGACCTACAAGTCGAACAGAGACGAAAGTCGGTCTTAGTGATCTGGCGATATTG,Eukaryota,unk_phylum,Xanthophyceae,Tribonematales,Tribonemataceae,Tribonema,Tribonema affine,100,1,416,250
23S,ESV_065205,GCTTTACTGTAACTTGAAATTGAAATTGGACTTTATTTGCGCAGTATAGGTGGGAGGCGTTGAGAATATTCTTGCGGGAATATTGGAGCCATCAGTGAGATACCACTCTTGTAATGTTAGATTTCTAACTTTGTATCATTATCTGGTCAAAGGACAGTTTCAGGCGGGCAGTTTGACTGGGGCGGTCGCCTCCCAAACGGTAACGGAGGCGTACAAAGGTTTCCTCTGAACGGGTAGAAATCGTATCTAGAGTGTAAAGGCATAAGGAAGCTTGACTGTGAGACCTACAAGTCGAGCAGGGACGAAAGTCGGTCTTAGTGATCTGACGGTGCTG,Eukaryota,Bacillariophyta,Bacillariophyceae,Naviculales,Sellaphoraceae,Sellaphora,,99.4,8,638,0
23S,ESV_103161,GCTTTACTGTAGCCTGGAATTGTGTTCGGGCTTCGCTTGCGCAGGATAGGTGGGAAGCGTAGAAGTATTCCTTTTGGGGAATATGGAGCTAACGGTGAGATACCACTCTGGCGAAGCTAGAATTCTAACCCACGACCGTCAGCCGGTCGGGGAACAGTTTCAGGTGGGCAGTTTGACTGGGGCGGTCGCCTCCTAAAAGGTAACGGAGGCGCGCAAAGGTTCCCTCAGCACGCTTGGAAACCGTGCGACGAGTGTAAAGGCATAAAGGGAGCTTGACTGCAAGACTGACAAGTCAAGCAGGTACGAAAGTAGGCCTTAGTGATCCGACGGCGCAG,Bacteria,Cyanobacteria,unk_class,Nostocales,,,,98.5,6,426,133
23S,ESV_035157,GCTTTACTGTATCTTGGAATTGGGTTTGGGCTTTGCTTGCGCAGGATAGGTGGGAGGCATTGAAAGTGTTCTTGCGGGAATACTAGAGCCAACGGTGAGATACCACTCTAGCAAGGCTAAAATTCTAACTTTGAACCGTTATCCGGTCAAAGAACAGTTTCAGGTGGGCAGTTTGACTGGGGCGGTCGCCTCCTAAAAGGTAACGGAGGCGCGCAAAGGTTCCCTCAGGCTGGTTGGACATCAGTCGTAGAGTGTAAAGGCATAAGGGAGCTTGACTGCGAGACCTACAAGTCGAGCAGAGACGAAAGTCGGCCTTAGTGATCCGACGGTTCCG,Eukaryota,unk_phylum,Cryptophyceae,,,,,97,17,494,30
23S,ESV_059512,GCTTTACTGTAGCCTGGAATTGTGTTCGGGCTTGGCTTGCGCAGGATAGGTGGGAGGCGATGAAGTATTCCTTGTGGGGAGTATGGAGCCAACGGTGAGATACCACTCTGGCGAAGCTAGAATTCTAACCCATGACCGTTATCCGGTCAGGGAACAGTTTCAGGTGGGCAGTTTGACTGGGGCGGTCGCCTCCTAAAAGGTAACGGAGGCGCGCAAAGGTTCCCTCAGCACGCTTGGAAACCGTGCGGCGAGTGTAAAGGCATAAAGGGAGCTTGACTGCAAGACTGACAAGTCGAGCAGGTACGAAAGTAGGCCTTAGTGATCCGACGGCGCAG,Bacteria,Cyanobacteria,unk_class,Nostocales,Nostocaceae,Nostoc,,100,9,372,142
23S,ESV_063491,GCTTTACTGTAACTTGAGACTGATTTCGGGCTTTATTTGCGCAGCATAGGTGGGAGGCTTTGAAGCAGAACTTACGGGATTTGTGGAGCCATCGGTGAGATACCACTCTGATAAAGCTAGAACTCTAACCTTACACCGTAAGCCGGTGAAGGAACAATCTCAGGCGGGCAGTTTGACTGGGGCGGTCGCCTCCTAAAAAGTAACGGAGGCGCACAAAGGTTTCCTCAGATCGGTCAGACATCGATCTTCGAGTGTAAAGGCATAAGGAAGCTTGACTGTGAGACCTACAAGTCGAACAGAGACGAAAGTCGGTCTTAGTGATCTGGCGATATTG,Eukaryota,unk_phylum,Xanthophyceae,Tribonematales,Tribonemataceae,Tribonema,,99.4,4,185,318
23S,ESV_122740,GCTTTACTGTAGCCTGGAATTGTGTTCGGGCTTGGCTTGCGCAGGATAGGTGGGAGGCGATGAAGTATTCCTTGTGGGGAGTATGGAGCCAACGGTGAGATACCACTCTGGCGAAGCTAGAATTCTAACCCATGACCGTTATCCGGTCAGGGAACAGTTTCAGGTGGGCAGTTTGACTGGGGCGGTCGCCTCCTAAAAGGTAACGGAGGCGCGCAAAGGTTCCCTCAGCACGCTTGGAAACCGTGCGGCGAGTGTAAAGGCATAAAGGGAGCTTGACTGCAAGAGTGACAACTCGAGCAGGTACGAAAGTAGGCCTTAGTGATCCGACGGCGCAG,Bacteria,Cyanobacteria,unk_class,Nostocales,Nostocaceae,Nostoc,,99.7,27,458,43
23S,ESV_177842,GCTTTACTGTAACTTGAAATTGAAATTGGACTTTATTTGCGCAGTATAGGTGGGAGGCGTTGAGTTTATTCTTGCGGGAATTTAGGAGCCATCAGTGAGATACCACTCTGGTAATGTTAGATTTCTAACTTTGTATCATCATCTGGTCAAAGAACAGTTTCAGGCGGGCAGTTTGACTGGGGCGGTCGCCTCCTAAATGGTAACGGAGGCGTACAAAGGTTTCCTCTGAACGTGTAGAAATCGTATCTAGAGTGTAAAGGCATAAGGAAGCTTGACTATGAGACCTACAAGTCGAGCAGGGACGAAAGTCGGTCTTAGTGATCTGACGGTGCTG,Eukaryota,Bacillariophyta,Bacillariophyceae,Bacillariales,Bacillariaceae,,,99.1,22,443,0
23S,ESV_064457,GCTTCACTGGATCCTGAAATTGACTTTTGATTTTATTTGCGCAGAATAGGTGGGAGACATCGAAATTATTTTTTTGGAAATAATAGAGTCGTCAATGAGATACCACTCTGATAAAATAGAAATTCTAACTTCATTCCGTAATCCGGTTGAAAAACAGTTTCAGGTGGACAGTTTCACTGGGGCGGTGGCCTCCTAAAAAGTAACGGAGGCGTACAAAGGTTTCCTCAGGTCGGTCAGAAATCGATCCTCGAGCGTAAAGGTAAAAGGAAGCTTAACTGTGAGACAAACAAGTCTAGCAGAGACGAAAGTCGGTCTTAGTGATCTGACGCTGCTG,Eukaryota,,,,,,,91,4,426,0
23S,ESV_177764,GCTTTACTGTATCCTGAAATTGAGTTTCGATTTTATCTGCGCAGAATAGGTGGGAGACTTTGAAGTTACTCTTGTGGGGGTAATGGAGTCATTAGTGAGATACCACTCTGATAAAATTGAAATTCTAACTTCATACCGTAAGCCGGTTGAAAGACAGTTTCAGGTGGGCAGTTTGACTGGGGCGGTCGCCTCCTAAAAGGTAACGGAGGCGTACAAAGGTTCCCTCAGATCGGTCAGAAATCGATCTTAGAGTGTAAAGGCAAAAGGGAGCTTAACTGTGAGACAAACAAGTCGAGCAGAGACGAAAGTCGGTCTTAGTGATCTGACGCTGCTG,Eukaryota,unk_phylum,Chrysophyceae,Chromulinales,Chromulinaceae,Chromulina,Chromulina sp. SAG 17.97,97.9,1,213,207
23S,ESV_177762,GCTTTACTGTAACTTGAAATTGAAATTGGACTTTATTTGCGCAGTATAGGTGGGAGGCGTTGAAAGATTCTTGCGGGAATTCTGGAGCCATCAGTGAGATACCACTCCTATAATGTTAGGTTTCTAACTTTTACCATTATCTGGTGAAAGGACAGTTTCAGGCGGGCAGTTTGACTGGGGCGGTCGCCTCCTAAACGGTAACGGAGGCGCACAAAGGTTTCCTCTGAACGGGTAGAAATCGTATCTAGAGTGTAAAGGCAAAAGGAAGCTTGACTGTGAGACCTACAAGTCGAGCAGGGACGAAAGTCGGTCTTAGTGATCTGACGGTGCTG,Eukaryota,Bacillariophyta,,,,,,99.7,3,0,375
23S,ESV_062484,GCTTTACTGTAACTTGAAATTGAAACTGGACTTTACTTGCGCAGGATAGGTGGGAGGCGTTGAGAGTATTCTTGCGGGAATATTGGAGCCATCGGTGAGATACCACTCTTGTCATGTTAGGTTTCTAACTTGGTATCATGATCTGGTCCAAGAACAGTTTCAGGCGGGCAGTTTGACTGGGGCGGTCGCCTCCTAAACGGTAACGGAGGCGTACAAAGGTTTCCTCTGAACGGGTAGAAATCGTATCTAGAGTGTAAAGGCATAAGGAAGCTTGACTGTGAGACCTACAAGTCGAGCAGGGACGAAAGTCGGTCTTAGTGATCTGACGGTGCTG,Eukaryota,Bacillariophyta,Bacillariophyceae,Naviculales,Sellaphoraceae,Sellaphora,,96.7,8,0,373
23S,ESV_000374,GCTTTACTGTAACTTGAAATTGAAATTGGACTTTATTTGCGCAGTATAGGTGGGAGGCGTTGAGTTTATTCTTGCGGGAATTTAGGAGCCATCAGTGAGATACCACTCTGGTAATGTTAGATTTCTAACTTTGTATCATAATCTGGTCAAAGAACAGTTTCAGGCGGGCAGTTTGACTGGGGCGGTCGCCTCCCAAATGGTAACGGAGGCGTACAAAGGTTTCCTCTGAACGTGTAGAAATCGTATCTAGAGTGTAAAGGCATAAGGAAGCTTGACTGTGAGACTTACAAGTCGAGCAGGGACGAAAGTCGGTCTTAGTGATCTGACGGTGCTG,Eukaryota,Bacillariophyta,Bacillariophyceae,Bacillariales,Bacillariaceae,,,99.7,17,248,103
23S,ESV_070667,GCTTTACTGTATCCTGAAATTGGATTTCGATTTTTTTTGCGCAGAATAGGTGGGAGGTTTTGAAGGAATTCTTGCGGGAGTTCTGGAGCCATCAGTGAGATACCACTCTGAACAAATTGAAATTCTAACTTTATTCCGTAAGCCGGATAAAGAACAGTTTCAGGTGGGCAGTTTGACTGGGGCGGTCACCTCCTAAAAAGTAACGGAGGTGTACAAAGGTTTTCTCAGATCGGACAGAAATCGATCTACGAGTGCAAAGGCAAAAGAAAGCTTAACTGTGAGACAAACAAGTCGAGCAGAGACGAAAGTCGGTCTTAGTGATCTGACGCTGCTG,Eukaryota,unk_phylum,Synurophyceae,Synurales,,,,90.7,7,263,0
23S,ESV_004258,GCTTTACTGTAACTTGAAATTGAAATTGGACTTTATTTGCGCAGTATAGGTGGGAGGCGTTGATAGTATTCTTGCGGGAATATTGGAGCCATCAGTGAGATACCACTCTTGTAATGTTAGATTTCTAACTTTGTATCATTATCTGGTCAAAGGACAGTTTCAGGCGGGCAGTTTGACTGGGGCGGTCGCCTCCCAAACGGTAACGGAGGCGTACAAAGGTTTCCTCTGAACGGGTAGAAATCGTATCTAGAGTGTAAAGGCATAAGGAAGCTTGACTGTGAGACCTACAAGTCGAGCAGGGACGAAAGTCGGTCTTAGTGATCTGACGGTGCTG,Eukaryota,Bacillariophyta,Bacillariophyceae,Naviculales,Sellaphoraceae,Sellaphora,,98.8,8,0,237
23S,ESV_177793,GCTTTACTGTAGCCTGGAATTGTGTTCGGGCTTCGCTTGCGCAGGATAGGTGGGAAGCGGTGAACTATTCCTTTTGGGGAATAGGGAGCTAACGGTGAGATACCACTCTGGCGAAGCTAGAATTCTAACCCACGACCGTAAGCCGGTTGGGGAACAGTTTCAGGTGGGCAGTTTGACTGGGGCGGTCGCCTCCTAAAAGGTAACGGAGGCGCGCAAAGGTTCCCTCAGCACGCTTGGAAACCGTGCGACGAGTGTAAAAGCAAAAGGGAGCTTGACTGCGAGACTGACAAGTCAAGCAGGTACGAAAGTAGGCTTTAGTGATCCGACGGCGCAG,Bacteria,Cyanobacteria,unk_class,Nostocales,Aphanizomenonaceae,,,99.1,5,193,20
23S,ESV_177843,GCTTTACTGTATCCTGAAATTGAGTTTCGATTTTATCTGCGCAGAATAGGTGGGAGACTTTGAAGTTACTCTTGTGGGGGTAATGGAGTCATTAGTGAGATACCACTCTGATAAAATTGAAATTCTAACTTCATACCGTAAGCCGGTTGAAAGACAGTTTCAGGTGGGCAGTTTGACTGGGGCAGTCGCCTCCTAAAAGGTAACGGAGGCGTACAAAGGTTCCCTCAGATCGGTCAGAAATCGATCTTAGAGTGTAAAGGCAAAAGGGAGCTTAACTGTGAGACAAACAAGTCGAGCAGAGACGAAAGTCGGTCTTAGTGATCTGACGCTGCTG,Eukaryota,unk_phylum,Chrysophyceae,Chromulinales,Chromulinaceae,Chromulina,Chromulina sp. SAG 17.97,97.6,1,194,0
23S,ESV_177765,GCTTTACTGTTCCCTGGGATTGGGTTTGGGCCTTTCTTGCGCAGCTTAGGTGGGAGGCGAAGAAGGTTTCCTTCTGGGGAAATTTGAGCCACCAATGAGACACCACCCTAGAAAGGCTAGAATTCTAACCTTGTACCTATAAGAAGGTCAGGGGACATTCCCAGGTAGACAGTTTCTATGGGGCGTAGGCCTCCTAAAAGGTAACGGAGGCGTGCAAAGGTTTCCTCAGGCTGGACGGAAATCAGCCCTCGAGTGCAAAGGCAGAAGGAAGCTTGACTGCAAGACTTACACGTCGAGCAGGGACGAAAGTCGGCCTTAGTGATCCGACGGTGCCG,Eukaryota,Streptophyta,Zygnemophyceae,Zygnematales,Zygnemataceae,Zygnema,,99.4,2,0,184
23S,ESV_092838,GCTTTACTGTAGCCTGGAATTGTGTTCGGGCTTCGCTTGCGCAGGATAGGTGGGAGGCAATGAAGTATTCCTTGTGGGGAATATGGAGCCAACGGTGAGATACCACTCTGGCGAAGCTAGAATTCTAACCCATCTCCGTGATCCGGAGAGGGAACAGTTTCAGGTGGGCAGTTTGACTGGGGCGGTCGCCTCCTAAAAAGTAACGGAGGCGCGCAAAGGTTCCCTCAGCACGCTTGGAAACCGTGCGGCGAGTGTAAAGGCATAAAGGGAGCTTGACTGCAAGACCGACAAGTCGAGCAGGTACGAAAGTAGGCCTTAGTGATCCGACGGCGCAG,Bacteria,Cyanobacteria,unk_class,Nostocales,Nostocaceae,,,98.5,4,149,8
23S,ESV_177767,GCTTTACTGTAGCCTGGAATTGTGTTCGGGCTTCGCTTGCGCAGGATAGGTGGGAAGCGGTGATTGATTCCTTTTGGGGAATCAGGAGCTAACGGTGAGATACCACTCTGGCGAAGCTAGAATTCTAACCCACGACCGTAAGCCGGTCGGGGAACAGTTTCAGGTGGGCAGTTTGACTGGGGCGGTCGCCTCCTAAAAGGTAACGGAGGCGCGCAAAGGTTCCCTCAGCACGCTTGGAAACCGTGCGTAGAGTGTAAAGGCATAAAGGGAGCTTGACTGCAAGACCGACAAGTCGAGCAGGTACGAAAGTAGGCCTTAGTGATCCGACGGCGCAG,Bacteria,Cyanobacteria,unk_class,Nostocales,,,,98.2,7,60,86
23S,ESV_002114,GCTTTACTGTAACTTGAAATTGAAATTGGACTTTATTTGCGCAGTATAGGTGGGAGGCGTTGAGTTTATTCTTGCGGGAATTTAGGAGCCATCAGTGAGATACCACTCTGGTAATGTTAGATTTCTAACTTTGTATCATCATCTGGTCAAAGAACAGTTTCAGGCGGGCAGTTTGACTGGGGCGGTCGCCTCCTAAATGGTAACGGAGGCGTACAAAGGTTTCCTCTGAACGTGTAGAAATCGTATCTAGAGTGTAAAGGCATAAGGAAGCTTGACTGTGAGACCTACAAGTCGAGCAGGGACGAAAGTCGGTCTTAGTGATCTGACGGTGCTG,Eukaryota,Bacillariophyta,Bacillariophyceae,Bacillariales,Bacillariaceae,,,99.4,22,95,48
23S,ESV_109701,GCTTTACTGTATCCTGAAATTGGATTTCGATTTTATTTGCGCAGAATAGGTGGGAGACGGAGAGATTCTTCTTTTGGGAAGAAAGGAGTCATTAGTGAGATACCACTCTTATAAAATTAAAATTCTAACTTCATACCGTAAGCCGGTTGAAAAACAGTTTCAGGTGGGCAGTTTGACTGGGGCGGTCGCCTCCCAAAAGGTAACGGAGGCGTACAAAGGTTTCCTCAGATCGGTCAGAAATCGATCTTTGAGTGCAAAGGCAAAAGGAAGCTTAACTGTGAGACAAACAAGTCGAGCAGAGACGAAAGTCGGTCTTAGTGATCTGACGATGCTG,Eukaryota,,,,,,,99.4,5,140,0
23S,ESV_177844,GCTTTACTGTAACTTGAAATTGAAATTGGACTTTATTTGCGCAGTATAGGTGGGAGGCGTTGAGTTTATTCTTGCGGGAATTTAGGAGCCATCAGTGAGATACCACTCTGGTAATGTTAGATTTCTAACTTTGTATCATCATCTGGTCAAAGAACAGTTTCAGGCGGGCAGTTTGACTGGGGCGGTCGCCTCCTAAATGGTAACGGAGGCGTACAAAGGTTTCCTCTGAACGTGTAGAAATCGTATCTAGAGTGTAAAGGCATAAGGAAGCTTGACTGTGAGACCAACAAGTCGAGCAGGGACGAAAGTCGGTCTTAGTGATCTGACGGTGCTG,Eukaryota,Bacillariophyta,Bacillariophyceae,Bacillariales,Bacillariaceae,,,99.1,22,122,0
23S,ESV_100301,GCTTTACTGTAGCCTGGAATTGTGTCCGGGCTTCGCTTGCGCAGGATAGGTGGGAGGCGTTGAGATATTCCTTGTGGGGAATATGGAGCCAACGGTGAGATACCACTCTGGCGAAGCTAGGATTCTAACCCGCTCCCATTATCTGGGAGGGGAACAGTTTCAGGTGGGCAGTTTGACTGGGGCGGTCGCCTCCTAAAAGGTAACGGAGGCGCGCAAAGGTTCCCTCAGCACGCTTGGAAACCGTGCGGCGAGTGTAAAGGCATAAAGGGAGCTTGACTGCAAGAGTGACATCTCGAGCAGGTACGAAAGTAGGCCTTAGTGATCCGACGGCGCAG,Bacteria,Cyanobacteria,unk_class,Nostocales,Fortieaceae,Roholtiella,aff. Roholtiella sp. LEGE 12411,100,1,119,0
23S,ESV_177766,GCTTTACTGTAGCCTGGAATTGTGTTCGGGCTTCGCTTGCGCAGGATAGGTGGGAAGCGGTGAATGATTCCTTTTGGGGAATCAGGAGCTAACGGTGAGATACCACTCTGGCGAAGCTAGAATTCTAACCCATGACCGTCAGCCGGTCAGGGAACAGTTTCAGGTGGGCAGTTTGACTGGGGCGGTCGCCTCCTAAAAGGTAACGGAGGCGCGCAAAGGTTCCCTCAGCACGCTTGGAAACCGTGCGACGAGTGTAAAGGCAAAAGGGAGCTTGACTGCAAGACCGACAAGTCGAGCAGGTACGAAAGTAGGCCTTAGTGATCCGACGGCGCAG,Bacteria,Cyanobacteria,unk_class,Nostocales,,,,97.9,12,0,107
23S,ESV_061701,GCTTGAAGGTAGCTTGGAATTGGGTTTGGGCTCTTTTTGCGCAGTCTAAGTGGGAGGCGAAGAAGATACGGTTTCGGCTTTATCTGAGCCATCAGTGAGAGACCACTCTAAAAGAGCTAGAATCCTAATAGGACTCCTTGAAACAGGATCCTTGACCGTTTCAGGCGGACCTTTTTTCTGGGGCGGATGCCTGCTAAAAGGTAACGGAGGTGTGCAAAGGTTCCCTCAGGCTGGACGGAAATCAGCTGTAGAGTGTAAAGGTAGAAGGGAGCTTGACTGCAAGACCTACAAGTCGAGCAGGGGCGAAAGCCGGCCTTAGTGATCCGACGGTACCA,Eukaryota,Chlorophyta,Ulvophyceae,Ulotrichales,Hazeniaceae,Hazenia,Hazenia capsulata,100,1,0,105
23S,ESV_001986,GCTTTACTGTAACTTGAGACTGATTTCGGGCTTTATTTGCGCAGGATAGGTGGGAGGCGTTGAAACAAAACTTGCGGGATTTGTAGAGCCATCGGTGAGATACCACTCTGATAAAGCTAGAAATCTAACCTTACACTGTAAGCCAGTGGAGAGACAATCTCAGGCGGGCAGTTTGACTGGGGCGGTCGCCTCCTAAAAAGTAACGGAGGCGCACAAAGGTTTCCTCAGATCGGTCAGACATCGATCTTTGAATGTAAAGGTATAAGGAAGCTTGACTGTGAGACTTACAAGTCGAACAGAGACGAAAGTCGGTCTTAGTGATCTGGCGATATTG,Eukaryota,unk_phylum,Xanthophyceae,Vaucheriales,Vaucheriaceae,Vaucheria,Vaucheria sp. 2 AS-2014,99.1,1,54,50
23S,ESV_177845,GCTTTACTGTATCCTGAAATTGAGTTTCGATTTTATCTGCGCAGAATAGGTGGGAGACTTTGAAGTTACTCTTGTGGGGGTAATGGAGTCATTAGTGAGATACCACTCTGATAAAATTGAAATTCTAACTTCATACCGTAAGCCGGTTGAAAGACAGTTTCAGGTGGGCAGTTCGACTGGGGCGGTCGCCTCCTAAAAGGTAACGGAGGCGTACAAAGGTTCCCTCAGATCGGTCAGAAATCGATCTTAGAGTGTAAAGGCAAAAGGGAGCTTAACTGTGAGACAAACAAGTCGAGCAGAGACGAAAGTCGGTCTTAGTGATCTGACGCTGCTG,Eukaryota,unk_phylum,Chrysophyceae,Chromulinales,Chromulinaceae,Chromulina,Chromulina sp. SAG 17.97,97.6,1,101,0
23S,ESV_177774,GCTTTACTGTAGCCTGGAATTGTGTTCGGGCTTCGCTTGCGCAGGATAGGTGGGAAGCGGTGAACTACTCCTTTTGGGGAGTAGGGAGCTAACGGTGAGATACCACTCTGGCGAAGCTAGAATTCTAACCCACGACCGTAAGCCGGTTGGGGAACAGTTTCAGGTGGGCAGTTTGACTGGGGCGGTCGCCTCCTAAAAGGTAACGGAGGCGCGCAAAGGTTCCCTCAGCACGCTTGGAAACCGTGCGACGAGTGTAAAAGCAAAAGGGAGCTTGACTGCAAGACCGACAAGTCGAGCAGGTACGAAAGTAGGCTTTAGTGATCCGACGGCGCAG,Bacteria,Cyanobacteria,unk_class,Nostocales,Aphanizomenonaceae,,,99.4,5,55,40
23S,ESV_031782,GCTTTACTGTAACTTGAGATTGAAATTGGACTTTATTTGCGCAGTATAGGTGGGAGGCTTTGAAGATATTCTTGCGGGAATATTGGAGCCATCAGTGAGATACCACTCTTGTAATGTTAGATTTCTAACTTTGTATCATTATCTGGTCAAAGAACAGTTTCAGGCGGGCAGTTTGACTGGGGCGGTCGCCTCCTAAACGGTAACGGAGGCGCACAAAGGTTTCCTCTGAACGGGTAGAAATCGTATCTAGAGTGTAAAGGCATAAGGAAGCTTGACTGTGAGACCTACAAGTCGAGCAGGGACGAAAGTCGGTCTTAGTGATCTGACGGTGCTG,Eukaryota,Bacillariophyta,Bacillariophyceae,Naviculales,,,,98.5,17,0,90
23S,ESV_177772,GCTTTACTGTAGCCTGGAATTGTGTTCGGGCTTCGCTTGCGCAGGATAGGTGGGAAGCGGTGAACTATTCCTTTTGGGGGATAGGGAGCTAACGGTGAGATACCACTCTGGCGAAGCTAGAATTCTAACCCACGACCGTAAGCCGGTCGGGGAACAGTTTCAGGTGGGCAGTTTGACTGGGGCGGTCGCCTCCTAAAAAGTAACGGAGGCGCGCAAAGGTTCCCTCAGCACGCTTGGAAACCGTGCGACGAGTGTAAAAGCAAAAGGGAGCTTGACTGCAAGACTGACAAGTCGAGCAGGTACGAAAGTAGGCTTTAGTGATCCGACGGCGCAG,Bacteria,Cyanobacteria,unk_class,Nostocales,Aphanizomenonaceae,,,99.4,5,44,42
23S,ESV_177780,GCTTTACTGTAGCCTGGAATTGTGTTCGGGCTTCGCTTGCGCAGGATAGGTGGGAAGCGGTGAACTATTCCTTTTGGGGACTAGGGAGCTAACGGTGAGATACCACTCTGGCGAAGCTAGAATTCTAACCCACGACCGTCAGCCGGTTGGGGAACAGTTTCAGGTGGGCAGTTTGACTGGGGCGGTCGCCTCCTAAAAGGTAACGGAGGCGCGCAAAGGTTCCCTCAGCACGCTTGGAAACCGTGCGACGAGTGTAAAGGCAAAAGGGAGCTTGACTGCAAGACTGACAAGTCGAGCAGGTACGAAAGTAGGCCTTAGTGATCCGACGGCGCAG,Bacteria,Cyanobacteria,unk_class,Nostocales,,,,99.1,6,49,37
23S,ESV_177775,GCTTTACTGTAGCCTGGAATTGTGTTCGGGCTTCGCTTGCGCAGTATAGGTGGGAAGCGGTGAGCTATTCCTTTTGGGGAATAAGGAGCTAACGGTGAGATACCACTCTGGCGAAGCTAGAATTCTAACCCACGACCGTAAGCCGGTCGGGGAACAGTTTCAGGTGGGCAGTTTGACTGGGGCGGTCGCCTCCTAAAAGGTAACGGAGGCGCGCAAAGGTTCCCTCAGCACGCTTGGAAACCGTGCGACGAGTGTAAAGGCAAAAGGGAGCTTGACTGCAAGACTGACAAGTCAAGCAGGTACGAAAGTAGGCCTTAGTGATCCGACGGCGCAG,Bacteria,Cyanobacteria,unk_class,Nostocales,,,,98.5,12,42,39
23S,ESV_059585,GCTTTACTGTAACTTGAAATTGAAATTGGACTTTATTTGCGCAGTATAGGTGGGAGGCGTTGAAAATATTCTTGCGGGAATATTGGAGCCATCAGTGAGATACCACTCTTGTAATGTTAGATTTCTAACTTTGTATCATTATCTGGTCAAAGAACAGTTTCAGGCGGGCAGTTTGACTGGGGCGGTCGCCTCCTAAACGGTAACGGAGGCGCACAAAGGTTTCCTCTGAACGGGTAGAAATCGTATCTAGAGTGTAAAGGCATAAGGAAGCTTGACTGTGAGACCTACAAGTCGAGCAGGGACGAAAGTCGGTCTTAGTGATCTGACGGTGCTG,Eukaryota,Bacillariophyta,Bacillariophyceae,Naviculales,,,,99.1,14,0,81
23S,ESV_031370,GCTTTACTGTAACTTGAAATTGAAATTGGACTTTATTTGCGCAGTATAGGTGGGAGGCGTTGAAAGATTCTTGCGGGAATTCCGGAGCCATCAGTGAGATACCACTCCTATAATGTTAGATTTCTAACTTTTACCATTATCTGGTAAAAGGACAGTTTCAGGCGGGCAGTTTGACTGGGGCGGTCGCCTCCTAAACGGTAACGGAGGCGCACAAAGGTTTCCTCTGAACGGGTAGAAATCGTATCTAGAGTGTAAAGGCAAAAGGAAGCTTGACTGTGAGACCTACAAGTCGAGCAGGGACGAAAGTCGGTCTTAGTGATCTGACGGTGCTG,Eukaryota,Bacillariophyta,,,,,,99.7,3,0,79
23S,ESV_177846,GCTTTACTGTAGCCTGGAATTGTGTTCGGGCTTCGCTTGCGCAGGATAGGTGGGAAGCGGTGAGCTATTCCTTTTGGGGAATAGGGAGCTAACGGTGAGATACCACTCTGGCGAAGCTAGAATTCTAACCCACGACCGTAAGCCGGTTGGGGAACAGTTTCAGGTGGGCAGTTTGACTGGGGCGGTCGCCTCCTAAAAGGTAACGGAGGCGCGCAAAGGTTCCCTCAGCACGCTTGGAAACCGTGCGACGAGTGTAAAGGCAAAAGGGAGCTTGACTGCAAGACTGACAAGTCGAGCAGGTACGAAAGTAGGCCTTAGTGATCCGACGGCGCAG,Bacteria,Cyanobacteria,unk_class,Nostocales,Aphanizomenonaceae,,,98.8,8,77,0
23S,ESV_004065,GCTTTACTGTAACTTGAAATTGAAATTGGACTTTACTTGCGCAGTATAGGTGGGAGGCGTTGAGAATATTCTTGCGGGAATATTGGAGCCATCAGTGAGATACCACTCTTGTAATGTTAGATTTCTAACTTTGTATCATTATCTGGTCAAAGAACAGTTTCAGGCGGGCAGTTTGACTGGGGCGGTCGCCTCCTAAACGGTAACGGAGGCGCACAAAGGTTTCCTCTGAACGGGTAGAAATCGTATCTAGAGTGTAAAGGCATAAGGAAGCTTGACTGTGAGACCTACAAGTCGAGCAGGGACGAAAGTCGGTCTTAGTGATCTGACGGTGCTG,Eukaryota,Bacillariophyta,Bacillariophyceae,Naviculales,,,,99.1,11,0,70
23S,ESV_032871,GCTTTACTGTAACTTGAAATTGAAATTGGACTTTATTTGCGCAGTATAGGTGGGAGGCCTTGAAAATATTCTTGCGGGAATATTGGAGCCATCAGTGAGATACCACTCTTGTAATGTTAGATTTCTAACTTTGGATCATTATCTGGTCAAAGAACAGTTTCAGGCGGGCAGTTTGACTGGGGCGGTCGCCTCCCAAAGGGTAACGGAGGCGCACAAAGGTTTCCTCTGAACGTGTAGAAATCGTATCTAGAGTGTAAAGGCATAAGGAAGCTTGACTGTGAGACCTACAAGTCGAGCAGGGACGAAAGTCGGTCTTAGTGATCTGACGGTGCTG,Eukaryota,Bacillariophyta,Bacillariophyceae,Naviculales,,,,98.5,17,0,68
23S,ESV_031308,GCTTGAAGGTAGCTTGGAATTGGGTTTGGGCTTTTTTTGCGCAGTCTAGGTGGGAGGCGTTGAAGGTAGGGTTTCGGCCCTATTTGAGCCATCAGTGAGAGACCACTCTGAAAAAGCTAGAATCCTAATAGTACTCCTTGAAGCAGGATACTTGACAGTTTCAGGCGGACCTTTTTTCTGGGGCGGATGCCTGCTAAAATGTAACGGAGGTGTGCAAAGGTTCCCTCAGGCTGGACGGAAATCAGCTGTAGAGTGTAAAGGTAGAAGGGAGCTTGACTGCAAGACCTACAAGTCGAGCAGGGGCGAAAGCCGGCCTTAGTGATCCGACGGTACCG,Eukaryota,Chlorophyta,Ulvophyceae,Ulotrichales,,,,99.4,2,0,65
23S,ESV_177847,GCTTTACTGTAGCCTGGAATTGTGTTCGGGCTTCGCTTGCGCAGGATAGGTGGGAAGCGTAGAGGTATTCCTTTTGGGGAATATGGAGCTAACGGTGAGATACCACTCTGGCGAAGCTAGAATTCTAACCCACGACCGTCAGCCGGTCGGGGAACAGTTTCAGGTGGGCAGTTTGACTGGGGCGGTCGCCTCCTAAAAGGTAACGGAGGCGCGCAAAGGTTCCCTCAGCACGCTTGGAAACCGTGCGACGAGTGTAAAGGCATAAAGGGAGCTTGACTGCAAGACTGACAAGTCAAGCAGGTACGAAAGTAGGCCTTAGTGATCCGACGGCGCAG,Bacteria,Cyanobacteria,unk_class,Nostocales,,,,98.2,7,64,0
23S,ESV_177768,GCTTTACTGTAACTTGAGACTGATTTTGGGCTTTATTTGCGCAGCATAGGTGGGAGGCTTTGAAGCAAATCTTACGGGATTCGTGGAGCCATTCGTGAGATACCACTCTGATAAAGCTAGAAATCTAACCTTACACCGTAAGCCGGTGGAGGAACAATCTCAGGCGGGCAGTTTGACTGGGGCGGTCGCCTCCTAAAAAGTAACGGAGGCGCACAAAGGTTTCCTCAGATCGGTCAGACATCGATCTTAGAGTGTAAAGGCATAAGGAAGCTTGACTGTGAGACCTACAAGTCGAACAGAGACGAAAGTCGGTCTTAGTGATCTGGCGATATTG,Eukaryota,unk_phylum,Xanthophyceae,Tribonematales,Tribonemataceae,Tribonema,,97.3,4,0,63
23S,ESV_034468,GCTTTACTGTAACTTGAAATTGAAATTGGACTTTATCTGCGCAGTATAGGTGGGAGGCGTTGAGAATATTCTTGCGGGAATATTGGAGCCATCAGTGAGATACCACTCCTATAATGTTAGATTTCTCACTTTGTATCATTATCTGGTCAAAGGACAGTTTCAGGCGGGCAGTTTGACTGGGGCGGTCGCCTCCTAAATGGTAACGGAGGCGCACAAAGGTTTCCTCTGAACGGGTAGAAATCGTATCTAGAGTGTAAAGGCAAAAGGAAGCTTGACTGTGAGACTTACAAGTCGAGCAGGGACGAAAGTCGGTCTTAGTGATCTGACGGTGCTG,Eukaryota,Bacillariophyta,Bacillariophyceae,,,,,97,24,0,62
23S,ESV_177801,GCTTTACTGTAGCCTGGAATTGTGTTCGGGCTTCGCTTGCGCAGGATAGGTGGGAAGCGGTGAACTATTCCTTTTGGGGACTAGGGAGCTAACGGTGAGATACCACTCTGGCGAAGCTAGAATTCTAACCCACGACCGTAAGCCGGTTGGGGAACAGTTTCAGGTGGGCAGTTTGACTGGGGCGGTCGCCTCCTAAAAGGTAACGGAGGCGCGCAAAGGTTCCCTCAGCACGCTTGGAAACCGTGCGACGAGTGTAAAGGCAAAAGGGAGCTTGACTGCAAGACTGACAAGTCGAGCAGGTACGAAAGTAGGCCTTAGTGATCCGACGGCGCAG,Bacteria,Cyanobacteria,unk_class,Nostocales,,,,98.8,8,45,15
23S,ESV_000923,GCTTTACTGTAACTTGAAATTGAAATTGGACTTTATTTGCGCAGTATAGGTGGGAGGCGTTGAAAGATTCTTGCGGGAATTCCGGAGCCATCAGTGAGATACCACTCCTATAATGTTAGATTTCTAACTTTTACCATTATCTGGTGAAAGGACAGTTTCAGGCGGGCAGTTTGACTGGGGCGGTCGCCTCCTAAACGGTAACGGAGGCGCACAAAGGTTTCCTCTGAACGGGTAGAAATCGTATCTAGAGTGTAAAGGCAAAAGGAAGCTTGACTGTGAGACCTACAAGTCGAGCAGGGACGAAAGTCGGTCTTAGTGATCTGACGGTGCTG,Eukaryota,Bacillariophyta,Bacillariophyceae,,,,,100,2,0,58
23S,ESV_177848,GCTTTACTGTAACTTGAAATTGAAATTGGACTTTACTTGCGCAGTATAGGTGGGAGGCGTTGAGTTTATTCTTGCGGGAATTTAGGAGCCATCAGTGAGATACCACTCTGGTAATGTTAGATTTCTAACTCTGTATCATAATCTGGTCAAAGGACAGTTTCAGGCGGGCAGTTTGACTGGGGCGGTCGCCTCCTAAATGGTAACGGAGGCGTACAAAGGTTTCCTCTGAACGTGTAGAAATCGTATCTAGAGTATAAAGGCATAAGGAAGCTTGACTGTGAGACTTACAAGTCGAGCAGGGACGAAAGTCGGTCTTAGTGATCTGACGGTGCTG,Eukaryota,Bacillariophyta,Bacillariophyceae,Bacillariales,Bacillariaceae,Nitzschia,,99.7,8,57,0
23S,ESV_070252,GCTTTACTGTATCCTGAAATTGGATTTTGATTTTCTTTGCGCAGCATAGGTGGGAAGCTTTGAAGAAATTCTTGTGGGGATTTTGGAGCTATCAGTGAGATACCACTCTGAGAAAATTGACATTCTAACTTTACTCCGTAAGCCGGATAAAGAACAGTTTCAGGTGGGCAGTTTGACTGGGGCGGTCACCTCCTAAAAAGTAACGGAGGTGTACAAAGGTTTTCTCAGATCGGACAGAAATCGATCTACGAGTGCAAAGGCAAAAGAAAGCTTAACTGTGAGACAAACAAGTCGAGCAGAGACGAAAGTCGGTCTTAGTGATCTGACGCTGCTG,Eukaryota,unk_phylum,Synurophyceae,Synurales,Mallomonadaceae,,,90.4,3,28,29
23S,ESV_177776,GCTTTACTGTAGCCTGGAATTGTGTTCGGGCTTGGCTTGCGCAGGATAGGTGGGAGGCGATGAAGTATTCCTTGTGGGGAGTATGGAGCCAACGGTGAGATACCACTCTGGCGAAGCTAGAATTCTAACCCATGACCATTATCTGGTCAGGGAACAGTTTCAGGTGGGCAGTTTGACTGGGGCGGTCGCCTCCTAAAAGGTAACGGAGGCGCGCAAAGGTTCCCTCAGCACGCTTGGAAACCGTGCGACGAGTGTAAAGGCAAAAGGGAGCTTGACTGCAAGACTGACAAGTCGAGCAGGTACGAAAGTAGGCCTTAGTGATCCGACGGCGCAG,Bacteria,Cyanobacteria,unk_class,Nostocales,Nostocaceae,Nostoc,,99.7,20,17,39
23S,ESV_177769,GCTTTACTGTAGCCTGGAATTGTGTTCGGGCTTCGCTTGCGCAGGATAGGTGGGAAGCGATGAAGTTATCCTTGTGGGGATAATGGAGCTAACGGTGAGATACCACTCTGGCGAAGCTAGAATTCTAACCCACGACCGTAAGCCGGTCGGGGAACAGTTTCAGGTGGGCAGTTTGACTGGGGCGGTCGCCTCCTAAAAGGTAACGGAGGCGCGCAAAGGTTCCCTCAGCACGCTTGGAAACCGTGCGACGAGTGTAAAGGCAAAAGGGAGCTTGACTGCAAGACTGACAAGTCGAGCAGGTACGAAAGTAGGCCTTAGTGATCCGACGGCGCAG,Bacteria,Cyanobacteria,unk_class,Nostocales,,,,99.1,7,0,55
23S,ESV_177795,GCTTTACTGTAGCCTGGAATTGTGTTCGGGCTTCGCTTGCGCAGGATAGGTGGGAAGCGGTGAACTACTCCTGTTGGGGAGTAGGGAGCTAACGGTGAGATACCACTCTGGCGAAGCTAGAATTCTAACCCACGACCGTAAGCCGGTCGGGGAACAGTTTCAGGTGGGCAGTTTGACTGGGGCGGTCGCCTCCTAAAAAGTAACGGAGGCGCGCAAAGGTTCCCTCAGCACGCTTGGAAACCGTGCGACGAGTGTAAAAGCAAAAGGGAGCTTGACTGCAAGACCCACAAGTCGAGCAGGTACGAAAGTAGGCTTTAGTGATCCGACGGCGCAG,Bacteria,Cyanobacteria,unk_class,Nostocales,Aphanizomenonaceae,Dolichospermum,,98.8,2,34,19
23S,ESV_073968,GCTTTACTGTAGCCTGGAATTGTGTTCGGGCTTGGCTTGCGCAGGATAGGTGGGAGGCGATGAAGTTGTCCTTGTGGGGATAATGGAGCCAACGGTGAGATACCACTCTGGCGAAGCTAGAATTCTAACCCATGACCGTTATCCGGTCAGGGAACAGTTTCAGGTGGGCAGTTTGACTGGGGCGGTCGCCTCCTAAAAGGTAACGGAGGCGCGCAAAGGTTCCCTCAGCACGCTTGGAAACCGTGCGACGAGTGTAAAGGCATAAAGGGAGCTTGACTGCAAGACTGACAAGTCAAGCAGGTACGAAAGTAGGCCTTAGTGATCCGACGGCGCAG,Bacteria,Cyanobacteria,unk_class,Nostocales,Nostocaceae,Nostoc,,98.5,26,0,53
23S,ESV_177770,GCTTTACTGTAACTTGAGATTGATTTCGGGCTTTATTTGCGCAGGATAGGTGGGAGGCATTGAAACAAAACTTGCGGGATTTGTGAAGCCATTGGTGAGATACCACTCTGATAAAGCTAGAAATCTAACCTTACACTGTAAGCCAGTGAAGAAACAATCTCAGGTGGGCAGTTTGACTGGGGCGGTCGCCTCCTAAAAAGTAACGGAGGCGCACAAAGGTTTCCTCAGATCGGTCAGACATCGATCTTTGAGTGTAAAGGTATAAGGAAGCTTGACTGTGAGACCTACAAGTCGAACAGAGACGAAAGTCGGTCTTAGTGATCTGGCGATATTG,Eukaryota,unk_phylum,Xanthophyceae,Vaucheriales,Vaucheriaceae,Vaucheria,,99.1,2,0,53
23S,ESV_177849,GCTTTACTGTAGCCTGATATTGATTTTTGTTTTTAGTTGCGCAGAATAAGTGGGAGACAATGAAAATATTTTTTTGGGAATATTGGAGTCAAATGTGAGATACCACTCTATTAAACATGAAAATCTAATTTCATATCGTAAGCCGATTGAAAAACAGTTTCTGGTGGGCAGTTTCACTTGGGCGGTGGCCTCCTAAAAGGTAACGGAGGCGTACAAAGGTTTCCTCAAATCGGTCAGAAATCGATTTTAGAGTGTAAAGGCAAAAGGAAGCTTAACTGTGAGACAAACAAGTCGAACAGAGACGAAAGTCGGTCTTAGTGATCTGACGCTACTG,Eukaryota,,,,,,,88.9,9,52,0
23S,ESV_177799,GCTTTACTGTAGCCTGGAATTGTGTTCGGGCTTCGCTTGCGCAGGATAGGTGGGAAGCGGTGAACTACTCCTTTTGGGGACTAGGGAGCTAACGGTGAGATACCACTCTGGCGAAGCTAGAATTCTAACCCACGACCGTAAGCCGGTCGGGGAACAGTTTCAGGTGGGCAGTTTGACTGGGGCGGTCGCCTCCTAAAAAGTAACGGAGGCGCGCAAAGGTTCCCTCAGCACGCTTGGAAACCGTGCGACGAGTGTAAAAGCAAAAGGGAGCTTGACTGCAAGACCCACAAGTCGAGCAGGTACGAAAGTAGGCTTTAGTGATCCGACGGCGCAG,Bacteria,Cyanobacteria,unk_class,Nostocales,Aphanizomenonaceae,,,98.8,5,35,16
23S,ESV_036170,GCTTTACTGTAACTTGAAATTGAAATTGGACTTTATTTGCGCAGTATAGGTGGGAGGTGTTGAGTTTATTCTTGCGGGAATTTAGGAGCCATCAGTGAGATACCACTCTGGTAATGTTAGATTTCTAACTTTGTATCATAATCTGGTCAAAGAACAGTTTCAGGCGGGCAGTTTGACTGGGGCGGTCGCCTCCCAAATGGTAACGGAGGCGTACAAAGGTTTCCTCTGAACGTGTAGAAATCGTATCTAGAGTGTAAAGGCATAAGGAAGCTTGACTGTGAGACTTACAAGTCGAGCAGGGACGAAAGTCGGTCTTAGTGATCTGACGGTGCTG,Eukaryota,Bacillariophyta,Bacillariophyceae,Bacillariales,Bacillariaceae,,,99.4,17,0,51
23S,ESV_177771,GCTTTACTGTAGCCTGGAATTGTGTTCGGGCTTCGCTTGCGCAGGATAGGTGGGAAGCGGTGAACTATTCCTTTTGGGGAATAGGGAGCTAACGGTGAGATACCACTCTGGCGAAGCTAGAATTCTAACCCACGACCGTAAGCCGGTTGGGGAACAGTTTCAGGTGGGCAGTTTGACTGGGGCGGTCGCCTCCTAAAAGGTAACGGAGGCGCGCAAAGGTTCCCTCAGCACGCTTGGAAACCGTGCGACGAGTGTAAAAGCAAAAGGGAGCTTGACTGCAAGACCCACAAGTCGAGCAGGTACGAAAGTAGGCTTTAGTGATCCGACGGCGCAG,Bacteria,Cyanobacteria,unk_class,Nostocales,Aphanizomenonaceae,,,99.1,5,0,50
23S,ESV_070973,GCTTTACTGTTCCCTGGGATTGGGTTTGGGCCCTTCTTGCGCAGTCTAGGTGGGAGGCGAAGACGGCGTCCTTCCGGGGACGCTCGAGCCGAAGATGAGAGACCACCCTAGAAGGGCTAGGATTCTAACCTTATGCCTAGAAGAAGGCTAGGGGACAGTCCCAGGTAGACAGTTTCTATGGGGCGTAGGCCTCCCAAAGGGTAACGGAGGCGTGCAAAGGTTTCCTCAGGCTGGACGGAAATCAGCCTTCGAGTGCAAAGGCAGAAGGGAGCTTGACTGCAAGACCTACACGTCGAGCAGGGACGAAAGTCGGCCTTAGTGATCCGACGGTTCCG,Eukaryota,Streptophyta,Zygnemophyceae,Desmidiales,Desmidiaceae,Cosmarium,Cosmarium meneghinii,100,1,0,48
23S,ESV_031253,GCTTTACTGTAACTTGAAATTGAAATTGGACTTTAGTTGCGCAGGATAGGTGGGAGGCGTTGATAATAGTCTTGCGGGATTATTGGAGCCATCAGTGAGATACCACTCTTCTAATGTTAGATTTCTAACTTTGTATCATTATCTGGTCAAAGAACAGTTTCAGGCGGGCAGTTTGACTGGGGCGGTCGCCTCCTAAACGGTAACGGAGGCGCACAAAGGTTTCCTCTGAACGGGTAGAAATCGTATCTAGAGTGTAAAGGCATAAGGAAGCTTGACTGTGAGACCTACAAGTCGAGCAGGGACGAAAGTCGGTCTTAGTGATCTGACGGTGCTG,Eukaryota,Bacillariophyta,,,,,,97.6,19,0,48
23S,ESV_031133,GCTTTACTGTAACTTGGAATTGAAATTGGACTTTATTTGCGCAGTATAGGTGGGAGGCGTTGAGAATATTCTTGCGGGGATATAGGAGCCATCAGTGAGATACCACTCTTGTAATGTTAGATTTCTAACTTTGAATCATTATCTGGTCAAAGAACAGTTTCAGGCGGGCAGTTTGACTGGGGCGGTCGCCTCCTAAATGGTAACGGAGGCGCACAAAGGTTTCCTCTGAACGGGTAGAAATCGTATCTAGAGTGTAAAGGCATAAGGAAGCTTGACTGTGAGACCTACAAGTCGAGCAGGGACGAAAGTCGGTCTTAGTGATCTGACGGTGCTG,Eukaryota,Bacillariophyta,Bacillariophyceae,Naviculales,Naviculaceae,Fistulifera,Fistulifera pelliculosa,99.7,1,0,46
23S,ESV_061356,GCTTTACTGTAACTTGAAATTGAAATTGGACTTTATTTGCGCAGTATAGGTGGGAGGCGTTGAGAGTATTCTTGCGGGAATATTGGAGCCATCAGTGAGATACCACTCTTGTAATGTTAGATTTCTAACTTTGGATCATTATCTGGTCAAAGGACAGTTTCAGGCGGGCAGTTTGACTGGGGCGGTCGCCTCCTAAACGGTAACGGAGGCGTACAAAGGTTTCCTCTGAACGGGTAGAAATCGTATCTAGAGTGTAAAGGCATAAGGAAGCTTGACTGTGAGACCTACAAGTCGAGCAGGGACGAAAGTCGGTCTTAGTGATCTGACGGTGCTG,Eukaryota,Bacillariophyta,Bacillariophyceae,Naviculales,Sellaphoraceae,Sellaphora,,99.4,8,0,46
23S,ESV_177850,GCTTTACTGTAGCCTGGAATTGTGTCCGGGCTTCGCTTGCGCAGGATAGGTGGGAGGCGTTGAGATATTCCTTGTGGGGAATATGGAGCCAACGGTGAGATACCACTCTGGCGAAGCTAGGATTCTAACCCGCTCCCATTATCTGGGAGGGGAACAGTTTCAGGTGGGCAGTTTGACTGGGGCGGTCGCCTCCTAAAAGGTAACGGAGGCGCGCAAAGGTTCCCTCAGCGCGCTTGGAAACCGTGCGGCGAGTGTAAAGGCATAAAGGGAGCTTGACTGCAAGAGTGACATCTCGAGCAGGTACGAAAGTAGGCCTTAGTGATCCGACGGCGCAG,Bacteria,Cyanobacteria,unk_class,Nostocales,,,,99.7,2,45,0
23S,ESV_177782,GCTTTACTGTAGCCTGGAATTGTGTTCGGGCTTCGCTTGCGCAGGATAGGTGGGAAGCGGTGAACTATTCCTTTTGGGGAATAGGGAGCTAACGGTGAGATACCACTCTGGCGAAGCTAGAATTCTAACCCACGACCGTAAGCCGGTTGGGGAACAGTTTCAGGTGGGCAGTTTGACTGGGGCGGTCGCCTCCTAAAAGGTAACGGAGGCGCGCAAAGGTTCCCTCAGCACGCTTGGAAACCGTGCGACGAGTGTAAAAGCAAAAGGGAGCTTGACTGCAAGACCCACAAGTCAAGCAGGTACGAAAGTAGGCTTTAGTGATCCGACGGCGCAG,Bacteria,Cyanobacteria,unk_class,Nostocales,Aphanizomenonaceae,,,98.8,5,9,34
23S,ESV_177773,GCTTTACTGTAGCCTGGAATTGTGTTCGGGCTTCGCTTGCGCAGGATAGGTGGGAAGCGATGAAGTTATCCTTGTGGGGATAATGGAGCTAACGGTGAGATACCACTCTGGCGAAGCTAGAATTCTAACCCACGACCGTAAGCCGGTCGGGGAACAGTTTCAGGTGGGCAGTTTGACTGGGGCGGTCGCCTCCTAAAAAGTAACGGAGGCGCGCAAAGGTTCCCTCAGCACGCTTGGAAACCGTGCGACGAGTGTAAAAGCAAAAGGGAGCTTGACTGCAAGACCCACAAGTCGAGCAGGTACGAAAGTAGGCTTTAGTGATCCGACGGCGCAG,Bacteria,Cyanobacteria,unk_class,Nostocales,,,,97.6,10,0,42
23S,ESV_177851,GCTTTACTGTAACTTGAAATTGAAATTGGACTTTATTTGCGCAGTATAGGTGGGAGGCGTTGAGAATATTCTTGCGGGAATATTGGAGCCATCAGTGGGATACCACTCTTGTAATGTTAGATTTCTAACTTTGTATCATTATCTGGTCAAAGGACAGTTTCAGGCGGGCAGTTTGACTGGGGCGGTCGCCTCCCAAACGGTAACGGAGGCGTACAAAGGTTTCCTCTGAACGGGTAGAAATCGTATCTAGAGTGTAAAGGCATAAGGAAGCTTGACTGTGAGACCTACAAGTCGAGCAGGGACGAAAGTCGGTCTTAGTGATCTGACGGTGCTG,Eukaryota,Bacillariophyta,Bacillariophyceae,Naviculales,Sellaphoraceae,Sellaphora,,99.1,8,40,0
23S,ESV_031762,GCTTTACTGTATCTTGGAATTGGGTTTGGGCCTTGCTTGCGCAGGATAGGTGGGAGGCTTTGAAGATATTCTTGCGGGAATGTTGGAGCCAACGGTGAGATACCACTCTAGTAAGGCTAAAATTCTAACTTTGAACCGTTATCCGGTCAAAGAACAGTTTCAGGTGGGCAGTTTGACTGGGGCGGTCGCCTCCTAAAAGGTAACGGAGGCGCGCAAAGGTTCCCTCAGGCTGGTTGGACATCAGTCGTAGAGTGTAAAGGCATAAGGGAGCTTGACTGCGAGACTTACAAGTCGAGCAGAGACGAAAGTCGGCCTTAGTGATCCGACGGTTCCG,Eukaryota,unk_phylum,Cryptophyceae,Cryptomonadales,Cryptomonadaceae,Cryptomonas,,99.7,3,0,40
23S,ESV_177789,GCTTTACTGTAGCCTGGAATTGTGTTCGGGCTTCGCTTGCGCAGGATAGGTGGGAAGCGGTGAACTACTCCTTTTGGGGAGTAGGGAGCTAACGGTGAGATACCACTCTGGCGAAGCTAGAATTCTAACCCACGACCGTAAGCCGGTCGGGGAACAGTTTCAGGTGGGCAGTTTGACTGGGGCGGTCGCCTCCTAAAAAGTAACGGAGGCGCGCAAAGGTTCCCTCAGCACGCTTGGAAACCGTGCGACGAGTGTAAAAGCAAAAGGGAGCTTGACTGCAAGACCCACAAGTCGAGCAGGTACGAAAGTAGGCCTTAGTGATCCGACGGCGCAG,Bacteria,Cyanobacteria,unk_class,Nostocales,Aphanizomenonaceae,,,98.8,3,18,21
23S,ESV_177853,GCTTTACTGTATCCTGAAATTGGATTTTGATTTTCTTTGCGCAGCATAGGTGGGAAGCTTAGAAGAAATTCTTGTGGGGATTTTGGAGCTATCAGTGAGATACCACTCTGAGAAAATTGACATTCTAACTTTACTCCGTAAGCCGGATAAAGAACAGTTTCAGGTGGGCAGTTTGACTGGGGCGGTCACCTCCTAAAAAGTAACGGAGGTGTACAAAGGTTTTCTCAGATCGGACAGAAATCGATCTACGAGTGCAAAGGCAAAAGAAAGCTTAACTGTGAGACAAACAAGTCGAGCAGAGACGAAAGTCGGTCTTAGTGATCTGACGCTGCTG,Eukaryota,unk_phylum,Synurophyceae,Synurales,Mallomonadaceae,,,90.1,3,39,0
23S,ESV_177852,GCTTTACTGTAGCCTGGAATTGTGTTCGGGCTTCGCTTGCGCAGGATAGGTGGGAAGCGGTGAACTACTCCTTTTGGGGAATAGGGAGCTAACGGTGAGATACCACTCTGGCGAAGCTAGAGTTCTAACCCACGACCGTAAGCCGGTCGGGGAACAGTTTCAGGTGGGCAGTTTGACTGGGGCGGTCGCCTCCTAAAAAGTAACGGAGGCGCGCAAAGGTTCCCTCAGCACGCTTGGAAACCGTGCGACGAGTGTAAAAGCAAATGGGAGCTTGACTGCAAGACCCACAAGTCGAGCAGGTACGAAAGTAGGCTTTAGTGATCCGACGGCGCAG,Bacteria,Cyanobacteria,unk_class,Nostocales,Aphanizomenonaceae,,,98.2,5,39,0
23S,ESV_177854,GCTTTACTGTAACTTGAAATTGAAACTGGACTTTATTTGCGCAGTATAGGTGGGAGGCGTTGAGAATATTCTTGCGGGAGTATTGGAGCCATCAGTGAGATACCACTCTTGTAATGTTAGGTTTCTAACTTTGTATCATTATCTGGTCAAAGAACAGTTTCAGGCGGGCAGTTTGACTGGGGCGGTCGCCTCCTAAATGGTAGCGGAGGCGCACAAAGGTTTCCTCTGAACGGGTAGAAATCGTATCTAGAGTGTAAAGGCAAAAGGAAGCTTGACTGTGAGACTTACAAGTCGAGCAGGGACGAAAGTCGGTCTTAGTGATCTGACGGTGCTG,Eukaryota,Bacillariophyta,Bacillariophyceae,Naviculales,Amphipleuraceae,Halamphora,Halamphora coffeaeformis,98.5,1,38,0
23S,ESV_177777,GCTTTACTGTAGCCTGGAATTGTGTTCGGGCTTCGCTTGCGCAGGATAGGTGGGAAGCGGTGAACTATTCCTTTTGGGGAATAGGGAGCTAACGGTGAGATACCACTCTGGCGAAGCTAGAATTCTAACCCACGACCGTAAGCCGGTCGGGGAACAGTTTCAGGTGGGCAGTTTGACTGGGGCGGTCGCCTCCTAAAAAGTAACGGAGGCGCGCAAAGGTTCCCTCAGCACGCTTGGAAACCGTGCGACGAGTGTAAAAGCAAAAGGGAGCTTGACTGCAAGACCCACAAGTCGAGCAGGTACGAAAGTAGGCTTTAGTGATCCGACGGCGCAG,Bacteria,Cyanobacteria,unk_class,Nostocales,Aphanizomenonaceae,,,99.1,5,0,38
23S,ESV_177778,GCTTTACTGTTCCCTGGGATGGACTTTGGGCTTCTCTTGCGCAGCTTAGGTGGAAGGCGAAGACGATCCCTTTCTGGGGGGATAAGAGCCACCAATGAGACACCACCCTAGAGAAGCTAGAATTCTAACCTTATGCCTATTAGAAGGCTAGGAGACAGTCCCAGGTAGACAGTTTCTATGGGGCGTAGGCCTCCCAAAAGGTAACGGAGGCGTGCAAAGGTTCCCTCAGGCTGGACAGAAATCAGCCTTCGAGTATAAAGGCAGAAGGGAGCTTGACTGCAAGACTGACACGTCGAGCAGGGACGAAAGTCGGCCTTAGTGATCCGACGGTTCCG,Eukaryota,Streptophyta,Zygnemophyceae,Zygnematales,Zygnemataceae,Spirogyra,Spirogyra sp. M1843,98.8,1,0,38
23S,ESV_177779,GCTTTACTGTAACTTGAAATTGAAATTGGACTTTATTTGCGCAGTATAGGTGGGAGGCGTTGAAAGATTCTTGCGGGAATTCTGGAGCCATCAGTGAGATACCACTCCTATAATGTTAGGTTTCTAACTTTTACCATTATCTGGTGAAAGGACAGTTTCAGGCGGGCAGTTTGACTGGGGCGGTCGCCTCCTAAACGGTAACGGAGGCGCACAAAGGTTTCCTCTGAACGGGTAGAAATCGTATCTAGAGTGTAAAGGCATAAGGAAGCTTGACTGTGAGACCTACAAGTCGAGCAGGGACGAAAGTCGGTCTTAGTGATCTGACGGTGCTG,Eukaryota,Bacillariophyta,,,,,,99.4,3,0,38
23S,ESV_000035,GCTTCACTGTTCCCTGGGATTGGCTTTGGGCCTTTCCTGCGCAGCTTAGGTGGAAGGCGAAGAAGGCCCCCTTCGGGGGGGGTCCGAGCCGTCAGTGAGATACCACTCTGGAAGAGCTAGAATTCTAACCTTGTGTCAGGACCTACGGGCCAAGGGACAGTCTCAGGTAGACAGTTTCTATGGGGCGTAGGCCTCCCAAAAGGTAACGGAGGCGTGCAAAGGTTTCCTCGGGCCGGACGGAGATTGGCCCTCGAGTGCAAAGGCAGAAGGGAGCTTGACTGCAAGACCCACCCGTCGAGCAGGGACGAAAGTCGGCCTTAGTGATCCGACGGTGCCG,Eukaryota,Streptophyta,Magnoliopsida,Malpighiales,Salicaceae,,,100,66,0,38
23S,ESV_177822,GCTTTACTGTAGCCTGGAATTGTGTTCGGGCTTCGCTTGCGCAGGATAGGTGGGAAGCGGTGAACTATTCCCTTTGGGGACTAGGGAGCTAACGGTGAGATACCACTCTGGCGAAGCTAGAATTCTAACCCACGACCGTCAGCCGGTTGGGGAACAGTTTCAGGTGGGCAGTTTGACTGGGGCGGTCGCCTCCTAAAAGGTAACGGAGGCGCGCAAAGGTTCCCTCAGCACGCTTGGAAACCGTGCGACGAGTGTAAAGGCAAAAGGGAGCTTGACTGCAAGACTGACAAGTCGAGCAGGTACGAAAGTAGGCCTTAGTGATCCGACGGCGCAG,Bacteria,Cyanobacteria,unk_class,Nostocales,,,,98.8,6,26,10
23S,ESV_092903,GCTTCACTGGATCCTGAAATTGAATTTTGATTTTATTTGCGCAGAATAGGTGGGAGACATAGAAATTATTTTTTTGGAAATAATAGAGTCATCAATGAGATACCACTCTGATAAAATAGAAATTCTAACTTCATTCCGTAATCCGGTTGAAAAACAGTTTCAGGTGGACAGTTTCACTGGGGCGGTGGCCTCCTAAAAAGTAACGGAGGCGTACAAAGGTTTTCTCAGATCGGTCAGAAATCGATCTTCGAGCGTAAAGGTAAAAGAAAGCTTAACTGTGAGACAAACAAGTCTAGCAGAGACGAAAGTCGGTCTTAGTGATCTGACGCTGCTG,Eukaryota,,,,,,,91.6,4,0,35
23S,ESV_003581,GCTTTACTGTAACTTGAAATTGAAATTGGACTTTACTTGCGCAGTATAGGTGGGAGGCGTTGATTTTATTCTTGCGGGAATTTAGGAGCCATCAGTGAGATACCACTCTGGTAATGTTAGATTTCTAACTTTGTATCATAATCTGGTCAAAGAACAGTTTCAGGCGGGCAGTTTGACTGGGGCGGTCGCCTCCCAAACGGTAACGGAGGCGTACAAAGGTTTCCTCTGAACGTGTAGAAATCGTATCTAGAGTGTAAAGGCATAAGGAAGCTTGACTGTGAGACCTACAAGTCGAGCAGGGACGAAAGTCGGTCTTAGTGATCTGACGGTGCTG,Eukaryota,Bacillariophyta,Bacillariophyceae,Bacillariales,Bacillariaceae,,,99.1,19,0,35
23S,ESV_177798,GCTTTACTGTAGCCTGGAATTGTGTTCGGGCTTGGCTTGCGCAGGATAGGTGGGAGGCGATGAAGTATTCCTTGTGGGGAGTATGGAGCCAACGGTGAGATACCACTCTGGCGAAGCTAGAATTCTAACCCATGACCGTTATCCGGTCAGGGAACAGTTTCAGGTGGGCAGTTTGACTGGGGCGGTCGCCTCCTAAAAGGTAACGGAGGCGCGCAAAGGTTCCCTCAGCACGCTTGGAAACCGTGCGACGAGTGTAAAGGCAAAAGGGAGCTTGACTGCAAGACTGACAAGTCGAGCAGGTACGAAAGTAGGCCTTAGTGATCCGACGGCGCAG,Bacteria,Cyanobacteria,unk_class,Nostocales,Nostocaceae,Nostoc,,99.4,25,17,17
23S,ESV_177781,GCTTTACTGTAGCCTGGAATTGTGTTCGGGCTTCGCTTGCGCAGGATAGGTGGGAAGCGGTGAACTACTCCTTTTGGGGAATAGGGAGCTAACGGTGAGATACCACTCTGGCGAAGCTAGAATTCTAACCCACGACCGTAAGCCGGTCGGGGAACAGTTTCAGGTGGGCAGTTTGACTGGGGCGGTCGCCTCCTAAAAGGTAACGGAGGCGCGCAAAGGTTCCCTCAGCACGCTTGGAAACCGTGCGAAGAGTGTAAAGGCAGAAGGGAGCTTGACTGCAAGACCGACAAGTCGAGCAGGTACGAAAGTAGGCCTTAGTGATCCGACGGCGCAG,Bacteria,Cyanobacteria,unk_class,Nostocales,Aphanizomenonaceae,,,99.7,3,0,34
23S,ESV_177783,GCTTTACTGTAGCCTGGAATTGTGTTCGGGCTTCGCTTGCGCAGGATAGGTGGGAAGCGGTGAACTACTCCTTTTGGGGAATAGGGAGCTAACGGTGAGATACCACTCTGGCGAAGCTAGAATTCTAACCCACGACCGTCAGCCGGTTGGGGAACAGTTTCAGGTGGGCAGTTTGACTGGGGCGGTCGCCTCCTAAAAGGTAACGGAGGCGCGCAAAGGTTCCCTCAGCACGCTTGGAAACCGTGCGACGAGTGTAAAGGCAAAAGGGAGCTTGACTGCAAGACTGACAAGTCGAGCAGGTACGAAAGTAGGCCTTAGTGATCCGACGGCGCAG,Bacteria,Cyanobacteria,unk_class,Nostocales,,,,99.1,6,0,32
23S,ESV_177855,GCTTTACTGTAGCCTGGAATTGTGTTCGGGCTTCGCTTGCGCAGGATAGGTGGGAAGCGATGAAGTTATCCTTGTGGGGATAATGGAGCTAACGGTGAGATACCACTCTGGCGAAGCTAGAATTCTGACCCACGACCGTAAGCCGGTCGGGGAACAGTTTCAGGTGGGCAGTTTGACTGGGGCGGTCGCCTCCTAAAAGGTAACGGAGGCGCGCAAAGGTTCCCTCAGCACGCTTGGAAACCGTGCGAAGAGTGTAAAGGCAGAAGGGAGCTTGACTGCAAGACCGACAAGTCGAGCAGGTACGAAAGTAGGCCTTAGTGATCCGACGGCGCAG,Bacteria,Cyanobacteria,unk_class,Nostocales,,,,98.8,7,31,0
23S,ESV_177805,GCTTTACTGTAGCCTGGAATTGTGTTCGGGCTTCGCTTGCGCAGGATAGGTGGGAAGCGGTGAACTACTCCTTGTGGGGAATAGGGAGCTAACGGTGAGATACCACTCTGGCGAAGCTAGAATTCTAACCCACGACCGTAAGCCGGTCGGGGAACAGTTTCAGGTGGGCAGTTTGACTGGGGCGGTCGCCTCCTAAAAAGTAACGGAGGCGCGCAAAGGTTCCCTCAGCACGCTTGGAAACCGTGCGACGAGTGTAAAAGCAAAAGGGAGCTTGACTGCAAGACCCACAAGTCGAGCAGGTACGAAAGTAGGCTTTAGTGATCCGACGGCGCAG,Bacteria,Cyanobacteria,unk_class,Nostocales,Aphanizomenonaceae,,,98.5,5,17,14
23S,ESV_177791,GCTTTACTGTAGCCTGGAATTGTGTTCGGGCTTCGCTTGCGCAGGATAGGTGGGAAGCGGTGAACTATTCCTTTTGGGGAATAGGGAGCTAACGGTGAGATACCACTCTGGCGAAGCTAGAATTCTAACCCACGACCGTAAGCCGGTTGGGGAACAGTTTCAGGTGGGCAGTTTGACTGGGGCGGTCGCCTCCTAAAAAGTAACGGAGGCGCGCAAAGGTTCCCTCAGCACGCTTGGAAACCGTGCGACGAGTGTAAAAGCAAAAGGGAGCTTGACTGCAAGACCCACAAGTCGAGCAGGTACGAAAGTAGGCTTTAGTGATCCGACGGCGCAG,Bacteria,Cyanobacteria,unk_class,Nostocales,Aphanizomenonaceae,,,99.4,5,10,20
23S,ESV_177856,GCTTCACTGGATCCTGAAATTGACTTTTGATTTTATTTGCGCAGAATAGGTGGGAGACATCGGAATTATTTTTTTGGAAATAATAGAGTCGTCAATGAGATACCACTCTGATAAAATAGAAATTCTAACTTCATTCCGTAATCCGGTTGAAAAACAGTTTCAGGTGGACAGTTTCACTGGGGCGGTGGCCTCCTAAAAAGTAACGGAGGCGTACAAAGGTTTCCTCAGGTCGGTCAGAAATCGATCCTCGAGCGTAAAGGTAAAAGGAAGCTTAACTGTGAGACAAACAAGTCTAGCAGAGACGAAAGTCGGTCTTAGTGATCTGACGCTGCTG,Eukaryota,,,,,,,90.7,4,30,0
23S,ESV_075047,GCTTGAAGGTAGCTTGGAATTGGGTTTGGGCTCTTTTTGCGCAGTCTAGGTGGGAGGCGTTGAAGGTAGGGTTTCGGCCCTATTTGAGCCATCAGTGAGAGACCACTCTGAAAGAGCTAGAATCCTAATAGTACTCCTTGAAGCAGGATACTTGACAGTTTCAGGCGGACCTTTTTTCTGGGGCGGATGCCTGCTAAAAGGTAACGGAGGTGTGCAAAGGTTCCCTCAGGCTGGACGGAAATCAGCTGTAGAGTGTAAAGGTAGAAGGGAGCTTGACTGCAAGACCTACAAGTCGAGCAGGGGCGAAAGCCGGCCTTAGTGATCCGACGGTACCG,Eukaryota,Chlorophyta,Ulvophyceae,Ulotrichales,Sarcinofilaceae,Sarcinofilum,Sarcinofilum mucosum,100,1,0,28
23S,ESV_177785,GCTTTACTGTAGCCTGGAATTGTGTTCGGGCTTCGCTTGCGCAGGATAGGTGGGAAGCGATGAAGTTATCCTTGTGGGGATAATGGAGCTAACGGTGAGATACCACTCTGGCGAAGCTAGAATTCTAACCCACGACCGTAAGCCGGTCGGGGAACAGTTTCAGGTGGGCAGTTTGACTGGGGCGGTCGCCTCCTAAAAGGTAACGGAGGCGCGCAAAGGTTCCCTCAGCACGCTTGGAAACCGTGCGGCGAGTGTAAAGGCATAAAGGGAGCTTGACTGCAAGACTGACAAGTCGAGCAGGTACGAAAGTAGGCCTTAGTGATCCGACGGCGCAG,Bacteria,Cyanobacteria,unk_class,Nostocales,,,,98.8,7,0,28
23S,ESV_177784,GCTTTACTGTAGCCTGGAATTGTGTTCGGGCTTCGCTTGCGCAGGATAGGTGGGAAGCGGTGAACTACTCCTTTTGGGGAATAGGGAGCTAACGGTGAGATACCACTCTGGCGAAGCTAGAATTCTAACCCACGACCGTAAGCCGGTTGGGGAACAGTTTCAGGTGGGCAGTTTGACTGGGGCGGTCGCCTCCTAAAAGGTAACGGAGGCGCGCAAAGGTTCCCTCAGCACGCTTGGAAACCGTGCGACGAGTGTAAAGGCAAAAGGGAGCTTGACTGCAAGACTGACAAGTCGAGCAGGTACGAAAGTAGGCCTTAGTGATCCGACGGCGCAG,Bacteria,Cyanobacteria,unk_class,Nostocales,,,,98.8,8,0,28
23S,ESV_123758,GCTTTACTGTATCCTGAAATTGAGTTTTGATTTTATTTGCGCAGAATAGGTGGGAGACATTGAATTTATTCTTCTGGGAATATTGGAGTCACCTGTGAGATACCACTCTGATAAAATCGAAATTCTAACTTCATTCCGTAAGCCGGTTGAAAAACAGTTTCAGGTGGGCAGTTTCACTGGGGCGGTGGCCTCCTAAAAGGTAACGGAGGCGTACAAAGGTTTCCTCAGATCGGTCAGAAATCGATCCTCGAGTGTAAAGGCAAAAGGAAGCTTAACTGCGAGACAAACAAGTCGAACAGAGACGAAAGTCGGTCTTAGTGATCTGACGGTGCTG,Eukaryota,unk_phylum,Synurophyceae,Synurales,Mallomonadaceae,Mallomonas,,93.7,3,18,9
23S,ESV_177857,GCTTTACTGTAGCCTGGAATTGTGTTCGGGCTTCGCTTGCGCAGGATAGGTGGGAAGCGCAGAAGTATTCCTTTTGGGGAATATGGAGCTAACGGTGAGATACCACTCTGGCGAAGCTAGAATTCTAACCCACGACCGTCAGCCGGTCGGGGAACAGTTTCAGGTGGGCAGTTTGACTGGGGCGGTCGCCTCCTAAAAGGTAACGGAGGCGCGCAAAGGTTCCCTCAGCACGCTTGGAAACCGTGCGACGAGTGTAAAGGCATAAAGGGAGCTTGACTGCAAGACTGACAAGTCAAGCAGGTACGAAAGTAGGCCTTAGTGATCCGACGGCGCAG,Bacteria,Cyanobacteria,unk_class,Nostocales,,,,98.5,6,27,0
23S,ESV_177786,GCTTTACTGTAGCCTGGAATTGTGTTCGGGCTTCGCTTGCGCAGGATAGGTGGGAAGCGGTGAACTATTCCTTTTGGGGAATAGGGAGCTAACGGTGAGATACCACTCTGGCGAAGCTAGAATTCTAACCCACGACCGTAAGCCGGTTGGGGAACAGTTTCAGGTGGGCAGTTTGACTGGGGCGGTCGCCTCCTAAAAGGTAACGGAGGCGCGCAAAGGTTCCCTCAGCACGCTTGGAAACCGTGCGACGAGTGTAAAAGCAAAAGGGAGCTTGACTGCGAGACTGACAAGTCGAGCAGGTACGAAAGTAGGCTTTAGTGATCCGACGGCGCAG,Bacteria,Cyanobacteria,unk_class,Nostocales,Aphanizomenonaceae,,,99.4,5,0,27
23S,ESV_031347,GCTTTACTGTAACTTGAAATTGAAATTGGACTTTACTTGCGCAGTATAGGTGGGAGGCGTTGAGTTTATTCTTGCGGGAATTTAGGAGCCATCAGTGAGATACCACTCTGGTAATGTTAGATTTCTAACTTTGTATCATAATCTGGTCAAAGGACAGTTTCAGGCGGGCAGTTTGACTGGGGCGGTCGCCTCCTAAATGGTAACGGAGGCGTACAAAGGTTTCCTCTGAACGTGTAGAAATCGTATCTAGAGTATAAAGGCATAAGGAAGCTTGACTGTGAGACCTACAAGTCGAGCAGGGACGAAAGTCGGTCTTAGTGATCTGACGGTGCTG,Eukaryota,Bacillariophyta,Bacillariophyceae,Bacillariales,Bacillariaceae,,,99.7,9,0,27
23S,ESV_177858,GCTTTACTGTAGCCTGGAATTGTGTTCGGGCTTCGCTTGCGCAGGATAGGTGGGAAGCGGTGAACTACTCCTTGTGGGGAGTAGGGAGCTAACGGTGAGATACCACTCTGGCGAAGCTAGAATTCTAACCCACGACCGTAAGCCGGTCGGGGAACAGTTTCAGGTGGGCAGTTTGACTGGGGCGGTCGCCTCCTAAAAAGTAACGGAGGCGCGCAAAGGTTCCCTCAGCACGCTTGGAAACCGTGCGACGAGTGTAAAAGCAAAAGGGAGCTTGACTGCAAGACCCACAAGTCGAGCAGGTACGAAAGTAGGCTTTAGTGATCCGACGGCGCAG,Bacteria,Cyanobacteria,unk_class,Nostocales,Aphanizomenonaceae,Dolichospermum,,98.8,2,26,0
23S,ESV_063656,GCTTTACTGTAACTTGAGACTGATTTCGGGCTTTATTTGCGCAGTATAGGTGGGAGGCTTTGAAGCAAGTCTTACGGGATTTGTGGAGCCATTCGTGAGATACCACTCTGATAAAGCTAGAACTCTAACCTTACACCGTAAGCCGGTGGAGGAACAATCTCAGGCGGGCAGTTTGACTGGGGCGGTCGCCTCCTAAAAAGTAACGGAGGCGCACAAAGGTTTCCTCAGATCGGTCAGACATCGATCTTCGAGTGTAAAGGCAAAAGGAAGCTTGACTGTGAGACCTACAAGTCGAACAGAGACGAAAGTCGGTCTTAGTGATCTGGCGATATTG,Eukaryota,unk_phylum,Xanthophyceae,Tribonematales,Tribonemataceae,Tribonema,,97.6,4,0,26
23S,ESV_033635,GCTTTACTGTAACTTGAAATTGAAATTGGACTTTATTTGCGCAGTATAGGTGGGAGGCGTTGATAGTATTCTTGCGGGGATATTGGAGCCATCAGTGAGATACCACTCTTGTAATGTTAGATTTCTAACTTTGTATCATTATCTGGTCAAAGGACAGTTTCAGGCGGGCAGTTTGACTGGGGCGGTCGCCTCCCAAACGGTAACGGAGGCGTACAAAGGTTTCCTCTGAACGGGTAGAAATCGTATCTAGAGTGTAAAGGCATAAGGAAGCTTGACTGTGAGACCTACAAGTCGAGCAGGGACGAAAGTCGGTCTTAGTGATCTGACGGTGCTG,Eukaryota,Bacillariophyta,Bacillariophyceae,Naviculales,Sellaphoraceae,Sellaphora,,98.5,8,0,26
23S,ESV_088250,GCTTGACTGTAGCCTGGAATTGGGTTTGGGCTCTTCTTGCGCAGACTAGGTGGGAGGCGTTGAAAGTTCCTTTCCGGAGGAGCTTGAGCCATCAGTGAGAGACCACTCTGGAAGAGCTAGAATTCTAATGGCGATCCTTGAATCAGGACGCTTGACAGTTTCAGGCGGGCAGTTTGACTGGGGCGGTCGCCTCCTAAAAGGTAACGGAGGCGTGCAAAGGTTCCCTCAGGCTGGACGGAAATCAGCCGTAGAGTGTAAAGGCAGAAGGGAGCTTGACTGCAAGACTTACAAGTCGAGCAGGGGCGAAAGCCGGCCTTAGTGATCCGACGGTACCG,Eukaryota,,,,,,,100,2,0,25
23S,ESV_063124,GCTTCACTGTTCCCTGGGATTGGCTTTGGGCCTTTCCTGCGCAGCTTAGGTGGAAGGCGAAGAAGGCCCCCTTCCGGGGGGGCCCGAGCCATCAGTGAGATACCACTCTGGAAGAGCTAGAATTCTAACCTTGTGTCAGGACCTACGGGCCAAGGGACATTCTCAGGTAGACAGTTTCTATGGGGCGTAGGCCTCCCAAAAGGTAACGGAGGCGTGCAAAGGTTCCCTCGGGCCAGACGGAGATTGGCCCTCGAGTGCAAAGGCAGAAGGGAGCTTGACTGCAAGACCCACCCGTCGAGCAGGGACGAAAGTCGGCCTTAGTGATCCGACGGTGCCG,Eukaryota,Streptophyta,Magnoliopsida,Rosales,Rosaceae,Rosa,,100,3,0,24
23S,ESV_177860,GCTTTACTGTATCCTGAAATTGGATTTCGATTTTTTTTGCGCAGAATAGGTGGGAGGTTTTGAAGGAATTCTTGCGGGAGTTCTGGAGCCATCAGTGAGATTCCACTCTGAACAAATTGAAATTCTAACTTTATTCCGTAAGCCGGATAAAGAACAGTTTCAGGTGGGCAGTTTGACTGGGGCGGTCACCTCCTAAAAAGTAACGGAGGTGTACAAAGGTTTTCTCAGATCGGACAGAAATCGATCTACGAGTGCAAAGGCAAAAGAAAGCTTAACTGTGAGACAAACAAGTCGAGCAGAGACGAAAGTCGGTCTTAGTGATCTGACGCTGCTG,Eukaryota,unk_phylum,Synurophyceae,Synurales,,,,90.4,7,23,0
23S,ESV_177861,GCTTTACTGTAGCCTGGAATTGTGTTCGGGCTTCGCTTGCGCAGGATAGGTGGGAAGCGGTGAACTATTCCTTTTGGGGAATAGGGAGCTAACGGTGAGATACCACTCTGGCGAAGCTAGAATTCTAACCCACGACCGTCAGCCGGTTGGGGAACAGTTTCAGGTGGGCAGTTTGACTGGGGCGGTCGCCTCCTAAAAGGTAGCGGAGGCGCGCAAAGGTTCCCTCAGCACGCTTGGAAACCGTGCGACGAGTGTAAAGGCAAAAGGGAGCTTGACTGCAAGACTGACAAGTCGAGCAGGTACGAAAGTAGGCCTTAGTGATCCGACGGCGCAG,Bacteria,Cyanobacteria,unk_class,Nostocales,,,,99.1,5,23,0
23S,ESV_177859,GCTTTACTGTAGCCTGGAGTTGTGTTCGGGCTTCGCTTGCGCAGGATAGGTGGGAAGCGGTGAACTATTCCTTTTGGGGAATAGGGAGCTAACGGTGAGATACCACTCTGGCGAAGCTAGAATTCTAACCCACGACCGTAAGCCGGTTGGGGAACAGTTTCAGGTGGGCAGTTTGACTGGGGCGGTCGCCTCCTAAAAGGTAACGGAGGCGCGCAAAGGTTCCCTCAGCACGCTTGGAAACCGTGCGACGAGTGTAAAGGCAAAAGGGAGCTTGACTGCAAGACTGACAAGTCGAGCAGGTACGAAAGTAGGCCTTAGTGATCCGACGGCGCAG,Bacteria,Cyanobacteria,unk_class,Nostocales,,,,98.8,8,23,0
23S,ESV_071938,GCTTGACTGTAGCCTGGAATTGGGTTTGGGCTCTTCTTGCGCAGCCTAGGTGGGAGGCGATGATCAGTTCCTTCCGGGGAACTGTGAGCCATCAGTGAGAGACCACTCTGGAAGAGCTAGAATTCTAATGGCGATCCTTGAATCAGGACGCTTGACAGTTTCAGGTGGGCAGTTTTTCTGGGGCGGAAACCTCCTAAAAGGTAACGGAGGCGTGCAAAGGTTCCCTCAGTCTGGACGGAAATCAGACGAAGAGTGTAAAGGCAGAAGGGAGCTTGACTGCAAGACCTACAAGTCGAGCAGGGGCGAAAGCCGGCCTTAGTGATCCGACGGTACCG,Eukaryota,Chlorophyta,Trebouxiophyceae,Trebouxiales,Trebouxiaceae,Parietochloris,Parietochloris pseudoalveolaris,100,1,0,23
23S,ESV_031429,GCTTTACTGTAACTTGAAATTGAAATTGGACTTTACTTGCGCAGTATAGGTGGGAGGCTTTGAAGATATTCTTGCGGGAATATTGGAGCTATCAGTGAGATACCACTCTTGTAATGTTAGATTTCTAACTTTGTATCATTATCTGGTCAAAGAACAGTTTCAGGCGGGCAGTTTGACTGGGGCGGTCGCCTCCTAAACGGTAACGGAGGCGCACAAAGGTTTCCTCTGAACGGGTAGAAATCGTATCTAGAGTGTAAAGGCATAAGGAAGCTTGACTGTGAGACCTACAAGTCGAGCAGGGACGAAAGTCGGTCTTAGTGATCTGACGGTGCTG,Eukaryota,Bacillariophyta,Bacillariophyceae,,,,,98.2,18,0,23
23S,ESV_031245,GCTTGAAGGTAGCTTGGAATTGGGTTTGGGCTTTTTTTGCGCAGTCTAGGTGGGAGGCGTTGAAGGTAGGGTTTCGGCCCTATTTGAGCCATCAGTGAGAGACCACTCTGAAAAAGCTAGAATCCTAATAGTACTCCTTGAAGCAGGATACTTGACAGTTTCAGGCGGACCTTTTTTCTGGGGCGGATGCCTGCTAAAATGTAACGGAGGTGTGCAAAGGTTCCCTCAGGCTGGACGGAAATCAGCTGTAGAGTGTAAAGGTAGAAGGGAGCTTGACTGCAAGACCTACAAGTCGAGCAGGGGCGAAAGCCGGCCTTAGTGATCCGACGGTACCA,Eukaryota,Chlorophyta,Ulvophyceae,Ulotrichales,,,,99.1,2,0,23
23S,ESV_177788,GCTTTACTGTAGCCTGGAATTGTGTTCGGGCTTCGCTTGCGCAGGATAGGTGGGAAGCGGTGAACTATTCCTTTTGGGGAATAGGGAGCTAACGGTGAGATACCACTCTGGCGAAGCTAGAATTCTAACCCACGACCGTCAGCCGGTTGGGGAACAGTTTCAGGTGGGCAGTTTGACTGGGGCGGTCGCCTCCTAAAAGGTAACGGAGGCGCGCAAAGGTTCCCTCAGCACGCTTGGAAACCGTGCGGCGAGTGTAAAGGCATAAAGGGAGCTTGACTGCAAGACTGACAAGTCGAGCAGGTACGAAAGTAGGCCTTAGTGATCCGACGGCGCAG,Bacteria,Cyanobacteria,unk_class,Nostocales,,,,98.8,7,0,22
23S,ESV_177787,GCTTTACTGTAGCCTGGAATTGTGTTCGGGCTTGGCTTGCGCAGGATAGGTGGGAGGCGATGAAGTATTCCTTGTGGGGAGTATGGAGCCAACGGTGAGATACCACTCTGGCGAAGCTAGAATTCTAACCCATGACCATTATCTGGTCAGGGAACAGTTTCAGGTGGGCAGTTTGACTGGGGCGGTCGCCTCCTAAAAGGTAACGGAGGCGCGCAAAGGTTCCCTCAGCACGCTTGGAAACCGTGCGAAGAGTGTAAAGGCAGAAGGGAGCTTGACTGCAAGACCGACAAGTCGAGCAGGTACGAAAGTAGGCCTTAGTGATCCGACGGCGCAG,Bacteria,Cyanobacteria,unk_class,Nostocales,Nostocaceae,Nostoc,,98.8,20,0,22
23S,ESV_177862,GCTTTACTGTAGCCTGGAATTGTGTTCGGGCTTCGCTTGCGCAGGATAGGTGGGAAGCGGTGAACTATTCCTTTTGGGGAATAGGGAGCTAACGGTGAGATACCACTCTGGCGAAGCTAGGATTCTAACCCACGACCGTAAGCCGGTTGGGGAACAGTTTCAGGTGGGCAGTTTGACTAGGGCGGTCGCCTCCTAAAAGGTAACGGAGGCGCGCAAAGGTTCCCTCAGCACGCTTGGAAACCGTGCGACGAGTGTAAAGGCAAAAGGGAGCTTGACTGCAAGACTGACAAGTCGAGCAGGTACGAAAGTAGGCCTTAGTGATCCGACGGCGCAG,Bacteria,Cyanobacteria,unk_class,Nostocales,,,,98.5,8,21,0
23S,ESV_177863,GCTTTACTGTAGCCTGGAATTGTGTTCGGGCTTCGCCTGCGCAGGATAGGTGGGAAGCGGTGAACTATTCCTTTTGGGGAATAGGGAGCTAACGGTGAGATACCACTCTGGCGAAGCTAGAATTCTAACCCACGACCGTCAGCCGGTTGGGGAACAGTTTCAGGTGGGCAGTTTGACTGGGGCGGTCGCCTCCTAAAAGGTAACGGAGGCGCGCAAAGGTTCCCTCAGCACGCTTGGAAACCGTGCGACGAGTGTAAAGGCAAAAGGGAGCTTGACTGCAAGACTGACAAGTCGAGCAGGTACGAAAGTAGGCCTTAGTGATCCGACGGCGCAG,Bacteria,Cyanobacteria,unk_class,Nostocales,,,,99.1,5,21,0
23S,ESV_000034,GCTTTACTGTAGCTTGGTATTGTGCCCGGGCTCTGAATGCGCAGGATAGGTGGGAGACGTTGATCTCATGGTTGCGGCTATGAGTTAGTCACTGGTGAGATACCACTCTTTCAGAGCTAGGGTTCTAACGTTCACCCGTTATCCGGGGAGCGGACAGTATCAGGTGGGCAGTTTGACTGGGGCGGTCGCCTCCTAAAAGGTAACGGAGGCGCACAAAGGTTTCCTCAGGCTGGTTGGAAATCAGCTGACGAGTGCAAAAGCAGAAGGAAGCTTGACTGTGAGACCTACAAGTCGAACAGGGACGAAAGTCGGTTTTAGTGATCCGACGGTTCTG,Bacteria,Cyanobacteria,unk_class,Synechococcales,Synechococcaceae,Synechococcus,,100,9,10,11
23S,ESV_003769,GCTTTACTGTAACTTGAAATTGAAATTGGACTTTATTCGCGCAGTATAGGTGGGAGGCGTTGAAAATAATCTTGCGGGACTATTGGAGCCATTAGTGAGATACCACTCTTGTAATGTTAGATTTCTAACTTTGAATCATAATCTGGTCAAAGAACAGTTTCAGGCGGGCAGTTTGACTGGGGCGGTCGCCTCCTAAATGGTAACGGAGGCGTACAAAGGTTTCCTCTGAACGTGTAGAAATCGTATCTAGAGTGTAAAGGCATAAGGAAGCTTGACTGTGAGACCTACAAGTCGAGCAGGGACGAAAGTCGGTCTTAGTGATCTGACGGTACTG,Eukaryota,Bacillariophyta,,,,,,98.2,11,0,21
23S,ESV_177864,GCTTTACTGTAGCCTGGAATTGTGTTCGGGCTTCGCTTGCGCAGGATAGGTGGGAAGCGGTGAACTACTCCTTTTGGGGAGTAGGGAGCTAACGGTGAGATACCACTCTGGCGAAGCTAGAATTCTGACCCACGACCGTAAGCCGGTCGGGGAACAGTTTCAGGTGGGCAGTTTGACTGGGGCGGTCGCCTCCTAAAAAGTAACGGAGGCGCGCAAAGGTTCCCTCAGCACGCTTGGAAACCGTGCGACGAGTGTAAAAGCAAAAGGGAGCTTGACTGCAAGACCCACAAGTCGAGCAGGTACGAAAGTAGGCTTTAGTGATCCGACGGCGCAG,Bacteria,Cyanobacteria,unk_class,Nostocales,Aphanizomenonaceae,Dolichospermum,,98.8,2,20,0
23S,ESV_177865,GCTTTACTGTAACTTGAAATTGAAACTGGACTTTATTTGCGCAGTATAGGTGGGAGGCGTTGAGAATATTCTTGCGGGAGTATTGGAGCCATCAGTGAGATACCACTCTTGTAATGTTAGGTTTCTAACTTTGTATCATTATCTGGTCAAAGAACAGTTTCAGGCGGGCAGTTTGACTGGGGCGGTCGCCTCCTAAATGGTAACGGAGGCGCACAAAGGTTTCCTCTGAACGGGCAGAAATCGTATCTAGAGTGTAAAGGCAAAAGGAAGCTTGACTGTGAGACTTACAAGTCGAGCAGGGACGAAAGTCGGTCTTAGTGATCTGACGGTGCTG,Eukaryota,Bacillariophyta,Bacillariophyceae,Naviculales,Amphipleuraceae,Halamphora,Halamphora coffeaeformis,98.5,1,20,0
23S,ESV_177792,GCTTTACTGCAATTTGAGATTGGATTTGGGTTTTATTTGCGCAGAATAAGTGGGAGACTTTGAAAGTATTTTTGTGGAAATGCTGGAGTCACTAATGAGATACCACTCTGATACAGCCAAAATTCTAACTTTGATCCGTTATCCGGGCAAAAGACAGTTTCAAGTGGGCAGTTTGACTGGGGCGGTCGCCTCCTAAAAAGTAACGGAGGCGTGCAAAGGTTCTCTCAAGCTGGTTGGATATCAGCTGTAGAGCGCAAAGGCATAAGAGAGCTTGACTGTAAGACCAACAAGTCGAGCAGAGACGAAAGTCGGCCTTAGTGATCCGACGGTTCCG,Eukaryota,,,,,,,86.5,27,0,20
23S,ESV_129283,GCTTTACTGTAACTTGAGACTGATTTCGGGCTTTATTTGCGCAGCATAGGTGGGAGGCTTTGAAGCAGAACTTACGGGATTTGTGGAGCCATCGGTGAGATACCACTCTGATAAAGCTAGAACTCTAACCTTACACCGTAAGCCGGTGAAGGAACAATCTCAGGCGGGCAGTTTGACTGGGGCGGTCGCCTCCTAAAAAGTAACGGAGGCGCACAAAGGTTTCCTCAGATCGGTCAGACATCGATCTTCGAGTGTAAAGGCATAAGGAAGCTTGACTGTGAGACCTACAAGTCGAACAGAGACGAAAGTCGGTCTTAGTGATCTGACGGTGCTG,Eukaryota,unk_phylum,Xanthophyceae,Tribonematales,Tribonemataceae,Tribonema,,98.2,4,0,20
23S,ESV_062716,GCTTGACTGTATTCTGGAATTGGGTTTGGGCTTTTCTTGCGCAGCCTAGGTGGGAGGCTGAGAAGGTTCCCTTCCGGGGGAACTAGAGCCAACATTGAGAGACCACTCTGGAAGAGCTAGAATCCTAATGGCGATCCTTGAATCAGGACGCTTGACAGTTTCAGATGGGCAGTTTTTCTGGGGCGGAAACCTCCTAAAGAGTAACGGAGGTGTGCAAAGGTTTCCTCAGCCTGGACGGAAATCAGGCATTGAGTGTAAAAGCAAAAGGGAGCTTGACTGCAAGACCTACAAGTCGAGCAGGGGCGAAAGCCGGCTTTAGTGATCCGACGGTGCCG,Eukaryota,Chlorophyta,Chlorophyceae,Chlamydomonadales,,,,93.7,4,0,20
23S,ESV_177790,GCTTTACTGTAGCCTGGAATTGTGTTCGGGCTTCGCTTGCGCAGGATAGGTGGGAAGCGGTGATTGATTCCTTTTGGGGAATCAGGAGCTAACGGTGAGATACCACTCTGGCGAAGCTAGAATTCTAACCCACGACCGTGAGCCGGTCGGGGAACAGTTTCAGGTGGGCAGTTTGACTGGGGCGGTCGCCTCCTAAAAGGTAACGGAGGCGCGCAAAGGTTCCCTCAGCACGCTTGGAAACCGTGCGTAGAGTGTAAAGGCATAAAGGGAGCTTGACTGCAAGACCGACAAGTCGAGCAGGTACGAAAGTAGGCCTTAGTGATCCGACGGCGCAG,Bacteria,Cyanobacteria,unk_class,Nostocales,,,,97.9,8,0,20
23S,ESV_177866,GCTTTACTGTAGCCTGGAATTGTGTTCGGGCTTCGCTTGCGCAGGATAGGTGGGAAGCGGTGAACTACTCCTGTTGGGGAATAGGGAGCTAACGGTGAGATACCACTCTGGCGAAGCTAGAATTCTAACCCACGACCGTAAGCCGGTCGGGGAACAGTTTCAGGTGGGCAGTTTGACTGGGGCGGTCGCCTCCTAAAAAGTAACGGAGGCGCGCAAAGGTTCCCTCAGCACGCTTGGAAACCGTGCGACGAGTGTAAAAGCAAAAGGGAGCTTGACTGCAAGACCCACAAGTCGAGCAGGTACGAAAGTAGGCTTTAGTGATCCGACGGCGCAG,Bacteria,Cyanobacteria,unk_class,Nostocales,Aphanizomenonaceae,,,98.5,5,19,0
23S,ESV_177868,GCTTTACTGTAGCCTGGAATTGTGTTCGGGCTTCGCTTGCGCAGGATAGGTGGGAAGCGGTGAACTATTCCCTTTGGGGAATAGGGAGCTAACGGTGAGATACCACTCTGGCGAAGCTAGAATTCTAACCCACGACCGTCAGCCGGTTGGGGAACAGTTTCAGGTGGGCAGTTTGACTGGGGCGGCCGCCTCCTAAAAGGTAACGGAGGCGCGCAAAGGTTCCCTCAGCACGCTTGGAAACCGTGCGACGAGTGTAAAGGCAAAAGGGAGCTTGACTGCAAGACTGACAAGTCGAGCAGGTACGAAAGTAGGCCTTAGTGATCCGACGGCGCAG,Bacteria,Cyanobacteria,unk_class,Nostocales,,,,98.8,5,19,0
23S,ESV_177867,GCTTTACTGTAGCCTGGAATTGTGTTCGGGCTTCGCTTGCGCAGGATAGGTGGGAAGCGGTGAACTACTCCTTTTGGGGAGTAGGGAGCTAACGGTGAGATACCACTCTGGCGAAGCTAGAATTCTAACCCACGACCGTAAGCCGGTCGGGGAACAGTTTCAGGTGGGCAGTTTGACTGGGGCGGTCGCCTCCTAAAAAGTAACAGAGGCGCGCAAAGGTTCCCTCAGCACGCTTGGAAACCGTGCGACGAGTGTAAAAGCAAAAGGGAGCTTGACTGCAAGACCCACAAGTCGAGCAGGTACGAAAGTAGGCTTTAGTGATCCGACGGCGCAG,Bacteria,Cyanobacteria,unk_class,Nostocales,Aphanizomenonaceae,Dolichospermum,,98.8,2,19,0
23S,ESV_177796,GCTTTACTGTAGCCTGGAATTGTGTTCGGGCTTCGCTTGCGCAGGATAGGTGGGAAGCGTAGAAGTATTCCTTTTGGGGAATATGGAGCTAACGGTGAGATACCACTCTGGCGAAGCTAGAATTCTAACCCACGACCGTCAGCCGGTCGGGGAACAGTTTCAGGTGGGCAGTTTGACTGGGGCGGTCGCCTCCTAAAAGGTAACGGAGGCGCGCAAAGGTTCCCTCAGCACGCTTGGAAACCGTGCGACGAGTGTAAAGGCAAAAGGGAGCTTGACTGCAAGACTGACAAGTCGAGCAGGTACGAAAGTAGGCCTTAGTGATCCGACGGCGCAG,Bacteria,Cyanobacteria,unk_class,Nostocales,,,,98.5,10,0,19
23S,ESV_177794,GCTTTACTGTAGCCTGGAATTGTGTTCGGGCTTCGCTTGCGCAGGATAGGTGGGAAGCGGTGAATGATTCCTTTTGGGGAATCAGGAGCTAACGGTGAGATACCACTCTGGCGAAGCTAGAATTCTAACCCATGACCGTCAGCCGGTCAGGGAACAGTTTCAGGTGGGCAGTTTGACTGGGGCGGTCGCCTCCTAAAAGGTAACGGAGGCGCGCAAAGGTTCCCTCAGCACGCTTGGAAACCGTGCGACGAGTGTAAAGGCAAAAGGGAGCTTGACTGCAAGACTGACAAGTCGAGCAGGTACGAAAGTAGGCCTTAGTGATCCGACGGCGCAG,Bacteria,Cyanobacteria,unk_class,Nostocales,,,,98.2,9,0,19
23S,ESV_031653,GCTTTACTGTAACTTGAAATTGAAATTGGACTTTATTTGCGCAGTATAGGTGGGAGGCGTTGAGTTTATTCTTGCGGGAATTTAGGAGCCATCAGTGAGATACCACTCTGGTAATGTTAGATTTCTAACTTTGTATCATAATCTGGTCAAAGGACAGTTTCAGGCGGGCAGTTTGACTGGGGCGGTCGCCTCCTAAATGGTAACGGAGGCGTACAAAGGTTTCCTCTGAACGTGTAGAAATCGTATCTAGAGTATAAAGGCATAAGGAAGCTTGACTGTGAGACTTACAAGTCGAGCAGGGACGAAAGTCGGTCTTAGTGATCTGACGGTGCTG,Eukaryota,Bacillariophyta,Bacillariophyceae,Bacillariales,Bacillariaceae,,,99.7,9,0,19
23S,ESV_032015,GCTTTACTGTAACTTGAAATTGAAATTGGACTTTACTTGCGCAGTATAGGTGGGAGGCGTTGAGAATATTCTCGCGGGAATATTGGAGCCATCAGTGAGATACCACTCTGGTAATGTTAGATTTCTAACTTTGAATCATTATCTGGTCAAAGAACAGTTTCAGGCGGGCAGTTTGACTGGGGCGGTCGCCTCCTAAACGGTAACGGAGGCGCACAAAGGTTTCCTCTGAACGGGTAGAAATCGTATCTAGAGTGTAAAGGCATAAGGAAGCTTGACTGTGAGACCTACAAGTCGAGCAGGGACGAAAGTCGGTCTTAGTGATCTGACGGTGCTG,Eukaryota,Bacillariophyta,Bacillariophyceae,Naviculales,,,,98.5,7,0,19
23S,ESV_177870,GCTTTACTGTAACTTGAAATTGAAACTGGACTTTATTTGCGCAGTATAGGTGGGAGGCGTTGAGAATATTCTTGCGGGAGTATTGGAGCCATCAGTGAGATACCACTCTTGTAATGTTAGGTTTCTAACTTTGTATCATTATCTGGTCAAAGAACAGTTTCAGGCGGGCAGTTTGACTGGGGCGGTCGCCTCCTAAATGGTAACGGAGGCGCACAAAGGTTTCCTCTGAACGGGTAGAAGTCGTATCTAGAGTGTAAAGGCAAAAGGAAGCTTGACTGTGAGACTTACAAGTCGAGCAGGGACGAAAGTCGGTCTTAGTGATCTGACGGTGCTG,Eukaryota,Bacillariophyta,Bacillariophyceae,Naviculales,Amphipleuraceae,Halamphora,Halamphora coffeaeformis,98.5,1,18,0
23S,ESV_177869,GCTTTACTGTAACTTGAAATTGAAATTGGACTTTATTTGCGCAGTATAGGTGGGAGGCGTTGAGAATATTCTTGCGGGAATATTGGAGCCATCAGTGAGATACCACTCTTGTAATGTTAGATTTCTAACTTTGTATCATTATCTGGTCAAAGGACAGTTTCAGGCGGGCAGTTTGACTGGGGCGGTCGCCTCCTAAGCGGTAACGGAGGCGTACAAAGGTTTCCTCTGAACGGGTAGAAATCGTATCTAGAGTGTAAAGGCATAAGGAAGCTTGACTGTGAGACCTACAAGTCGAGCAGGGACGAAAGTCGGTCTTAGTGATCTGACGGTGCTG,Eukaryota,Bacillariophyta,Bacillariophyceae,Naviculales,Sellaphoraceae,Sellaphora,,99.1,8,18,0
23S,ESV_069819,GCTTTACTGTATCCTGAAATTGAGTTTCGATTTTATTTGCGCAGAATAGGTGGGAGACTTTGAAGTCGTTCTTGTGGGGACGATGGAGTCATCAGTGAGATACCACTCTGATAAAATTGACATTCTAACTTCATACCGTAAGCCGGTTGAAAGACAGTTTCAGGTGGGCAGTTTGACTGGGGCGGTCGCCTCCCAAAAGGTAACGGAGGCGTACAAAGGTTCCCTCAGATCGGTCAGAAATCGATCTTAGAGTGCAAAGGCAAAAGGGAGCTTAACTGTGAGACAAACAAGTCGAGCAGAGACGAAAGTCGGTCTTAGTGATCTGACGCTGCTG,Eukaryota,unk_phylum,Chrysophyceae,Chromulinales,Chromulinaceae,Chromulina,Chromulina sp. SAG 17.97,97.6,1,0,18
23S,ESV_177872,GCTTTACTGTAACTTGAAATTGAAATTGGACTTTATTTGCGCAGTATAGGTGGGAGGCGTTGAGAATATTCTTGCGGGAATATTGGAGCCATCAGTGAGATACCACTCTTGTAATGTTAGATTTCTAACTTTGTATCATTATCTGGTCAAAGGACAATTTCAGGCGGGCAGTTTGACTGGGGCGGTCGCCTCCCAAACGGTAACGGAGGCGTACAAAGGTTTCCTCTGAACGGGTAGAAATCGTATTTAGAGTGTAAAGGCATAAGGAAGCTTGACTGTGAGACCTACAAGTCGAGCAGGGACGAAAGTCGGTCTTAGTGATCTGACGGTGCTG,Eukaryota,Bacillariophyta,Bacillariophyceae,Naviculales,Sellaphoraceae,Sellaphora,,98.8,8,17,0
23S,ESV_177871,GCTTTACTGTAACTTGGGACTGATTTCGGGCTTTATTTGCGCAGCATAGGTGGGAGGCTTTGAAGCAGAACTTACGGGATTTGTGGAGCCATCGGTGAGATACCACTCTGATAAAGCTAGAACTCTAACCTTACACCGTAAGCCGGTGAAGGAACAATCTCAGGCGGGCAGTTTGACTGGGGCGGTCGCCTCCTAAAAAGTAACGGAGGCGCACAAAGGTTTCCTCAGATCGGTCAGACATCGATCTTCGAGTGTAAAGGCATAAGGAAGCTTGACTGTGAGACCTACAAGTCGAACAGAGACGAAAGTCGGTCTTAGTGATCTGGCGATATTG,Eukaryota,unk_phylum,Xanthophyceae,Tribonematales,Tribonemataceae,Tribonema,,99.1,4,17,0
23S,ESV_177797,GCTTTACTGTAGCCTGGAATTGTGTTCGGGCTTCGCTTGCGCAGGATAGGTGGGAAGCGGTGAACTATTCCTTGTGGGGAATAGGGAGCTAACGGTGAGATACCACTCTGGCGAAGCTAGAATTCTAACCCACGACCGTCAGCCGGTTGGGGAACAGTTTCAGGTGGGCAGTTTGACTGGGGCGGTCGCCTCCTAAAAGGTAACGGAGGCGCGCAAAGGTTCCCTCAGCACGCTTGGAAACCGTGCGACGAGTGTAAAGGCAAAAGGGAGCTTGACTGCAAGACTGACAAGTCGAGCAGGTACGAAAGTAGGCCTTAGTGATCCGACGGCGCAG,Bacteria,Cyanobacteria,unk_class,Nostocales,,,,99.1,7,0,17
23S,ESV_059924,GCTTTACTGTAGCCTGGAATTGTGTTCGGGCTTCGCTTGCGCAGGATAGGTGGGAAGCGGTGAACTACTCCTTTTGGGGAGTAGGGAGCTAACGGTGAGATACCACTCTGGCGAAGCTAGAATTCTAACCCACGACCGTAAGCCGGTTGGGGAACAGTTTCAGGTGGGCAGTTTGACTGGGGCGGTCGCCTCCTAAAAGGTAACGGAGGCGCGCAAAGGTTCCCTCAGCACGCTTGGAAACCGTGCGACGAGTGTAAAAGCAAAAGGGAGCTTGACTGCAAGACTGACAAGTCGAGCAGGTACGAAAGTAGGCTTTAGTGATCCGACGGCGCAG,Bacteria,Cyanobacteria,unk_class,Nostocales,Aphanizomenonaceae,,,99.7,5,0,17
23S,ESV_177873,GCTTTACTGTAGCCTGGAATTGTGTTCGGGCTTCGCTTGCGCAGGATAGGTGGGAAGCGGTGAACTACTCCTTTTGGGGAATAGGGAGCTAACGGTGAGATACCACTCTGGCGAAGCTAGAATTCTAACCCACGACCGTAAGCCGGTCGGGGAACAGTTTCAGGTGGGCAGTTTGACTGGGGCGGTCGCCTCCTAAAAAGTAACGGAGGCGCGCAAAGGTTCCCTCAGCACGCTTGGAAACCGTGCGACGAGTGTAAAAGCAAAAGGGAGCTTGACTGCAAGACCCACAAGTCGAGCAGGTACGAAAGTAGGCCTTAGTGATCCGACGGCGCAG,Bacteria,Cyanobacteria,unk_class,Nostocales,Aphanizomenonaceae,,,98.5,5,16,0
23S,ESV_100443,GCTTTACTGTTCCCTGGGATGGACTTTGGGCCTCTCTTGCGCAGCTTAGGTGGAAGGCTAAGACGATATTCTTCCGGGAATATAAGAGCCACCAATGAGACACCACCCTAGAGAGGTTAGAATTCTAACCTTACGCCTATTAGAAGGCTAGGAGACAGTCCCAGGTAGACAGTTTCTATGGGGCGTAGGCCTCCCAAAAGGTAACGGAGGCGTGCAAAGGTTCCCTCAGGCTGGACGGAAATCAGTCTTCGAGTATAAAGGCAGAAGGGAGCTTGACTGCAAGACTGACACGTCGAGCAGGGACGAAAGTCGGCCTTAGTGATCCGACGGTTCCG,Eukaryota,Streptophyta,Zygnemophyceae,Zygnematales,Zygnemataceae,Spirogyra,Spirogyra sp. 5 AS-2014,98.2,1,0,16
23S,ESV_070915,GCTTTACTGTAGCCTGGAATTGTGTTCGGGCTTCGCTTGCGCAGGATAGGTGGGAAGCGGTGAACTATTCCTTTTGGGGAATAGGGAGCTAACGGTGAGATACCACTCTGGCGAAGCTAGAATTCTAACCCACGACCGTAAGCCGGTTGGGGAACAGTTTCAGGTGGGCAGTTTGACTGGGGCGGTCGCCTCCTAAAAGGTAACGGAGGCGCGCAAAGGTTCCCTCAGCACGCTTGGAAACCGTGCGACGAGTGTAAAAGCAAAAGGGAGCTTGACTGCAAGACTGACAAGTCGAGCAGGTACGAAAGTAGGCTTTAGTGATCCGACGGCGCAG,Bacteria,Cyanobacteria,unk_class,Nostocales,Aphanizomenonaceae,,,99.7,5,0,16
23S,ESV_030996,GCTTTACTGTAACTTGAAATTGAAACTGGACTTTACTTGCGCAGGATAGGTGGGAGGCGTTGAGAGTATTCTTGCGGGAATATTGGAGCCATCGGTGAGATACCACTCTTGTAATGTTAGGTTTCTAACTTGGTATCATGATCTGGTCCAAGAACAGTTTCAGGCGGGCAGTTTGACTGGGGCGGTCGCCTCCTAAACGGTAACGGAGGCGTACAAAGGTTTCCTCTGAACGGGTAGAAATCGTATCTAGAGTGTAAAGGCATAAGGAAGCTTGACTGTGAGACCTACAAGTCGAGCAGGGACGAAAGTCGGTCTTAGTGATCTGACGGTGCTG,Eukaryota,Bacillariophyta,Bacillariophyceae,Naviculales,Sellaphoraceae,Sellaphora,,97,8,0,16
23S,ESV_031164,GCTTTACTGTTCCCTGGGATGGACTTTGGGCCTCTCTTGCGCAGCTTAGGTGGAAGGCTAAGACGATACTCTTCCGGGAGTATAAGAGCCATCAATGAGACACCACCCTAGAGGGGCTAGAATTCTAACCTTACGCCTATTAGAAGGCTAGGAGACAGTCCCAGGTAGACAGTTTCTATGGGGCGTAGGCCTCCCAAAAGGTAACGGAGGCGTGCAAAGGTTCCCTCAGGCTGGACGGAAATCAGCCTTCGAGTATAAAGGCAGAAGGGAGCTTGACTGCAAGACTGACACGTCGAGCAGGGACGAAAGTCGGCCTTAGTGATCCGACGGTTCCG,Eukaryota,Streptophyta,Zygnemophyceae,Zygnematales,Zygnemataceae,Spirogyra,Spirogyra sp. 5 AS-2014,100,1,0,16
23S,ESV_177800,GCTTTACTGTAACTTGGGATTGAATTTGGGTTCATCTTGCGCAGCTTAGGTGGAAGGCGACGACGCAAAGGTTCCGGCTTTTGTCGAGCCACCAGTGAGATACCACTCTGGATGAACTAGAATTCTCAATGCATAGGGAAATCCCTTGCGTGACAGTCTCAGGCGGGCAGTTTCTCTGGGGCGGAGTCCTCCTAAAAGGTAACGGGGGTGTACAAAGGTTCCCTCAGGCTGGACGGAAATCAGTCAAAGAGTGCAATGGCAGAAGGGAGCTTGACTGCGAGACCTACAAGTCGAGCAGGGACGAAAGTCGGTCATAGTGATCCGACGGTGCTG,Eukaryota,Chlorophyta,Mamiellophyceae,Monomastigales,Monomastigaceae,Monomastix,,98.2,3,0,15
23S,ESV_060680,GCTTTACTGTAGCCTGGAATTGTGTTCGGGCTTCGCTTGCGCAGGATAGGTGGGAAGCGGTGAGTTATTCCTTTTGGGGAATAAGGAGCTAACGGTGAGATACCACTCTGGCGAAGCTAGAATTCTAACCCACGACCGTAAGCCGGTCGGGGAACAGTTTCAGGTGGGCAGTTTGACTGGGGCGGTCGCCTCCTAAAAGGTAACGGAGGCGCGCAAAGGTTCCCTCAGCACGCTTGGAAACCGTGCGACGAGTGTAAAGGCAAAAGGGAGCTTGACTGCAAGACCGACAAGTCGAGCAGGTACGAAAGTAGGCCTTAGTGATCCGACGGCGCAG,Bacteria,Cyanobacteria,unk_class,Nostocales,,,,99.4,7,0,15
23S,ESV_032402,GCTTTACTGTATCTTGGAATTGGGTTTGGGCCTTGCTTGCGCAGGATAGGTGGGAGGCTTTGAAGATATTCTTGTGGGAATGTTGGAGCCAACGGTGAGATACCACTCTAGTAAGGCTAAAATTCTAACTTTGAACCGTTATCCGGTCAAAGAACAGTTTCAGGTGGGCAGTTTGACTGGGGCGGTCGCCTCCTAAAAGGTAACGGAGGCGCGCAAAGGTTCCCTCAGGCTGGTTGGACATCAGTCGTAGAGTGTAAAGGCATAAGGGAGCTTGACTGCGAGACTTACAAGTCGAGCAGAGACGAAAGTCGGCCTTAGTGATCCGACGGTTCCG,Eukaryota,unk_phylum,Cryptophyceae,Cryptomonadales,Cryptomonadaceae,Cryptomonas,,99.4,3,0,15
23S,ESV_177802,GCTTTACTGTAACTTGAGACTGATTTCGGGCTTTATTTGCGCAGTATAGGTGGGAGGCTTTGAAGCAAGTCTTACGGGATTTGTGGAGCCATTCGTGAGATACCACTCTGATAAAGCTAGAACTCTAACCTTACACCGTAAGCCGGTGGAGGAACAACCTCAGGCGGGCAGTTTGACTGGGGCGGTCGCCTCCTAAAAAGTAACGGAGGCGCACAAAGGTTTCCTCAGATCGGTCAGACATCGATCTTCGAGTGTAAAGGCAAAAGGAAGCTTGACTGTGAGACCTACAAGTCGAACAGAGACGAAAGTCGGTCTTAGTGATCTGGCGATATTG,Eukaryota,unk_phylum,Xanthophyceae,Tribonematales,Tribonemataceae,Tribonema,,97.3,4,0,14
23S,ESV_115744,GCTTTACTGTAACTTGAAATTGAAATTGGACTTTATTTGCGCAGTATAGGTGGGAGGCGTTGAAAATAATCTTGCGGGAATATTTGAGCCATCAGTGAGATACCACTCTTGTAATGTTAGATTTCTAACTTTGTATCATTATCTGGTCAAAGAACAGTTTCAGGCGGGCAGTTTGACTGGGGCGGTCGCCTCCTAAACGGTAACGGAGGCGTACAAAGGTTTCCTCTGAACGGGTAGAAATCGTATCTAGAGTGCAAAGGCATAAGGAAGCTTGACTGTGAGACCTACAAGTCGAGCAGGGACGAAAGTCGGTCTTAGTGATCTGACGGTGCTG,Eukaryota,Bacillariophyta,Bacillariophyceae,Naviculales,Sellaphoraceae,Sellaphora,,98.5,8,0,14
23S,ESV_177806,GCTTGAAGGTAGCTTGGAATTGGGTTTGGGCTTTTTTTGCGCAGTCTAGGTGGGAGGCGTTGAAGGTAGGGTTTCGGCCCTATTTGAGCCATCAGTGAGAGACCACTCTGAAAAAGCTAGAATCCTAATAGTACTCCTTGAAGCAGGATACTTGACAGTTTCAGGCGGACCTTTTTTCTGGGGCGGATGCCTGCTAAAATGTAACGGAGGTGTGCAAGGGTTCCCTCAGGCTGGACGGAAATCAGCTGTAGAGTGTAAAGGTAGAAGGGAGCTTGACTGCAAGACCTACAAGTCGAGCAGGGGCGAAAGCCGGCCTTAGTGATCCGACGGTACCA,Eukaryota,Chlorophyta,Ulvophyceae,Ulotrichales,,,,98.8,2,0,14
23S,ESV_177804,GCTTTACTGTATCCTGAAATTGAGTTTCGATTTTATCTGCGCAGAATAGGTGGGAGACTTTGAAGTTACTCTTGTGGGGGTAATGGAGTCATTAGTGAGATACCACTCTGATAAAATTGAAATTCTAACTTCATACCGTAAGCCGGTTGAAAGACAGTTTCAGGTGGGCAGTTTGACTGGGGCGGTCGCCTCCTAAAAGGTAACGGAGGCGCGCAAAGGTTCCCTCAGCACGCTTGGAAACCGTGCGACGAGTGTAAAGGCAAAAGGGAGCTTGACTGCAAGACTGACAAGTCGAGCAGGTACGAAAGTAGGCCTTAGTGATCCGACGGCGCAG,Eukaryota,unk_phylum,Chrysophyceae,Chromulinales,Chromulinaceae,Chromulina,Chromulina sp. SAG 17.97,90.1,1,0,14
23S,ESV_177803,GCTTTACTGGAACCTGAGATTGGTTTCGGGCTGTATTTGCGCAGGATAGGTGGGAGACAGTGAAGCGAAACTTATGGGATTCGTGGAGTCATCAGTGAGATACCACTCTCATACAGCTAGAACTCTAACCTTAGACCGTCAGCCGGTTAAGGAACAGTCTCAGGTGGGCAGTTTGACTGGGGCGGTCGCCTCCTAAAAGGTAACGGAGGCGCACAAAGGTTTCCTCCGATCGGTCAGACATCGATCTTTGAGTGTAAAGGCAAAAGGAAGCTTGACTGTGAGACTTACAAGTCGAACAGAGACGAAAGTCGGTCTTAGTGATCTGGCGATATTG,Eukaryota,unk_phylum,Xanthophyceae,,,,,92.2,5,0,14
23S,ESV_177874,GCTTTACTGTAACTTGAAATTGAAGTTGGACTTTATTTGCGCAGTATAGGTGGGAGGCGTTGAGTTTATTCTTGCGGGAATTTAGGAGCCATCAGTGAGATACCACTCTGGTAATGTTAGATTTCTAACTTTGTATCATCATCTGGTCAAAGAACAGTTTCAGGCGGGCAGTTTGACTGGGGCGGTCGCCTCCTAAATGGTAACGGAGGCGTACAAAGGTTTCCTCTGAACGTGTAGAAATCGTATCTAGAGTGTAAAGGCATAAGGAAGCTTGACTATGAGACCTACAAGTCGAGCAGGGACGAAAGTCGGTCTTAGTGATCTGACGGTGCTG,Eukaryota,Bacillariophyta,Bacillariophyceae,Bacillariales,Bacillariaceae,,,98.8,22,13,0
23S,ESV_177876,GCTTTACTGTAGCCTGATATTGATTTTTGTTTTTAGTTGCGCAGAATAAGTGGGAGACAATGAAAATATTTTTTTGGGAATATTGGAGTCAAATGTGAGATACCACTCTATTAAACATGAAAATCTAATTTCATATCGTAAGCCGATTGAAAAACAGTTTCTGGTGGGCAGTTTCACTGGGGCGGTGGCCTCCTAAAAGGTAACGGAGGCGTACAAAGGTTTCCTCAAATCGGTCAGAAATCGATTTTAGAGTGTAAAGGCAAAAGGAAGCTTAACTGCGAGACAAACAAGTCGAACAGAGACGAAAGTCGGTCTTAGTGATCTGACGCTACTG,Eukaryota,,,,,,,88.9,9,13,0
23S,ESV_177875,GCTTTACTGTAGCCTGGAATTGTGTTCGGGCTTCGCTTGCGCAGGATAGGTGGGAAGCGGTGAACTATTCCTTTTGGGGAATAGGGAGCTAACGGTGAGATACCAGTCTGGCGAAGCTAGAATTCTAACCCACGACCGTAAGCCGGTTGGGGAACAGTTTCAGGTGGGCAGTTTGACTGGGGCGGTCGCCTCCTAAAAGGTAACGGAGGCGCGCAAAGGTTCCCTCAGCACGCTTGGAAACCGTGCGACGAGTGTAAAGGCAAAAGGGAGCTTGACTGCAAGACTGACAAGTCGAGCAGGTACGAAAGTAGGCCTTAGTGATCCGACGGCGCAG,Bacteria,Cyanobacteria,unk_class,Nostocales,,,,98.8,8,13,0
23S,ESV_177808,GCTTTACTGTAGCCTGGAATTGTGTTCGGGCTTCGCTTGCGCAGGATAGGTGGGACGCGATGAAGTTATCCTTGTGGGGATAATGGAGCTAACGGTGAGATACCACTCTGGCGAAGCTAGAATTCTAACCCACGACCGTAAGCCGGTCGGGGAACAGTTTCAGGTGGGCAGTTTGACTGGGGCGGTCGCCTCCTAAAAGGTAACGGAGGCGCGCAAAGGTTCCCTCAGCACGCTTGGAAACCGTGCGAAGAGTGTAAAGGCAGAAGGGAGCTTGACTGCAAGACCGACAAGTCGAGCAGGTACGAAAGTAGGCCTTAGTGATCCGACGGCGCAG,Bacteria,Cyanobacteria,unk_class,Nostocales,,,,98.8,7,0,13
23S,ESV_177807,GCTTTACTGTAGCCTGGAATTGTGTTCGGGCTTCGCTTGCGCAGGATAGGTGGGAAGCGATGAAGTTATCCTTGTGGGGATAATGGAGCTAACGGTGAGATACCACTCTGGCGAAGCTAGAATTCTAACCCACGACCGTAAGCCGGTCGGGGAACAGTTTCAGGTGGGCAGTTTGACTGGGGCGGTCGCCTCCTAAAAGGTAACGGAGGCGCGCAAAGGTTCCCTCAGCACGCTTGGAAACCGTGCGAAGAGTGTAAAGGCAGAAGGGAGCTTGACTGCAAGACTGACAAGTCGAGCAGGTACGAAAGTAGGCCTTAGTGATCCGACGGCGCAG,Bacteria,Cyanobacteria,unk_class,Nostocales,,,,99.4,7,0,13
23S,ESV_177810,GCTTTACTGTAGCCTGGAATTGTGTTCGGGCTTCGCTTGCGCAGGATAGGTGGGAAGCGGTGAACTATTCCTTTTGGGGAATAGGGAGCTAACGGTGAGATACCACTCTGGCGAAGCTAGGATTCTAACCCACGACCGTCAGCCGGTTGGGGAACAGTTTCAGGTGGGCAGTTTGACTGGGGCGGTCGCCTCCTAAAAGGTAACGGAGGCGCGCAAAGGTTCCCTCAGCACGCTTGGAAACCGTGCGACGAGTGTAAAGGCAAAAGGGAGCTTGACTGCAAGACTGACAAGTCGAGCAGGTACGAAAGTAGGCCTTAGTGATCCGACGGCGCAG,Bacteria,Cyanobacteria,unk_class,Nostocales,,,,99.1,5,0,13
23S,ESV_071183,GCTTTACTGTAACTTGAAATTGAAACTGGACTTTACTTGCGCAGGATAGGTGGGAGGCGTTGAGAGTATTCTTGCGGGAATATTGGAGCCATCGGTGAGATACCACTCTTGTCATGTTAGGTTTCTAACTTGGTATCATGATCTGGTCCAAGAACAGTTTCAGGCGGGCAGTTTGACTGGGGCGGTCGCCTCCTAAACGGTAACGGAGGCGCACAAAGGTTTCCTCTGAACGGGTAGAAATCGTATCTAGAGTGTAAAGGCATAAGGAAGCTTGACTGTGAGACCTACAAGTCGAGCAGGGACGAAAGTCGGTCTTAGTGATCTGACGGTGCTG,Eukaryota,Bacillariophyta,Bacillariophyceae,Naviculales,,,,96.4,13,0,13
23S,ESV_065136,GCTTTACTGTAGCCTGGAATTGTGTTCGGGCTTCGCTTGCGCAGGATAGGTGGGAAGCGGTGAACTATTCCTTTTGGGGAATAGGGAGCTAACGGTGAGATACCACTCTGGCGAAGCTAGAATTCTAACCCACGACCGTCAGCCGGTTGGGGAACAGTTTCAGGTGGGCAGTTTGACTGGGGCGGTCGCCTCCTAAAAGGTAACGGAGGCGCGCAAAGGTTCCCTCAGCACGCTTGGAAACCGTGCGACGAGTGTAAAGGCAAAAGGGAGCTTGACTGCAAGACTGACAAGTCGAGCAGGTACGAAAGTAGGCTTTAGTGATCCGACGGCGCAG,Bacteria,Cyanobacteria,unk_class,Nostocales,,,,99.7,5,0,13
23S,ESV_177809,GCTTTACTGTAGCCTGGAATTGTGTTCGGGCTTCGCTTGCGCAGGATAGGTGGGAAGCGATGAAGTTATCCGTGTGGGGATAATGGAGCTAACGGTGAGATACCACTCTGGCGAAGCTAGAATTCTAACCCACGACCGTAAGCCGGTCGGGGAACAGTTTCAGGTGGGCAGTTTGACTGGGGCGGTCGCCTCCTAAAAGGTAACGGAGGCGCGCAAAGGTTCCCTCAGCACGCTTGGAAACCGTGCGAAGAGTGTAAAGGCAGAAGGGAGCTTGACTGCAAGACCGACAAGTCGAGCAGGTACGAAAGTAGGCCTTAGTGATCCGACGGCGCAG,Bacteria,Cyanobacteria,unk_class,Nostocales,,,,98.8,7,0,13
23S,ESV_177476,GCTTTACTGTAACTTGAAATTGAAATTGGACTTTACTTGCGCAGTATAGGTGGGAGGCGTGGAGTTTATTCTTGCGGGAATTTAGGAGCCATCAGTGAGATACCACTCTGGTAATGTTAGATTTCTAACTTTGTATCATAATCTGGTCAAAGGACAGTTTCAGGCGGGCAGTTTGACTGGGGCGGTCGCCTCCTAAATGGTAACGGAGGCGTACAAAGGTTTCCTCTGAACGTGTAGAAATCGTATCTAGAGTATAAAGGCATAAGGAAGCTTGACTGTGAGACTTACAAGTCGAGCAGGGACGAAAGTCGGTCTTAGTGATCTGACGGTGCTG,Eukaryota,Bacillariophyta,Bacillariophyceae,Bacillariales,Bacillariaceae,Nitzschia,,99.7,8,0,13
23S,ESV_177878,GCTTTACTGTAGCCTGGAATTGTGTTCGGGCTTCGCTTGCGCAGGATAGGTGGGAGGCGGTGAACTACTCCTTTTGGGGAGTAGGGAGCTAACGGTGAGATACCACTCTGGCGAAGCTAGAATTCTAACCCACGACCGTAAGCCGGTTGGGGAACAGTTTCAGGTGGGCAGTTTGACTGGGGCGGTCGCCTCCTAAAAGGTAACGGAGGCGCGCAAAGGTTCCCTCAGCACGCTTGGAAACCGTGCGACGAGTGTAAAAGCAAAAGGGAGCTTGACTGCAAGACCGACAAGTCGAGCAGGTACGAAAGTAGGCTTTAGTGATCCGACGGCGCAG,Bacteria,Cyanobacteria,unk_class,Nostocales,Aphanizomenonaceae,,,99.1,5,12,0
23S,ESV_127539,GCTTTACTGTATCTTGGAATTGGGTTTGGGCTTTGCTTGCGCAGGATAGGTGGGAGGCATTGAAAGTGTTCTTGCGGGAATACTAGAGCCAACGGTGAGATACCACTCTAGCAAGGCTAAAATTCTAACTTTGAACCGTTATCCGGTCAAAGAACAGTTTCAGGTGGGCAGTTTGACTGGGGCGGTCGCCTCCTAAAAGGTAACGGAGGCGCGCAAAGGTTCCCTCAGGCTGGTTGGGCATCAGTCGTAGAGTGTAAAGGCATAAGGGAGCTTGACTGCGAGACCTACAAGTCGAGCAGAGACGAAAGTCGGCCTTAGTGATCCGACGGTTCCG,Eukaryota,unk_phylum,Cryptophyceae,,,,,96.7,17,12,0
23S,ESV_177877,GCTTTACTGTAGCCTGGAATTGTGTTCGGGCTTCGCTTGCGCAGGATAGGTGGGAAGCGGTGAACTATTCCCTTTGGGGAATAGGGAGCTAACGGTGAGATACCACTCTGGCGAAGCTAGAATTCTAACCCACGACCGTCAGCCGGTTGGGGAACAGTTTCAGGTGGGCAGCTTGACTGGGGCGGTCGCCTCCTAAAAGGTAACGGAGGCGCGCAAAGGTTCCCTCAGCACGCTTGGAAACCGTGCGACGAGTGTAAAGGCAAAAGGGAGCTTGACTGCAAGACTGACAAGTCGAGCAGGTACGAAAGTAGGCCTTAGTGATCCGACGGCGCAG,Bacteria,Cyanobacteria,unk_class,Nostocales,,,,98.8,5,12,0
23S,ESV_177881,GCTTGACTGTATCCTGGAATTGGGTTCGGGCTTTTCTTGCGCAGCCTAGGTGGGAGGCTTTGAGGGTTCCTTTCCGGGGGAATCTGAGCCAACATTGAGAGACCACTCTGGAAGAGCTAGAATCCTAATGGTGATCTTTGAATCAAGACACTTGACAGTTTCAGGTGGGCAGTTTATCTGGGGCGGATGCCTCCTAAAGCGTAACGGAGGCGTGCAAAGGTTCTCTCAGTCTGGACGGAAATCAGACATTGAGTGCAAAGGCAAAAGAGAGCTTGACTGTAAGACCTACAAGTCGAGCAGGGGCGAAAGCCGGCCTTAGTGATCCGACGGTGCCG,Eukaryota,Chlorophyta,Chlorophyceae,Chlamydomonadales,Chlamydomonadaceae,,,98.2,2,12,0
23S,ESV_177879,GCTTTACTGTAGCCTGGAATTGTGTTCGGGCTTCGCTTGCGCAGGATAGGTGGGAAGCGGTGAACTACTCCTTTTGGGGAGTAGGGAGCTAACGGTGAGATACCACTCTGGCGAAGCTAGAATTCTAACCCACGACCGTAAGCCGGTCGGGGAACAGTTTCAGGTGGGCAGTTTGACTGGGGCGGTCGCCTCCTAAAAAGTAACGGAGGCGCGCAAAGGTTCCCTCAGCACGCTTGGAAACCGTGCGACGAGTGTAAAAGCAAAAGGGAACTTGACTGCAAGACCCACAAGTCGAGCGGGTACGAAAGTAGGCTTTAGTGATCCGACGGCGCAG,Bacteria,Cyanobacteria,unk_class,Nostocales,Aphanizomenonaceae,Dolichospermum,,98.5,2,12,0
23S,ESV_177880,GCTTTACTGTAGCCTGGAATTGTGTTCGGGCTTCGCTTGCGCAGGATAGGTGGGAAGCGGTGAACTATTCCCTTTGGGGAATAGGGAGCTAACGGTGAGATACCACTCTGGCGAAGCTAGAATTCTAACCCACGACCGTCAGCCGGTTGGGGAACAGTTTCAGGTGGGCAGTTTGACTGGGGCGGTCGCCTCCTAAAAGGCAACGGAGGCGCGCAAAGGTTCCCTCAGCACGCTTGGAAACCGTGCGACGAGTGTAAAGGCAAAAGGGAGCTTGACTGCAAGACTGACAAGTCGAGCAGGTACGAAAGTAGGCCTTAGTGATCCGACGGCGCAG,Bacteria,Cyanobacteria,unk_class,Nostocales,,,,98.8,5,12,0
23S,ESV_177815,GCTTTACTGTAGCCTGGAATTGTGTTCGGGCTTCGCTTGCGCAGGATAGGTGGGAAGCGATGAAGTTATCCTTGTGGGGATAATGGAGCTAACGGTGAGATACCACTCTGGCGAAGCTAGAATTCTAACCCACGACCGTAAGCCGGTCGGGGAACAGTTTCAGGTGGGCAGTTTGACTGGGGCGGTCGCCTCCTAAAAGGTAACGGAGGCGCGCAAAGGTTCCCTCAGCACGCTTGGAAACCGTGCGAAGAGTGTAAAGGCAGAAGGGAGCTTGACTGCAAGACCGACAAGTCGAGCAGGTACGAAAGTAGGCTTTAGTGATCCGACGGCGCAG,Bacteria,Cyanobacteria,unk_class,Nostocales,,,,98.8,7,0,12
23S,ESV_109784,GCTTTACTGTATACTGATATTGAATTTTGATTTTATATGCGCAGAATAGGTGGGAGACAGTGAATTTATTCTTTCGGGAATATTGGAGTCATCGGTGAGATACCACTCTTATAAAATTGAAATTCTAACTTCATTCCGTAAGCCGGTTGAAAGACACTATCAGTTGGGCAGTTTCACTGGGGCGGTGGCCTCCTAAAAGGTAACGGAGGCGTACAAAGGTTTCCTCAGATCGGTCAGAAATCGATCCTAGAGTGTAAAGGCAAAAGGAAGCTTAACTGTGAGACAAACAAGTCGAGCAGAGACGAAAGTCGGTCTTAGTGATCTGACGCTGCTG,Eukaryota,unk_phylum,Synurophyceae,Synurales,Mallomonadaceae,Mallomonas,Mallomonas adamas,93.4,1,0,12
23S,ESV_177813,GCTTTACTGTAGCCTGGAATTGTGTTCGGGCTTCGCTTGCGCAGGATAGGTGGGAAGCGGTGATTGATTCCTTTTGGGGAATCAGGAGCTAACGGTGAGATACCACTCTGGCGAAGCTAGAATTCTAACCCACGACCGTAAGCCGGTCGGGGAACAGTTTCAGGTGGGCAGTTTGACTGGGGCGGTCGCCTCCTAAAAGGTAACGGAGGCGCGCAAAGGTTCCCTCAGCACGCTTGGAAACCGTGCGACGAGTGTAAAGGCAAAAGGGAGCTTGACTGCAAGACTGACAAGTCGAGCAGGTACGAAAGTAGGCCTTAGTGATCCGACGGCGCAG,Bacteria,Cyanobacteria,unk_class,Nostocales,,,,98.5,8,0,12
23S,ESV_177816,GCTTTACTGTAACTTGAGACTGATTTCGGGCTTTATTTGCGCAGCATAGGTGGGAGGCTTTGAAGCAAAACTTACGGGATTTGTGGAGCCATCGGTGAGATACCACTCTGATAAAGCTAGAACTCTAACCTTACACCGTTAGCCGGTGAAGGAACAATCTCAGGCGGGCAGTTTGACTGGGGCGGTCGCCTCCTAAAAAGTAACGGAGGCGCACAAAGGTTTCCTCAGATCGGTCAGACATCGATCTTCGAGTGTAAAGGCATAAGGAAGCTTGACTGTGGGACCTACAAGTCGAACAGAGACGAAAGTCGGTCTTAGTGATCTGGCGATATTG,Eukaryota,unk_phylum,Xanthophyceae,Tribonematales,Tribonemataceae,Tribonema,Tribonema affine,99.7,1,0,12
23S,ESV_177812,GCTTTACTGTAACTTGAGACTGATTTCGGGCTTTATTTGCGCAGCATAGGTGGGAGGCTTTGAAGCAGAACTTACGGGATTTGTGGAGCCATCGGTGAGATACCACTCTAATAAAGCTAGAACTCTAACCTTACACCGTAAGCCGGTGAAGGAACAATCTCAGGCGGGCAGTTTGACTGGGGCGGTCGCCTCCTAAAAAGTAACGGAGGCGCACAAAGGTTTCCTCAGATCGGTCAGACATCGATCTTCGAGTGTAAAGGCATAAGGAAGCTTGACTGTGAGACCTACAAGTCGAACAGAGACGAAAGTCGGTCTTAGTGATCTGGCGATATTG,Eukaryota,unk_phylum,Xanthophyceae,Tribonematales,Tribonemataceae,Tribonema,,99.1,4,0,12
23S,ESV_177814,GCTTTACTGTATCCTGAAATTGAGTTTCGATTTTATCTGCGCAGAATAGGTGGGAGACTTTGAAGTTACTCTTGTGGGGGTAATGGAGTCATTAGTGAGATACCACTCTGATAAAATTGAAATTCTAACTTCATACCGTAAGCCGGTTGAAAGACAGTTTCAGGTGGGCAGTTTGACTGGGGCGGTCGCCTCCTAAAAGGTAACGGAGGCGTACAAAGGTTCCCTCAGATCGGTCAGAAATCGATCTTAGAGTGTAAAGGCAAAAGGGAGCTTAACTGTGAGACAAACAAGTCGAGCAGAGACGAAAGTCGGTCTTAGTGATCTGACGGTGCTG,Eukaryota,unk_phylum,Chrysophyceae,Chromulinales,Chromulinaceae,Chromulina,Chromulina sp. SAG 17.97,97.6,1,0,12
23S,ESV_177811,GCTTTACTGTAGCCTGGAATTGTGTTCGGGCTTCGCTTGCGCAGGATAGGTGGGAAGCGGTGAACTATTCCTTTTGGGGAATAGGGAGCTAACGGTGAGATACCACTCTGGCGAAGCTAGAATTCTAACCCACGACCGTCAGCCGGTTGGGGAACAGTTTCAGGTGGGCAGTTTGACTGGGGCGGTCGCCTCCTAAAAGGTAACGGAGGCGCGCAAAGGTTCCCTCAGCACGCTTGGAAACCGTGCGACGAGTGTAAAGGCAAAAGGGAGCTTGACTGCAAGACCGACAAGTCGAGCAGGTACGAAAGTAGGCCTTAGTGATCCGACGGCGCAG,Bacteria,Cyanobacteria,unk_class,Nostocales,,,,99.1,5,0,12
23S,ESV_076831,GCTTGAAGGTAGCTTGGAATTGGGTTTGGGCTTTTTTTGCGCAGTCTAGGTGGGAGGCGTTGAAGATAGGATTTCGGTCCTATCTGAGCCATCAGTGAGAGACCACTCTGAAAAAGCTAGAATCCTAATAGTACTCCTTGAAGCAGGATACTTGACAGTTTCAGGCGGACCTTTTTTCTGGGGCGGATGCCTGCTAAAATGTAACGGAGGTGTGCAAAGGTTCCCTCAGGCTGGACGGAAATCAGCTGTAGAGTGTAAAGGTAGAAGGGGGCTTGACTGCAAGACCTACAAGTCGAGCAGGGGCGAAAGCCGGCCTTAGTGATCCGACGGTACCG,Eukaryota,Chlorophyta,Ulvophyceae,Ulotrichales,,,,97.9,2,0,12
23S,ESV_031766,GCTTTACTGTAACTTGAAATTGAAATTGGACTTTATTTGCGCAGTATAGGTGGGAGGCGTTGATAGTATTCTTGTGGGAATATTGGAGCCATCAGTGAGATACCACTCTTGTAATGTTAGATTTCTAACTTTGTATCATTATCTGGTCAAAGAACAGTTTCAGGCGGGCAGTTTGACTGGGGCGGTCGCCTCCCAAACGGTAACGGAGGCGTACAAAGGTTTCCTCTGAACGGGTAGAAATCGTATCTAGAGTATAAAGGCATAAGGAAGCTTGACTGTGAGACCTACAAGTCGAGCAGGGACGAAAGTCGGTCTTAGTGATCTGACGGTGCTG,Eukaryota,Bacillariophyta,Bacillariophyceae,Naviculales,,,,98.5,10,0,12
23S,ESV_177884,GCTTTACTGTATCCTGAAATTGAATTTCGATTTTATTTGCGCAGAATAGGTGGGAGACTATGAAGTTATTCTCGTGGGAATAATGGAGTCATCAGTGAGATACCACTCTGATAAAATTGGCATTCTAACTTCATACCGTAAGCCGGTTGAAAGACAGTTTCAGGTGGGCAGTTTGACTGGGGCGGTCGCCTCCCAAAAGGTAACGGAGGCGTACAAAGGTTTCCTCAGATCGGTCAGAAATCGATCTTCGAGTGCAAAGGCAAAAGGAAGCTTAACTGTGAGACAAACAAGTCGAGCAGAGACGAAAGTCGGTCTTAGTGATCTGACGCTGCTG,Eukaryota,unk_phylum,Synurophyceae,Synurales,Mallomonadaceae,Mallomonas,,97,2,11,0
23S,ESV_177883,GCTTTACTGTAACTTGAAATTGAAATTGGACTTTATTTGCGCAGTATAGGTGGGAGGCGTTGAGAATATTCTCGCGGGAATATTGGAGCCATCAGTGGGATACCACTCTTGTAATGTTAGATTTCTAACTTTGTATCATTATCTGGTCAAAGGACAGTTTCAGGCGGGCAGTTTGACTGGGGCGGTCGCCTCCCAAACGGTAACGGAGGCGTACAAAGGTTTCCTCTGAACGGGTAGAAATCGTATCTAGAGTGTAAAGGCATAAGGAAGCTTGACTGTGAGACCTACAAGTCGAGCAGGGACGAAAGTCGGTCTTAGTGATCTGACGGTGCTG,Eukaryota,Bacillariophyta,Bacillariophyceae,Naviculales,Sellaphoraceae,Sellaphora,,98.8,8,11,0
23S,ESV_177882,GCTTTACTGTAGCCTGGAATTGTGTTCGGGCTTCGCTTGCGCAGGATAGGTGGGAAGCGTAGAAGTATTCCTTTTGGGGACTATGGAGCTAACGGTGAGATACCACTCTGGCGAAGCTAGAATTCTAACCCACGACCGTCAGCCGGTCGGGGAACAGTTTCAGGTGGGCAGTTTGACTGGGGCGGTCGCCTCCTAAAAGGTAACGGAGGCGCGCAAAGGTTCCCTCAGCACGCTTGGAAACCGTGCGACGAGTGTAAAGGCATAAAGGGAGCTTGACTGCAAGACTGACAAGTCAAGCAGGTACGAAAGTAGGCCTTAGTGATCCGACGGCGCAG,Bacteria,Cyanobacteria,unk_class,Nostocales,,,,98.2,6,11,0
23S,ESV_177818,GCTTTACTGTAGCCTGGAATTGTGTTCGGGCTTCGCTTGCGCAGGATAGGTGGGAAGCGGTGAACTATTCCTTTTGGGGAATAGGGAGCTAACGGTGAGATACCACTCTGGCGAAGCTAGAATTCTAACCCACGACCGTAAGCCGGTTGGGGAACAGTTTCAGGTGGGCAGTTTGACTGGGGCGGTCGCCTCCTAAAAGGTAACGGAGGCGCGCAAAGGTTCCCTCAGCACGCTTGGAAACCGTGCGACGAGTGTAAAGGCAAAAGGGAGCTTGACTGCAAGACCGACAAGTCGAGCAGGTACGAAAGTAGGCCTTAGTGATCCGACGGCGCAG,Bacteria,Cyanobacteria,unk_class,Nostocales,Aphanizomenonaceae,,,99.1,7,0,11
23S,ESV_070035,GCTTGAAGGTAGCTTGGAATTGGGTTTGGGCTCTTTTTGCGCAGTCTAAGTGGGAGGCGAAGAAGATACGGTTTCGGCTTTATCTGAGCCATCAGTGAGAGACCACTCTAAAAGAGCTAGAATCCTAATAGGACTCCTTGAAACAGGATCCTTGACCGTTTCAGGCGGACCTTTTTTCTGGGGCGGATGCCTGCTAAAAGGTAACGGAGGTGTGCAAAGGTTCCCTCAGGCTGGACGGAAATCAGCTGTAGAGTGTAAAGGTAGAAGGGAGCTTGACTGCAAGACCTACAAGTCGAGCAGGGGCGAAAGCCGGCCTTAGTGATCCGACGGTACCG,Eukaryota,Chlorophyta,Ulvophyceae,Ulotrichales,Hazeniaceae,Hazenia,Hazenia capsulata,99.7,1,0,11
23S,ESV_063841,GCTTTACTGTAACTTGAGACTGATTTCGGGCTTTATTTGCGCAGTATAGGTGGGAGGCTATGAAACAAGTCTTACGGGATTTGTGGAGCCATTCGTGAGATACCACTCTGATAAAGCTAGAAATCTAACCTTACACCGTAAGCCGGTGGAGGAACAATCTCAGGCGGGCAGTTTGACTGGGGCGGTCGCCTCCTAAAAAGTAACGGAGGCGCACAAAGGTTTCCTCAGATCGGTCAGACATCGATCTTTGAGTGTAAAGGCAAAAGGAAGCTTGACTGTGAGACCTACAAGTCGAACAGAGACGAAAGTCGGTCTTAGTGATCTGGCGATATTG,Eukaryota,unk_phylum,Xanthophyceae,,,,,96.4,6,0,11
23S,ESV_177819,GCTTTACTGTATCCTGAAATTGAGTTTTGATTTTATTTGCGCAGAATAGGTGGGAGACATTGAATTTATTCTTCTGGGAATATTGGAGTCACCTGTGAGATACCACTCTGATAAAATCGAAACTCTAACTTCATTCCGTAAGCCGGTTGAAAAACAGTTTCAGGTGGGCAGTTTCACTGGGGCGGTGGCCTCCTAAAAGGTAACGGAGGCGTACAAAGGTTTCCTCAGATCGGTCAGAAATCGATCCTCGAGTGTAAAGGCAAAAGGAAGCTTAACTGCGAGACAAACAAGTCGAACAGAGACGAAAGTCGGTCTTAGTGATCTGACGCTGCTG,Eukaryota,,,,,,,93.4,4,0,11
23S,ESV_177817,GCTTTACTGTAGCCTGGAATTGTGTTCGGGCTTGGCTTGCGCAGGATAGGTGGGAGGCGATGAAGTATTCCTTGTGGGGAGTATGGAGCCAACGGTGAGATACCACTCTGGCGAAGCTAGAATTCTAACCCATGACCGTTATCCGGTCAGGGAACAGTTTCAGGTGGGCAGTTTGACTGGGGCGGTCGCCTCCTAAAAGGTAACGGAGGCGCGCAAAGGTTCCCTCAGCACGCTTGGAAACCGTGCGAAGAGTGTAAAGGCAGAAGGGAGCTTGACTGCAAGACCGACAAGTCGAGCAGGTACGAAAGTAGGCCTTAGTGATCCGACGGCGCAG,Bacteria,Cyanobacteria,unk_class,Nostocales,Nostocaceae,Nostoc,,98.5,25,0,11
23S,ESV_177886,GCTTTACTGTAACTTGAAATTGAAATTGGACTTTATTTGCGCAGTATAGGTGGGAGGCGTTGAGAATATTCTTGCGGGAATATTGGAGCCATCAGTGAGATACCACTCTTGTAATGTTAGATTTCTAACTTTGTATCATTATCTGGTCAAAGGACAGTTTCAGGCGGGCAGTTTGACTGGGGCGGTCGCCTCCCAAACGGTAACGGAGGCGTACAAAGGTTTCCTCTGAACGGGTAGAAATCGTATTTAGAGTGTAAAGGCATAAGGAAGCTTGACTGTGAGACCTACAAGTCGAGCAGGGACGAAAGTCGGTCTTAGTGATCTGACGGTGCTG,Eukaryota,Bacillariophyta,Bacillariophyceae,Naviculales,Sellaphoraceae,Sellaphora,,99.1,8,10,0
23S,ESV_177885,GCTTTACTGTAACTTGAAATTGAAATTGGACTTTATTTGCGCAGTATAGGTGGGAGGCGTTGAGAATATTCTTGCGGGAATATTGGAGCCATCAGTGAGATACCACTCTTGTAATGTTAGATTTCTAACTTTGTATCATTATCTGGTCAAAGGACAGTTTCAGGCGGGCAGTTTGACTGGGGCGGTCGCCTCCCAAACGGTAACGGAGGCGTACAAAGGTTTCCTCTGAACGGGTAGAAATCGTATCTAGAGTGTAAAGGCATAAGGAAGCTTGACTGTGAGGCCTACAAGTCGAGCAGGGACGAAAGTCGGTCTTAGTGATCTGACGGTGCTG,Eukaryota,Bacillariophyta,Bacillariophyceae,Naviculales,Sellaphoraceae,Sellaphora,,99.1,8,10,0
23S,ESV_177888,GCTTTACTGTAGCCTGGAATTGTGTTCGGGCTTCGCTTGCGCAGGATAGGTGGGAAGCGGTGAACTATTCCCTGTGGGGAATAGGGAGCTAACGGTGAGATACCACTCTGGCGAAGCTAGAATTCTAACCCACGACCGTCAGCCGGTTGGGGAACAGTTTCAGGTGGGCAGTTTGACTGGGGCGGTCGCCTCCTAAAAGGTAACGGAGGCGCGCAAAGGTTCCCTCAGCACGCTTGGAAACCGTGCGACGAGTGTAAAGGCAAAAGGGAGCTTGACTGCAAGACTGACAAGTCGAGCAGGTACGAAAGTAGGCCTTAGTGATCCGACGGCGCAG,Bacteria,Cyanobacteria,unk_class,Nostocales,,,,98.8,7,10,0
23S,ESV_177887,GCTTTACTGTAGCCTGGAATTGTGTTCGGGCTTGGCTTGCGCAGGATAGGTGGGAGGCGATGAAGTATTCCTTGTGGGGAGTATGGAGCCAACGGTGAGATACCACTCTGGCGAAGCTAGAATTCTAACCCATGACCATTATCTGGTCAGGGAACAGTTTCAGGTGGGCAGTTTGACTGGGGCGGTCGCCTCCTAAAAGGTAACGGAGGCGCGCAAAGGTTCCCTCAGCACGCTTGGAAACCGTGCGGCGAGTGTAAAGGCATAAAGGGAGCTCGACTGCAAGACTGACAAGTCGAGCAGGTACGAAAGTAGGCCTTAGTGATCCGACGGCGCAG,Bacteria,Cyanobacteria,unk_class,Nostocales,Nostocaceae,Nostoc,,99.7,22,10,0
23S,ESV_177889,GCTTTACTGTAACTTGAAATTGAAATTGGACTTTATTTGCGCAGTATAGGTGGGAGGCGTTGAGAATATTCTTGCGGGAATATTGGAGCCATCAGTGAGATACCACTCTTGTAATGTTAGATTTCTAACTTTGTATCATTATCCGGTCAAAGGACAGTTTCAGGCGGGCAGTTTGACTGGGGCGGTCGCCTCCCAAACGGTAACGGAGGCGTACAAAGGTTTCCTCTGAACGGGTAGAAATCGTATCTAGAGTGTAAAGGCATAAGGAAGCTTGACTGTGAGACCTACAAGTCGAGCAGGGACGAAAGTCGGTCTTAGTGATCTGACGGTGCTG,Eukaryota,Bacillariophyta,Bacillariophyceae,Naviculales,Sellaphoraceae,Sellaphora,,99.1,8,10,0
23S,ESV_177820,GCTTTACTGTAACTTGAAATTGAAATTGGACTTTACTTGCGCAGTATAGGTGGGAGGCGTTGAGTTTATTCTTGCGGGAATTTAGGAGCCATCAGTGAGATACCACTCTGGTAATGTTAGATTTCTAACTTTGTATCATAATCTGGTCAAAGGACAGTTTCAGGCGGGCAGTTTGACTGGGGCGGTCGCCTCCTAAATGGTAACGGAGGCGTACAAAGGTTTCCTCTGAACGTGTAGAAATCGTATCTAGAGTATAAAGGCATAAGGAAGCTTGACTGTGGGACTTACAAGTCGAGCAGGGACGAAAGTCGGTCTTAGTGATCTGACGGTGCTG,Eukaryota,Bacillariophyta,Bacillariophyceae,Bacillariales,Bacillariaceae,Nitzschia,,99.7,8,0,10
23S,ESV_177821,GCTTTACTATAGCCTGGAATTGGGTTCGGGCTTCGCTTGCGCAGAATAGGTGGGAGACGATGAGGATAACCTTGTGGGGTTATAGGAGTCATCGGTGAGATACCACTCTAGCGAGGCTAGAATTCTAACTTTGTCCCATTAGCTGGGAGAAGAACAGTTTCAGGTGGGTAGTTTGACTGGGGCGGTCGCCTCCAAAAAGGTAACGGAGGCGCACAAAGGTTCCCTCAGGCTGGATGGAAATCAGCCAGAGAGTGTAAAGGCACAAGGGAGCTTGACTGCGAGAGAGACAACTCAAGCAGGTACGAAAGTAGGTCTTAGTGATCCGACGGTGCTG,Bacteria,Cyanobacteria,unk_class,Pleurocapsales,Hyellaceae,Pleurocapsa,Pleurocapsa sp. 04302-00001,95.5,1,0,10
23S,ESV_072453,GCTTTACTGTAACTTGAAATTGAAATTGGACTTTACTTGCGCAGTATAGGTGGGAGGCGTTGAGTTTATTCTTGCGGGAATTTAGGAGCCATCAGTGAGATACCACTCTGGTAATGTTAGATTTCTAACTTTGTATCATTATCTGGTCAAAGAACAGTTTCAGGCGGGCAGTTTGACTGGGGCGGTCGCCTCCTAAACGGTAACGGAGGCGCACAAAGGTTTCCTCTGAACGGGTAGAAATCGTATCTAGAGTGTAAAGGCATAAGGAAGCTTGACTGTGAGACCTACAAGTCGAGCAGGGACGAAAGTCGGTCTTAGTGATCTGACGGTGCTG,Eukaryota,Bacillariophyta,Bacillariophyceae,,,,,98.2,34,0,10
23S,ESV_177824,GCTTTACTGTAGCCTGGAATTGTGTTCGGGCTTCGCTTGCGCAGGATAGGTGGGAAGCGGTGATTGATTCCTTTTGGGGAATCAGGAGCTAACGGTGAGATACCACTCTGGCGAAGCTAGAATTCTAACCCACGACCGTAAGCCGGTCGGGGAACAGTTTCAGGTGGGCAGTTTGACTGGGGCGGTCGCCTCCTAAAAAGTAACGGAGGCGCGCAAAGGTTCCCTCAGCACGCTTGGAAACCGTGCGACGAGTGTAAAAGCAAAAGGGAGCTTGACTGCAAGACCCACAAGTCGAGCAGGTACGAAAGTAGGCTTTAGTGATCCGACGGCGCAG,Bacteria,Cyanobacteria,unk_class,Nostocales,,,,97.9,10,0,10
23S,ESV_177823,GCTTTACTGTAGCCTGGAATTGTGTTCGGGCTTGGCTTGCGCAGGATAGGTGGGAGGCGATGAAGTATTCCTTGTGGGGAGTATGGAGCCAACGGTGAGATACCACTCTGGCGAAGCTAGAATTCTAACCCATGACCATTATCTGGTCAGGGAACAGTTTCAGGTGGGCAGTTTGACTGGGGCGGTCGCCTCCTAAAAGGTAACGGAGGCACGCAAAGGTTCCCTCAGCACGCTTGGAAACCGTGCGGCGAGTGTAAAGGCATAAAGGGAGCTTGACTGCAAGACTGACAAGTCGAGCAGGTACGAAAGTAGGCCTTAGTGATCCGACGGCGCAG,Bacteria,Cyanobacteria,unk_class,Nostocales,Nostocaceae,Nostoc,,99.7,22,0,10
23S,ESV_177893,GCTTTACTGTAACTTGAGACTGGTTTCGGGCTTTATTTGCGCAGCATAGGTGGGAGGCTTTGAAGCAGAACTTACGGGATTTGTGGAGCCATCGGTGAGATACCACTCTGATAAAGCTAGAACTCTAACCTTACACCGTAAGCCGGTGAAGGAACAATCTCAGGCGGGCAGTTTGACTGGGGCGGTCGCCTCCTAAAAAGTAACGGAGGCGCACAAAGGTTTCCTCAGATCGGTCAGACATCGATCTTCGAGTGTAAAGGCATAAGGAAGCTTGACTGTGAGACCTACAAGTCGAACAGAGACGAAAGTCGGTCTTAGTGATCTGGCGATATTG,Eukaryota,unk_phylum,Xanthophyceae,Tribonematales,Tribonemataceae,Tribonema,,99.1,4,9,0
23S,ESV_177890,GCTTTACTGTAGCCTGGAATTGTGTTCGGGCCTCGCTTGCGCAGGATAGGTGGGAAGCGGTGATTGATTCCTTTTGGGGAATCAGGAGCTAACGGTGAGATACCACTCTGGCGAAGCTAGAATTCTAACCCACGACCGTAAGCCGGTCGGGGAACAGTTTCAGGTGGGCAGTTTGACTGGGGCGGTCGCCTCCTAAAAGGTAACGGAGGCGCGCAAAGGTTCCCTCAGCACGCTTGGAAACCGTGCGTAGAGTGTAAAGGCATAAAGGGAGCTTGACTGCAAGACCGACAAGTCGAGCAGGTACGAAAGTAGGCCTTAGTGATCCGACGGCGCAG,Bacteria,Cyanobacteria,unk_class,Nostocales,,,,97.9,7,9,0
23S,ESV_177892,GCTTTACTGTAGCCTGGAATTGTGTCCGGGCTTCGCTTGCGCAGGATAGGTGGGAGGCGTTGAGATATTCCTTGTGGGGAATATGGAGCCAACGGTGAGATACCACTCTGGCGAAGCTAGGATTCTAACCCGCTCCCATTATCTGGGAGGGGAACAGTTTCAGGTGGGCAGTTTGACTGGGGCGGTCGCCTCCTAAAAGGTAACGGAGGCGCGCAAAGGTTCCCTCAGCACGCTTGGAAACCGTGCGACGAGTGTAAAGGCAAAAGGGAGCTTGACTGCAAGACTGACAAGTCGAGCAGGTACGAAAGTAGGCCTTAGTGATCCGACGGCGCAG,Bacteria,Cyanobacteria,unk_class,Nostocales,,,,98.5,2,9,0
23S,ESV_177891,GCTTTACTGTAACTTGAAATTGAAATTGGACTTTATTTGCGCAGTATAGGTGGGAGGCGTTGAGTTTATTCTTGCGGGAATTTAGGAGCCATCAGTGAGATACCACTCTGGTAATGTTAGATTTTTAACTTTGTATCATCATCTGGTCAAAGAACAGTTTCAGGCGGGCAGTTTGACTGGGGCGGTCGCCTCCTAAATGGTAACGGAGGCGTACAAAGGTTTCCTCTGAACGTGTAGAAATCGTATCTAGAGTGTAAAGGCATAAGGAAGCTTGACTATGAGACCTACAAGTCGAGCAGGGACGAAAGTCGGTCTTAGTGATCTGACGGTGCTG,Eukaryota,Bacillariophyta,Bacillariophyceae,Bacillariales,Bacillariaceae,,,98.8,22,9,0
23S,ESV_177832,GCTTTACTGTAACTTGAGACTGATTTTGGGCTTTATTTGCGCAGCATAGGTGGGAGGCTTTGAAGCAAATCTTACGGGATTCGTGGAGCCATTCGTGAGATACCACTCTGATAAAGCTAGAAATCTAACCTTACACCGTAAGCCGGTGGAGGAACAATCTCAGGCGGGCAGTTTGACTGGGGCGGTCGCCTCCTAAAAAGTAACGGAGGCGCACAAAGGTTTCCTCAGATCGGTCAGACATCGATCTTAGAGTGTAAAGGCATAAGGAAGCTTGACTGTGAGACCTACAAGTCGAACAGAGACGAAAGTCGGTCTTAGTGATCTGACGGTGCTG,Eukaryota,unk_phylum,Xanthophyceae,Tribonematales,Tribonemataceae,Tribonema,,96.1,4,0,9
23S,ESV_177831,GCTTGAAGGTAGCTTGGAATTGGGTTTGGGCTTTTTTTGCGCAGTCTAGGTGGGAGGCGTTGAAGGTAGGGTTTCGGCCCTATTTGAGCCATCAGTGAGAGACCACTCTGAAAAAGCTAGAATCCTAATAGTACTCCTTGAAGCAGGATACTTGACAGTTTCAGGCGGACCTTTTTTCTGGGGCGGATGCCTGCTAAAATGTAACGGAGGTGTGCAAAGGTTCCCTCAGGCTGGACGGAAATCAGCTGTAGAGTGTAAAGGTAGAAGGGAGCTTGACTGCAAGACCTACAAGTCGAGCAGGGGCGAAAGCCGGCCTTAGTGATCCGACGGCGCAG,Eukaryota,Chlorophyta,Ulvophyceae,Ulotrichales,,,,98.5,2,0,9
23S,ESV_177830,GCTTTACTGTAGCCTGGAATTGTGTTCGGGCTTCGCTTGCGCAGGATAGGTGGGACGCGGTGAACTATTCCTTTTGGGGAATAGGGAGCTAACGGTGAGATACCACTCTGGCGAAGCTAGAATTCTAACCCACGACCGTAAGCCGGTTGGGGAACAGTTTCAGGTGGGCAGTTTGACTGGGGCGGTCGCCTCCTAAAAGGTAACGGAGGCGCGCAAAGGTTCCCTCAGCACGCTTGGAAACCGTGCGACGAGTGTAAAGGCAAAAGGGAGCTTGACTGCAAGACTGACAAGTCGAGCAGGTACGAAAGTAGGCCTTAGTGATCCGACGGCGCAG,Bacteria,Cyanobacteria,unk_class,Nostocales,,,,98.8,8,0,9
23S,ESV_177834,GCTTTACTGTAGCCTGGAATTGTGTTCGGGCTTCGCTTGCGCAGGATAGGTGGGAAGCGGTGAACTATTCCTTGTGGGGAATAGGGAGCTAACGGTGAGATACCACTCTGGCGAAGCTAGAATTCTAACCCACGACCGTAAGCCGGTTGGGGAACAGTTTCAGGTGGGCAGTTTGACTGGGGCGGTCGCCTCCTAAAAGGTAACGGAGGCGCGCAAAGGTTCCCTCAGCACGCTTGGAAACCGTGCGACGAGTGTAAAGGCAAAAGGGAGCTTGACTGCAAGACTGACAAGTCGAGCAGGTACGAAAGTAGGCCTTAGTGATCCGACGGCGCAG,Bacteria,Cyanobacteria,unk_class,Nostocales,,,,98.8,9,0,9
23S,ESV_177826,GCTTTACTGTAACTTGAGACTGATTTCGGGCTTTATTTGCGCAGCATAGGTGGGAGGCTTTGAAGCAAAACTTACGGGATTTGTGGAGCCATCGGTGAGATACCACTCTGATAAAGCTAGAACTCTAACCTTACACCGTTAGCCGGTGAAGGAACAATCTCAGGCGGGCAGTTTGACTGGGGCGGTCGCCTCCTAAAAAGTAACGGAGGCGCACAAAGGTTTCCTCAGATCGGTCAGACATCGATCTTCGAGTGTAAAGGCATAAGGAAGCTTGACTGTGAGACCTACAAGTCGAACAGAAACGAAAGTCGGTCTTAGTGATCTGGCGATATTG,Eukaryota,unk_phylum,Xanthophyceae,Tribonematales,Tribonemataceae,Tribonema,Tribonema affine,99.7,1,0,9
23S,ESV_177828,GCTTTACTGTAACTTGAAATTGAAATTGGACTTTATTTGCGCAGTATAGGTGGGAGGCGTTGAAAGATTCTTGCGGGAATTCTGGAGCCATCAGTGAGATACCACTCCTATAATGTTAGGTTTCTAACTTTTACCATTATCTGGTGAAAGGACAGTTTCAGGCGGGCAGTTTGACTGGGGCGGTCGCCTCCTAAGCGGTAACGGAGGCGCACAAAGGTTTCCTCTGAACGGGTAGAAATCGTATCTAGAGTGTAAAGGCAAAAGGAAGCTTGACTGTGAGACCTACAAGTCGAGCAGGGACGAAAGTCGGTCTTAGTGATCTGACGGTGCTG,Eukaryota,Bacillariophyta,,,,,,99.4,3,0,9
23S,ESV_177827,GCTTTACTGTAGCCTGGAATTGTGTTCGGGCTTCGCTTGCGCAGGATAGGTGGGAAGCGTAGAAGTATTCCTTTTGGGGAATATGGAGCTAACGGTGAGATACCACTCTGGCGAAGCTAGAATTCTAACCCACGACCGTCAGCCGGTCGGGGAACAGTTTCAGGTGGGCAGTTTGACTGGGGCGGTCGCCTCCTAAAAGGTAACGGAGGCGCGCAAAGGTTCCCTCAGCACGCTTGGAAACGGTGCGACGAGTGTAAAGGCATAAAGGGAGCTTGACTGCAAGACTGACAAGTCAAGCAGGTACGAAAGTAGGCCTTAGTGATCCGACGGCGCAG,Bacteria,Cyanobacteria,unk_class,Nostocales,,,,98.2,6,0,9
23S,ESV_177833,GCTTTACTGTAGCCTGGAATTGTGTTCGGGCTTCGCTTGCGCAGGATAGGTGGGACGCGGTGAACTACTCCTTTTGGGGAGTAGGGAGCTAACGGTGAGATACCACTCTGGCGAAGCTAGAATTCTAACCCACGACCGTAAGCCGGTCGGGGAACAGTTTCAGGTGGGCAGTTTGACTGGGGCGGTCGCCTCCTAAAAAGTAACGGAGGCGCGCAAAGGTTCCCTCAGCACGCTTGGAAACCGTGCGACGAGTGTAAAAGCAAAAGGGAGCTTGACTGCAAGACCCACAAGTCGAGCAGGTACGAAAGTAGGCTTTAGTGATCCGACGGCGCAG,Bacteria,Cyanobacteria,unk_class,Nostocales,Aphanizomenonaceae,Dolichospermum,,98.8,2,0,9
23S,ESV_177825,GCTTTACTGTAGCCTGGAATTGTGTTCGGGCTTCGCTTGCGCAGGATAGGTGGGAAGCGATGAAGTTATCCTTGTGGGGATAATGGAGCTAACGGTGAGATACCACTCTGGCGAAGCTAGAATTCTAACCCACGACCGTAAGCCGGTCGGGGAACAGTTTCAGGTGGGCAGTTTGACTGGGGCGGTCGCCTCCTAAAAGGTAACGGAGGCGCGCAAAGGTTCCCTCAGCACGCTTGGAAACCGTGCGTAGAGTGTAAAGGCATAAAGGGAGCTTGACTGCAAGACCGACAAGTCGAGCAGGTACGAAAGTAGGCCTTAGTGATCCGACGGCGCAG,Bacteria,Cyanobacteria,unk_class,Nostocales,,,,98.2,9,0,9
23S,ESV_177829,GCTTTACTGTAGCCTGGAATTGTGTTCGGGCTTCGCTTGCGCAGGATAGGTGGGAAGCGTAGAAGTATTCCTTTTGGGGAATATGGAGCTAACGGTGAGATACCACTCTGGCGAAGCTAGAATTCTAACCCACGACCGTCAGCCGGTCGGGGAACAGTTTCAGGTGGGCAGTTTGACTGGGGCGGTCGCCTCCTAAAAGGTAACGGAGGCGCGCAAAGGTTCCCTCAGCACGCTTGGAAACCGTGCGAAGAGTGTAAAGGCAGAAGGGAGCTTGACTGCAAGACCGACAAGTCGAGCAGGTACGAAAGTAGGCCTTAGTGATCCGACGGCGCAG,Bacteria,Cyanobacteria,unk_class,Nostocales,,,,98.5,6,0,9
23S,ESV_065358,GCTTTACTGTAGCCTGGAATTGTGTTCGGGCTTCGCTTGCGCAGGATAGGTGGGAAGCGGTGATTGATTCCTTTTGGGGAATCAGGAGCTAACGGTGAGATACCACTCTGGCGAAGCTAGAATTCTAACCCACGACCGTAAGCCGGTCGGGGAACAGTTTCAGGTGGGCAGTTTGACTGGGGCGGTCGCCTCCTAAAAGGTAACGGAGGCGCGCAAAGGTTCCCTCAGCACGCTTGGAAACCGTGCGAAGAGTGTAAAGGCAGAAGGGAGCTTGACTGCAAGACCGACAAGTCGAGCAGGTACGAAAGTAGGCCTTAGTGATCCGACGGCGCAG,Bacteria,Cyanobacteria,unk_class,Nostocales,,,,99.1,4,0,9
23S,ESV_031813,GCTTTACTATAGCCTGGCATTGTGTTCGGGCTTCGCTTGCGCAGGATAGGTGGGAGACGTTGAAGCAGTCCTTGTGGGGATTGTGGAGTCATCAGTGAGATACCACTCTGGCGAGGCTAGAATTCTAACGGTTGCCCATTAGCTGGGAACCGGACATTTTCAGGTGGGTAGTTTGACTGGGGCGGTCGCCTCCTAAATTGTAACGGAGGCGCGCAAAGGTTCTCTTAGATTGGTTGGAAATCAATCGTTAAGTGTAAAGGCAGAAGAGAGCTTGACTGCAACACCAACAAGTGGAGCAGGTACGAAAGTAGGCCTTAGTGATCCGACGGTACTG,Bacteria,Cyanobacteria,unk_class,Synechococcales,Chamaesiphonaceae,Chamaesiphon,,98.8,2,0,9
23S,ESV_036887,GCTTTACTGTATCTTGGAATTGGGTTTGGGCCTTGCTTGCGCAGGATAGGTGGGAGGCTTTGAAGATATTCTCGTGGGAATGTTGGAGCCAACGGTGAGATACCACTCTAGTAAGGCTAAAATTCTAACCTCGAACCGTTATCCGGTCGAGGAACAGTTTCAGGTGGGCAGTTTGACTGGGGCGGTCGCCTCCTAAAAAGTAACGGAGGCGCGCAAAGGTTCCCTCAGGCTGGTTGGACATCAGTCGTAGAGTGTAAAGGCATAAGGGAGCTTGACTGCGAGACCAACAAGTCGAGCAGAGACGAAAGTCGGCCTTAGTGATCCGACGGTTCCG,Eukaryota,unk_phylum,Cryptophyceae,Cryptomonadales,Cryptomonadaceae,Cryptomonas,Cryptomonas obovoidea,100,1,0,9
23S,ESV_002583,GCTTTACTGTAACTTGAAATTGAAATTGGACTTTAGTTGCGCAGGATAGGTGGGAGGCGTTGAGAATAGTCTTGCGGGATTATTGGAGCCATCAGTGAGATACCACTCTTCTAATGTTAGATTTCTAACTTTGTATCATTATCTGGTCAAAGAACAGTTTCAGGCGGGCAGTTTGACTGGGGCGGTCGCCTCCTAAACGGTAACGGAGGCGCACAAAGGTTTCCTCTGAACGGGTAGAAATCGTATCTAGAGTGTAAAGGCATAAGGAAGCTTGACTGTGAGACCTACAAGTCGAGCAGGGACGAAAGTCGGTCTTAGTGATCTGACGGTGCTG,Eukaryota,Bacillariophyta,Bacillariophyceae,Naviculales,,,,97.9,11,0,9
23S,ESV_036928,GCTTTACTGTATCCTGAAATTGAATATTGATTTTATTTGCGCAGAATAGGTGGGAGACTTAGAGTATTCTCTTGTGGGAGAGTAGGAGTCATCGTTGAGATACCACTCTGATAAAATTGGTCTTCTAACTTCATACCGTTAGCCGGTTGAAAAACAGTTTCAGGTGGGCAGTTTGACTGGGGCGGTCGCCTCCTAAAAGGTAACGGAGGCGTACAAAGGTTTCCTCAGATCGTTTAGAAATCGATCTTAGAGTGCAAAGGCAAAAGGAAGCTTAACTGTGAGACCAACAAGTCGAGCAGAGACGAAAGTCGGTCTTAGTGATCTGACGCTGCTG,Eukaryota,unk_phylum,Chrysophyceae,Chromulinales,Chromulinaceae,Pedospumella,Pedospumella sp. Jangsampo120217C5,95.8,1,0,9
23S,ESV_006410,GCTTTACTGTAACTTGAAATTGAAATTGGACTTTACTTGCGCAGTATAGGTGGGAGGCGTTGAGTTTATTCTTGCGGGAATTTAGGAGCCATCAGTGAGATACCACTCTGGTAATGTTAGATTTCTAACTTTGTATCATAATCTGGTCAAAGAACAGTTTCAGGCGGGCAGTTTGACTGGGGCGGTCGCCTCCCAAACGGTAACGGAGGCGTACAAAGGTTTCCTCTGAACGTGTAGAAATCGTATCTAGAGTGTAAAGGCATAAGGAAGCTTGACTGTGAGACCTACAAGTCGAGCAGGGACGAAAGTCGGTCTTAGTGATCTGACGGTGCTG,Eukaryota,Bacillariophyta,Bacillariophyceae,Bacillariales,Bacillariaceae,,,99.4,19,0,9
23S,ESV_177895,GCTTTACTGTAACTTGAAATTGAAACTGGACTTTATTTGCGCAGTATAGGTGGGAGGCGTTGAGAATATTCTTGCGGGAGTATTGGAGCCGTCAGTGAGATACCACTCTTGTAATGTTAGGTTTCTAACTTTGTATCATTATCTGGTCAAAGAACAGTTTCAGGCGGGCAGTTTGACTGGGGCGGTCGCCTCCTAAATGGTAGCGGAGGCGCACAAAGGTTTCCTCTGAACGGGTAGAAATCGTATCTAGAGTGTAAAGGCAAAAGGAAGCTTGACTGTGAGACTTACAAGTCGAGCAGGGACGAAAGTCGGTCTTAGTGATCTGACGGTGCTG,Eukaryota,Bacillariophyta,Bacillariophyceae,Naviculales,Amphipleuraceae,Halamphora,Halamphora coffeaeformis,98.2,1,8,0
23S,ESV_177899,GCTTTACTGTAGCCTGGAATTGTGTTCGGGCTTGGCTTGCGCAGGATAGGTGGGAGGCGATGAAGTATACCTTGTGGGGAGTATGGAGCCAACGGTGAGATACCACTCTGGCGAAGCTAGAATTCTAACCCATGACCGTTATCCGGTCAGGGAACAGTTTCAGGTGGGCAGTTTGACTGGGGCGGTCGCCTCCTAAAAGGTAACGGAGGCGCGCAAAGGTTCCCTCAGCACGCTTGGAAACCGTGCGGCGAGTGTAAAGGCATAAAGGGAGCTTGACTGCAAGAGTGACAACTCGAGCAGGTACGAAAGTAGGCCTTAGTGATCCGACGGCGCAG,Bacteria,Cyanobacteria,unk_class,Nostocales,Nostocaceae,Nostoc,,99.4,27,8,0
23S,ESV_177898,GCTTTACTGTAACTTGAAATTGAAATTGGACTTTATTTGCGCAGTATAGGTGGGAGGCGTTGAGTTTATTCTTGCGGGAATTTAGGAGCCATCAGTGAGATACCACTCTGGTAATGTTAGATTTCTAACTTTGTATCATCATCTGGCCAAAGAACAGTTTCAGGCGGGCAGTTTGACTGGGGCGGTCGCCTCCTAAATGGTAACGGAGGCGTACAAAGGTTTCCTCTGAACGTGTAGAAATCGTATCTAGAGTGTAAAGGCATAAGGAAGCTTGACTATGAGACCTACAAGTCGAGCAGGGACGAAAGTCGGTCTTAGTGATCTGACGGTGCTG,Eukaryota,Bacillariophyta,Bacillariophyceae,Bacillariales,Bacillariaceae,,,98.8,22,8,0
23S,ESV_177896,GCTTTACTGTAGCCTGGAATTGTGTTCGGGCTTGGCTTGCGCAGGATAGGTGGGAGGCGATGAAGTATTCCTGGTGGGGAGTATGGAGCCAACGGTGAGATACCACTCTGGCGAAGCTAGAATTCTAACCCATGACCGTTATCCGGTCAGGGAACAGTTTCAGGTGGGCAGTTTGACTGGGGCGGTCGCCTCCTAAAAGGTAACGGAGGCGCGCAAAGGTTCCCTCAGCACGCTTGGAAACCGTGCGGCGAGTGTAAAGGCATAAAGGGAGCTTGACTGCAAGAGTGACAACTCGAGCAGGTACGAAAGTAGGCCTTAGTGATCCGACGGCGCAG,Bacteria,Cyanobacteria,unk_class,Nostocales,Nostocaceae,Nostoc,,99.4,27,8,0
23S,ESV_177897,GCTTTACTGTATCCTGAAATTGGATTTTGATTTTCTTTGCGCAGCATAGGTGGGAAGCTTAGAAGAAATTCTTGTGGGGATTTTGGAGCTATCAGTGAGATACCACTCTGAGAAAATTGACATTCTAACTTTACTCCGTAAGCCGGATAAAGAACAGTTTCAGGTGGGCAGTTTGACTGGGGCGGTCACCTCCTAAAAAGTAACGGAGGTGTACAAAGGCTTTCTCAGATCGGACAGAAATCGATCTACGAGTGCAAAGGCAAAAGAAAGCTTAACTGTGAGACAAACAAGTCGAGCAGAGACGAAAGTCGGTCTTAGTGATCTGACGCTGCTG,Eukaryota,unk_phylum,Synurophyceae,Synurales,Mallomonadaceae,,,89.8,3,8,0
23S,ESV_172229,GCTTTACTGTAACTTGAAATTGAAATTGGACTTTATTTGCGCAGTATAGGTGGGAGGCGTGGAGTTTATTCTTGCGGGAATTTAGGAGCCATCAGTGAGATACCACTCTGGTAATGTTAGATTTCTAACTTTGTATCATAATCTGGTCAAAGAACAGTTTCAGGCGGGCAGTTTGACTGGGGCGGTCGCCTCCCAAATGGTAACGGAGGCGTACAAAGGTTTCCTCTGAACGTGTAGAAATCGTATCTAGAGTGTAAAGGCATAAGGAAGCTTGACTGTGAGACTTACAAGTCGAGCAGGGACGAAAGTCGGTCTTAGTGATCTGACGGTGCTG,Eukaryota,Bacillariophyta,Bacillariophyceae,Bacillariales,Bacillariaceae,,,99.4,17,8,0
23S,ESV_177894,GCTTTACTGTAACTTGAAATTGAAATTGGACTTTATTTGCGCAGTATAGGTGGGAGGCGTTGAGTTTATTCTTGCGGGAATTTAGGAGCCATCAGTGAGATACCACTCTGGTAATGTTAGATTTCTAACTTTGTATCATCATCTGGTCAAAGAACAGTTTCAGGCGGGCAGTTTGACTGGGGCGGTCGCCTCCTAAATGGTAACGGAGGCGTACAAAGGTTTCCTCTGAACGTGTAGAAATCGTATCTAGAGTGTAAAGGCATAAGGAAGCTTGACTATGAGACCTACAAGTCGAGCAGGGACGAAAGTCGGTCTTAGTGATCTGACGGCGCTG,Eukaryota,Bacillariophyta,Bacillariophyceae,Bacillariales,Bacillariaceae,,,98.8,22,8,0
23S,ESV_092570,GCTTTACTGTAACTTGAAATTGAAATTGGACTTTATCTGCGCAGTATAGGTGGGAGGCGTTGAGAATATTCTTGCGGGAATATTGGAGCCATCAGTGAGATACCACTCCTATAATGTTAGATTTCTCACTTTGTATCATTATCTGGTCAAAGGACAGTTTCAGGCGGGCAGTTTGACTGGGGCGGTCGCCTCCTAAATGGTAACGGAGGCGTACAAAGGTTTCCTCTGAACGTGTAGAAATCGTATCTAGAGTATAAAGGCATAAGGAAGCTTGACTGTGAGACTTACAAGTCGAGCAGGGACGAAAGTCGGTCTTAGTGATCTGACGGTGCTG,Eukaryota,Bacillariophyta,Bacillariophyceae,,,,,97,29,0,8
23S,ESV_115824,GCTTTACTGTAGCCTGGAATTGTGTTCGGGCTTGGCTTGCGCAGGATAGGTGGGAGGCGATGAAGTATTCCTTGTGGGGAGTATGGAGCCAACGGTGAGATACCACTCTGGCGAAGCTAGAATTCTAACCCATGACCATTATCTGGTCAGGGAACAGTTTCAGGTGGGCAGTTTGACTGGGGCGGTCGCCTCCTAAAAGGTAACGGAGGCGCGCAAAGGTTCCCTCAGCACGCTTGGAAACCGTGCGGCGAGTGTAAAGGCATAAAGGGAGCTTGACTGCAAGACCGACAAGTCGAGCAGGTACGAAAGTAGGCCTTAGTGATCCGACGGCGCAG,Bacteria,Cyanobacteria,unk_class,Nostocales,Nostocaceae,Nostoc,,99.7,22,0,8
23S,ESV_177836,GCTTTACTGTAGCTTGGGATTGGGTTCGGGCTTCGCTTGCGCAGGATAGGTGGGAGGCTATGAAGTATTCCTTGTGGGGAGTACAGAGCCAATGGTGAGATACCACTCTGGCGAGGCTAGAATTCTAACTCTGACCCATAAGCTGGGGAGAGAACAATTTCAGGTGGGCAGTTTGACTGGGGCGGTCGCCTCCTAAAAGGTAACGGAGGCGCGCAAAGGTTCCCTCAGACTGGTTGGAAATCAGTCGAAGAGTGTAAAAGCAGAAGGGAGCTTGACTGTGAGACTGACAAGTCAAACAGGGACGAAAGTCGGCTTTAGTGATCCGACGGCACTG,Bacteria,Cyanobacteria,,,,,,91.6,3,0,8
23S,ESV_177840,GCTTGACTGTATCCTGGAATTGGGTTTCGGTTTTTCTTGCGCAGTCTAGGTGGGAGGCTATGAAGATTTCCTTCCGGGGAAGTTAGAGCCATCAGTGAGAGACCACTCTGGGAGAACTAAAATTCTAATGGCGTTCCTTCTATCAGGACGCTTGACAGTTTCAGGTGGGCAGTTTTTCTGGGGCGGAAGCCTCATAAAGCGTAACTGAGGCGCGCAAAGGTTCCCTCAGTCTGGATGGAAATCAGACATTGAGTGTAAAGGCAGAAGGGAGCTTGATTGCAAGACCAACAAGTCGAGCAGGGGCGAAAGCCGGCCTTAGTGATCCGACGGTTCCG,Eukaryota,Chlorophyta,Chlorophyceae,Chlamydomonadales,Chlamydomonadaceae,Chlamydomonas,Chlamydomonas nivalis,98.5,1,0,8
23S,ESV_177839,GCTTTACTGTAACTTGAAATTGAAATTGGACTTTATTTGCGCAGTATAGGTGGGAGGCCTTGAAAATATTCTTGCGGGAATATTGGAGCCATCAGTGAGATACCACTCTTGTAATGTTAGATTTCTAACTTTGGATCATTATCTGGTCAAAGAACAGTTTCAGGCGGGCAGTTTGACTGGGGCGGTCGCCTCCCAAAGGGTAACGGAGGCGCACAAAGGTTTCCTCTGAACGTGTAGAAATCGTATCTAGAGTGTAAAGGCATAAGGAAGCTTGACCGTGAGACCTACAAGTCGAGCAGGGACGAAAGTCGGTCTTAGTGATCTGACGGTGCTG,Eukaryota,Bacillariophyta,Bacillariophyceae,Naviculales,,,,98.2,17,0,8
23S,ESV_177835,GCTTGAAGGTAGCTTGGAATTGGGTTTGGGCTTTTTTTGCGCAGTCTAGGTGGGAGGCGTTGAAGGTAGGGTTTCGGCCCTATTTGAGCCATCAGTGAGAGACCACTCTGAAAAAGCTAGAATCCTAATAGTACTCCTTGAAGCAGGATACTTGACAGTTTCAGGCGGACCTTTCTTCTGGGGCGGATGCCTGCTAAAATGTAACGGAGGTGTGCAAAGGTTCCCTCAGGCTGGACGGAAATCAGCTGTAGAGTGTAAAGGTAGAAGGGAGCTTGACTGCAAGACCTACAAGTCGAGCAGGGGCGAAAGCCGGCCTTAGTGATCCGACGGTACCG,Eukaryota,Chlorophyta,Ulvophyceae,Ulotrichales,,,,99.1,2,0,8
23S,ESV_177837,GCTTGAAGGTAGCTTGGAATTGGGTTTGGGCTCTTTTTGCGCAGTCTAAGTGGGAGGCGAAGAAGATGCGGTTTCGGCTTTATCTGAGCCATCAGTGAGAGACCACTCTAAAAGAGCTAGAATCCTAATAGGACTCCTTGAAACAGGATCCTTGACCGTTTCAGGCGGACCTTTTTTCTGGGGCGGATGCCTGCTAAAAGGTAACGGAGGTGTGCAAAGGTTCCCTCAGGCTGGACGGAAATCAGCTGTAGAGTGTAAAGGTAGAAGGGAGCTTGACTGCAAGACCTACAAGTCGAGCAGGGGCGAAAGCCGGCCTTAGTGATCCGACGGTACCA,Eukaryota,Chlorophyta,Ulvophyceae,Ulotrichales,Hazeniaceae,Hazenia,Hazenia capsulata,99.7,1,0,8
23S,ESV_064837,GCTTTACTGTAACTTGAAATTGAAATTGGACTTTATCTGCGCAGTATAGGTGGGAGGCGTTGAGAATATTCTTGCGGGAATATTGGAGCCATCAGTGAGATACCACTCCTATAATGTTAGATTTCTCACTTTGTATCATTATCTGGTCAAAGGACAGTTTCAGGCGGGCAGTTTGACTGGGGCGGTCGCCTCCTAAATGGTAACGGAGGCGCACAAAGGTTTCCTCTGAACGGGTAGAAATCGTATCTAGAGTGTAAAGGCATAAGGAAGCTTGACTGTGAGACCTACAAGTCGAGCAGGGACGAAAGTCGGTCTTAGTGATCTGACGGTGCTG,Eukaryota,Bacillariophyta,Bacillariophyceae,,,,,97.6,22,0,8
23S,ESV_069920,GCTTCACTGCACCCTGGGATTGAATCTGGTCTTTAGTTGCGCAGCATAGGTGGGAGGCTATGAAGAAAACCTTGCGGGGTTTTATGAGCCAATCTTGAGATACCACTCTTCTAAAGCTCGGATTCTCACTCTCTTCCGTAATCCGGGGAGAGGACACTCCCAGGCGGGCAGTTTGACTGGGGCGGTCGCCTCCTAAAAGGTAACGGAGGCGCACAAAGGTTTCCTCAGATCGTATAGAAATCGATCGTAGAGTGCAAAGGCAAAAGGAAGCTTGACTGCAAGACCTACAAGTCGAGCAGAGACGAAAGTCGGTCTTAGTGATCCGACGATGCTG,Eukaryota,unk_phylum,Eustigmatophyceae,Goniochloridales,unk_family,Trachydiscus,Trachydiscus minutus,97,1,0,8
23S,ESV_177838,GCTTTACTGTAACTTGAAATCGAAATTGGACTTTATTTGCGCAGTATAGGTGGGAGGCCTTGAAAATATTCTTGCGGGAATATTGGAGCCATCAGTGAGATACCACTCTTGTAATGTTAGATTTCTAACTTTGGATCATTATCTGGTCAAAGAACAGTTTCAGGCGGGCAGTTTGACTGGGGCGGTCGCCTCCCAAAGGGTAACGGAGGCGCACAAAGGTTTCCTCTGAACGTGTAGAAATCGTATCTAGAGTGTAAAGGCATAAGGAAGCTTGACTGTGAGACCTACAAGTCGAGCAGGGACGAAAGTCGGTCTTAGTGATCTGACGGTGCTG,Eukaryota,Bacillariophyta,Bacillariophyceae,Naviculales,,,,98.2,17,0,8
23S,ESV_177841,GCTTTACTGTAACTTGAAATTGAAATTGGACTTTATTTGCGCAGTATAGGTGGGAGGCGTTGAAAGATTCTTGCGGGAATTCTGGAGCCATCAGTGAGATACCACTCCTATAATGTTAGGTTTCTAACTTTTACCATTATCTGGTGAAAGGACAGTTTCAGGCGGGCAGTTTGACTGGGGCGGTCGCCTCCTAAACGGTAACGGAGGCGCACAAAGGTTTCCTCTGAGCGGGTAGAAATCGTATCTAGAGTGTAAAGGCAAAAGGAAGCTTGACTGTGAGACCTACAAGTCGAGCAGGGACGAAAGTCGGTCTTAGTGATCTGACGGTGCTG,Eukaryota,Bacillariophyta,,,,,,99.4,3,0,8
23S,ESV_061582,GCTTTACTGTATCCTGAGATTGAATTTCGATTTTATTTGCGCAGTATAGGTGGGAGACTTTGAAGCGATTCTTGCGGGAAACGTGGAGTCATCAGTGAGATACCACTCTTGTACAATTGACATTCTAACTTCATACCGTAAGCCGGTTGAAAGACAGTTTCAGGTGGGCAGTTTGACTGGGGCGGTCGCCTCCCAAAAGGTAACGGAGGCGTACAAAGGTTCCCTCAGATCGGTCAGAAATCGATCTTAGAGTGCAAAGGCAAAAGGGAGCTTAACTGTGAGACAAACAAGTCGAGCAGATACGAAAGTAGGTCTTAGTGATCTGACGCTGCTG,Eukaryota,unk_phylum,Synurophyceae,Synurales,,,,93.7,11,0,8
23S,ESV_031774,GCTTTACTGTAACTTGAAATTGAAATTGGACTTTACTTGCGCAGTATAGGTGGGAGGCGTTGAGTTTATTCTTGCGGGAATTTAGGAGCCATCAGTGAGATACCACTCTGGTAATGTTAGATTTCTAACTTTGTATCATAATCTGGTCAAAGGACAGTTTCAGGCGGGCAGTTTGACTGGGGCGGTCGCCTCCTAAACGGTAACGGAGGCGCACAAAGGTTTCCTCTGAACGGGTAGAAATCGTATCTAGAGTGTAAAGGCATAAGGAAGCTTGACTGTGAGACCTACAAGTCGAGCAGGGACGAAAGTCGGTCTTAGTGATCTGACGGTGCTG,Eukaryota,Bacillariophyta,Bacillariophyceae,Bacillariales,Bacillariaceae,,,98.5,22,0,8
