TestId,ESVId,sequence,Kingdom,Phylum,Class,Order,Family,Genus,Species,% match,# species,UHLENJ81.1,AOKWHXBI.1,8DYDSNJ7.1,
23S,ESV_013453,GCTTTACTGTAACTTGAAATTGGAATTGGACTTTGCTTGCGCAGTATAGGTGGGAAGCGTTGAAGATATTCTTGCGGGAGTATTGGAGCTATCAGTGAGATACCACTCTTGTAATGTTAGATTTCTAACTTTGAACCATAATCTGGTCAAAGAACAGTTTCAGGTGGGCAGTTTGACTGGGGCGGTCGCCTCCCAAATGGTAACGGAGGCGTACAAAGGTTTCCTCTGAACGGATAGAAATCGTATCTAGAGTGTAAAGGCATAAGGAAGCTTGACTGTGAGACCTACAAGTCGAGCAGGGACGAAAGTCGGTCTTAGTGATCTGACGGTACTG,Eukaryota,Bacillariophyta,Coscinodiscophyceae,Melosirales,Melosiraceae,Melosira,Melosira tropica,100,1,0,0,2461
23S,ESV_001454,GCTTTACTGTAACTTGAAATTGAAATTGGACTTTATTTGCGCAGTATAGGTGGGAGGCGTTGAAAGATTCTTGCGGGAATTCTGGAGCCATCAGTGAGATACCACTCCTATAATGTTAGATTTCTAACTTTTACCATTATCTGGTGAAAGGACAGTTTCAGGCGGGCAGTTTGACTGGGGCGGTCGCCTCCTAAACGGTAACGGAGGCGCACAAAGGTTTCCTCTGAACGGGTAGAAATCGTATCTAGAGTGTAAAGGCAAAAGGAAGCTTGACTGTGAGACCTACAAGTCGAGCAGGGACGAAAGTCGGTCTTAGTGATCTGACGGTGCTG,Eukaryota,Bacillariophyta,,,,,,100,2,1377,57,406
23S,ESV_000096,GCTTTACTGTAACTTGAAATTGAAATTGGACTTTACTTGCGCAGTATAGGTGGGAGGCGTTGAGTTTATTCTTGCGGGAATTTAGGAGCCATCAGTGAGATACCACTCTGGTAATGTTAGATTTCTAACTTTGTATCATAATCTGGTCAAAGGACAGTTTCAGGCGGGCAGTTTGACTGGGGCGGTCGCCTCCTAAATGGTAACGGAGGCGTACAAAGGTTTCCTCTGAACGTGTAGAAATCGTATCTAGAGTATAAAGGCATAAGGAAGCTTGACTGTGAGACTTACAAGTCGAGCAGGGACGAAAGTCGGTCTTAGTGATCTGACGGTGCTG,Eukaryota,Bacillariophyta,Bacillariophyceae,,,,,100,2,558,0,182
23S,ESV_001015,GCTTTACTGTAACTTGAAATTGGAATTGGACTTTGCTTGCGCAGTATAGGTGGGAAGCGTTGAAGATACTCTTGCGGGAGTATTGGAGCTATCAGTGAGATACCACTCTTGTAATGTTAGATTTCTAACTTTGAACCATAATCTGGTCAAAGAACAGTTTCAGGCGGGCAGTTTGACTGGGGCGGTCGCCTCCTAAATGGTAACGGAGGCGTACAAAGGTTTCCTCTGAACGGATAGAAATCGTATCTAGAGTGTAAAGGCATAAGGAAGCTTGACTGTGAGACCTACAAGTCGAGCAGGGACGAAAGTCGGTCTTAGTGATCTGACGGTACTG,Eukaryota,Bacillariophyta,Coscinodiscophyceae,Melosirales,Melosiraceae,Melosira,Melosira varians,100,1,596,69,56
23S,ESV_031119,GCTTTACTGTAACTTGAAATTGAAATTGGACTTTATCTGCGCAGTATAGGTGGGAGACGTTGAAAGTATTCTTGCGGGAATAACAGAGTCATCAGTGAGATACCACTCCTATAATGTTAGATTTCTAACTTTGTATCATTATCTGGTCAAAGAACAGTTTCAGGCGGGCAGTTTGACTGGGGCGGTCGCCTCCTAAATGGTAACGGAGGCGCACAAAGGTTTCCTCTGAACGGGTAGAAATCGTATCTAGAGTGTAAAGGCATAAGGAAGCTTGACTGTGAGACCTACAAGTCGAGCAGGGACGAAAGTCGGTCTTAGTGATCTGACGGTGCTG,Eukaryota,Bacillariophyta,Bacillariophyceae,,,,,97,16,115,226,157
23S,ESV_189535,GCTTTACTGTAACTTGAGATTGAAATTGGACTTTATATGCGCAGTATAGGTGGGAGGCTATGAAAATCTTTTTGCGGAAAGCTTTGAGCCATCAGTGAGATACCACTCTTATAATGTTAGATTTCTAACTTTGCATCATTATCTGGTCAAAGAACAGTTTCAGGCGGGCAGTTTGACTGGGGCGGTCGCCTCCCAAACGGTAACGGAGGCGCACAAAGGTTTCCTCTGAACGGGTAGAAATCGTATCTAGAGTGTAAAGGCATAAGGAAGCTTGACTGTGAGACCTACAAGTCGAGCAGGGACGAAAGTCGGTCTTAGTGATCTGACGGTGCTG,Eukaryota,Bacillariophyta,Bacillariophyceae,Naviculales,,,,96.1,15,471,0,0
23S,ESV_031281,GCTTTACTGTAACTTGAAATTGAAATTGGACTTTATCTGCGCAGTATAGGTGGGAGGCGTTGAAAGTATTCTTGCGGGAATAACGGAGCCATCAGTGAGATACCACTCCTATAATGTTAGATTTCTAACTTTGTATCATTATCTGGTCAAAGAACAGTTTCAGGCGGGCAGTTTGACTGGGGCGGTCGCCTCCTAAATGGTAACGGAGGCGCACAAAGGTTTCCTCTGAACGGGTAGAAATCGTATCTAGAGTGTAAAGGCATAAGGAAGCTTGACTGTGAGACCTACAAGTCGAGCAGGGACGAAAGTCGGTCTTAGTGATCTGACGGTGCTG,Eukaryota,Bacillariophyta,Bacillariophyceae,,,,,97.9,13,22,339,11
23S,ESV_000318,GCTTTACTGTAACTTGAGATTGAAATTGGACTTTATATGCGCAGTATAGGTGGGAGGCTATGAAAATCTTTTTGCGGAAAGGTTTGAGCCATCAGTGAGATACCACTCTTATAATGTTAGATTTCTAACTTTGCATCATTATCTGGTCAAAGAACAGTTTCAGGCGGGCAGTTTGACTGGGGCGGTCGCCTCCCAAACGGTAACGGAGGCGCACAAAGGTTTCCTCTGAACGGGTAGAAATCGTATCTAGAGTGTAAAGGCATAAGGAAGCTTGACTGTGAGACCTACAAGTCGAGCAGGGACGAAAGTCGGTCTTAGTGATCTGACGGTGCTG,Eukaryota,Bacillariophyta,Bacillariophyceae,Naviculales,,,,96.1,16,238,34,0
23S,ESV_004771,GCTTTACTGTAACTTGAAATTGGAATTGGACTTTGCTTGCGCAGTATAGGTGGGAAGCGTTGAAGATACTCTTGCGGGAGTATTGGAGCTATCAGTGAGATACCACTCTTGTAATGTTAGATTTCTAACTTTGAACCATAATCTGGTCAAAGAACAGTTTCAGGCGGGCAGTTTGACTGGGGCGGTCGCCTCCTAAATGGTAACGGAGGCGTACAAAGGTTTCCTCTGAACGGATAGAAATCGTATCTAGAGTGTAAAGGCATAAGGAAGCTTGACTGTGAGACCTACAAGTCGAGCAGGGACGAAAGTCGGTCTTAGTGATCTGACGGTGCTG,Eukaryota,Bacillariophyta,Coscinodiscophyceae,Melosirales,Melosiraceae,Melosira,,99.7,2,219,39,11
23S,ESV_017927,GCTTTACTGTAACTTGAAATTGGAATTGGACTTTGCTTGCGCAGTATAGGTGGGAAGCGTTGAAGATATTCTTGCGGGAGTATTGGAGCTATCAGTGAGATACCACTCTTGTAATGTTAGATTTCTAACTTTGAACCATAATCTGGTCAAAGAACAGTTTCAGGTGGGCAGTTTGACTGGGGCGGTCGCCTCCCAAATGGTAACGGAGGCGTACAAAGGTTTCCTCTGAACGGATAGAAATCGTATCTAGAGTGTAAAGGCATAAGGAAGCTTGACTGTGAGACCTACAAGTCGAGCAGGGACGAAAGTCGGTCTTAGTGATCTGACGGTGCTG,Eukaryota,Bacillariophyta,Coscinodiscophyceae,Melosirales,Melosiraceae,Melosira,,99.7,2,0,0,266
23S,ESV_032308,GCTTTACTGTAACTTGAAATTGAAATTGGACTTTATTTGCGCAGTATAGGTGGGAGGCGTTGAAAGATTCTTGCGGGAATTCTGGAGCCATCAGTGAGATACCACTCCTATAATGTTAGATTTCTAACTTTTACCATTATCTGGTGAAAGGACAGTTTCAGGCGGGCAGTTTGACTGGGGCGGTCGCCTCCTAAACGGTAACGGAGGCGCACAAAGGTTTCCTCTGAACGGGTAGAAATCGTATCTAGAGTGTAAAGGCATAAGGAAGCTTGACTGTGAGACCTACAAGTCGAGCAGGGACGAAAGTCGGTCTTAGTGATCTGACGGTGCTG,Eukaryota,Bacillariophyta,,,,,,99.7,3,214,16,32
23S,ESV_062505,GCTTGAAGGTAGCTTGGAATTGGGTTCGGGCTCTTTTTGCGCAGTCTAGGTGGGAGGCGTTGATGGTAGGGTTTCGGCCCTATCGGAGCCATCAGTGAGAGACCACTCTGAAAGAGCTAGAATCCTAATAGTAATCCTTGAAGCAGGATACTTGACAGTTTCAGGCGGACCTTTTTACTGGGGCGGTAGCCTCCTAAAAGGTAACGGAGGTGTGCAAAGGTTCCCTCAGGCTGGACGGAAATCAGCTGTAGAGTGTAAAGGTAGAAGGGAGCTTGACTGCAAGACCTACAAGTCGAGCAGGCGCGAAAGCGGGCCTTAGTGATCCGACGGTACCG,Eukaryota,Chlorophyta,,,,,,96.7,5,0,206,0
23S,ESV_000076,GCTTTACTGTAACTTGAAATTGAAATTGGACTTTAGTTGCGCAGTATAGGTGGGAGGCGTTGATTTTATTCTTGCGGGAATTTAGGAGCCATCAGTGAGATACCACTCTGCTAATGTTAGATTTCTAACTTTGTATCATAATCTGGTCAAAGAACAGTTTCAGGCGGGCAGTTTGACTGGGGCGGTCGCCTCCTAAATGGTAACGGAGGCGTACAAAGGTTTCCTCTGAACGTGTAGAAATCGTATCTAGAGTATAAAGGCATAAGGAAGCTTGACTGTGAGACTTACAAGTCGAGCAGGGACGAAAGTCGGTCTTAGTGATCTGACGGTGCTG,Eukaryota,Bacillariophyta,Bacillariophyceae,Bacillariales,Bacillariaceae,,,98.8,17,42,106,0
23S,ESV_036275,GCTTTACTGTAACTTGAAATTGAAATTGGACTTTATTTGCGCAGTATAGGTGGGAGGCGTTGAAAGATTCTTGCGGGAATTCTGGAGCCATCAGTGAGATACCACTCCTATAATGTTAGATTTCTAACTTTTACCATTATCTGGTGAAAGGACAGTTTCAGGCGGGCAGTTTGACTGGGGCGGTCGCCTCCTAAACGGTAACGGAGGCGCACAAAGGTTTCCTCTGAACGGGTAGAAATCGTATCTAGAGTGTAAAGGCAAAAGGAAGCTTGACTGTGAGACCTACAAGTCGAGCAGGGACGAAAGTCGGTCTTAGTGATCTGACGGTACTG,Eukaryota,Bacillariophyta,,,,,,99.7,3,58,0,81
23S,ESV_036400,GCTTTACTGTAACTTGAAATTGAAATTGGACTTTATTTGCGCAGTATAGGTGGGAGGCGTTGAAAGATTCTTGCGGGAATTCTGGAGCCATCAGTGAGATACCACTCCTATAATGTTAGATTTCTAACTTTTACCATTATCTGGTGAAAGGACAGTTTCAGGCGGGCAGTTTGACTGGGGCGGTCGCCTCCTAAACGGTAACGGAGGCGCACAAAGGTTTCCTCTGAACGGGTAGAAATCGTATCTAGAGTGTAAAGGCATAAGGAAGCTTGACTGTGAGACCTACAAGTCGAGCAGGGACGAAAGTCGGTCTTAGTGATCTGACGGTACTG,Eukaryota,Bacillariophyta,,,,,,99.4,3,59,0,73
23S,ESV_003289,GCTTTACTGTATCTTGGAATTGGGTTTGGTCTTTGCTTGCGCAGGATAGGTGGGAGGCTTTGAAGATGGTCTTGCGGGATTGTTGGAGCCACTGGTGAGATACCACTCTAGTAATGATAAAATCCTAACTCTGAACCGTTATCCGGTCAGAGAACAGTTTCAGGTGGGCAGTTTGACTGGGGCGGTCGCCTCCTAAAAGGTAACGGAGGCGTGCAAAGGTTCCCTCAGGCTGGTTGGACATCAGTCGTAGAGTGTAAAGGCATAAGGGAGCTTGACTGCAAGACCAACAAGTCGAGCAGAGACGAAAGTCGGCCTTAGTGATCCGACGGTTCCG,Eukaryota,unk_phylum,Cryptophyceae,Pyrenomonadales,Geminigeraceae,,,98.5,2,57,0,68
23S,ESV_031277,GCTTTACTGTAACTTGAAATTGGAATTGGACTTTACTTGCGCAGGATAGGTGGGAAGCGTTGAAAATATTCTTGCGGGAATATTGGAGCTATCAGTGAGATACCACTCTTGTAATGTTAGATTTCTAACTTTTAACCATTATCTGGTGAAAGAACAGTTTCAGGTGGGCAGTTTGACTGGGGCGGTCGCCTCCTAAACGGTAACGGAGGCGTACAAAGGTTTCCTCTGAACGGGTAGAAATCGTATCTAGAGTGTAAAGGCATAAGGAAGCTTGACTGTGAGACCTACAAGTCGAGCAGGGACGAAAGTCGGTCTTAGTGATCTGACGGTACTG,Eukaryota,Bacillariophyta,,,,,,97,10,95,0,16
23S,ESV_031370,GCTTTACTGTAACTTGAAATTGAAATTGGACTTTATTTGCGCAGTATAGGTGGGAGGCGTTGAAAGATTCTTGCGGGAATTCCGGAGCCATCAGTGAGATACCACTCCTATAATGTTAGATTTCTAACTTTTACCATTATCTGGTAAAAGGACAGTTTCAGGCGGGCAGTTTGACTGGGGCGGTCGCCTCCTAAACGGTAACGGAGGCGCACAAAGGTTTCCTCTGAACGGGTAGAAATCGTATCTAGAGTGTAAAGGCAAAAGGAAGCTTGACTGTGAGACCTACAAGTCGAGCAGGGACGAAAGTCGGTCTTAGTGATCTGACGGTGCTG,Eukaryota,Bacillariophyta,,,,,,99.7,3,0,104,0
23S,ESV_000923,GCTTTACTGTAACTTGAAATTGAAATTGGACTTTATTTGCGCAGTATAGGTGGGAGGCGTTGAAAGATTCTTGCGGGAATTCCGGAGCCATCAGTGAGATACCACTCCTATAATGTTAGATTTCTAACTTTTACCATTATCTGGTGAAAGGACAGTTTCAGGCGGGCAGTTTGACTGGGGCGGTCGCCTCCTAAACGGTAACGGAGGCGCACAAAGGTTTCCTCTGAACGGGTAGAAATCGTATCTAGAGTGTAAAGGCAAAAGGAAGCTTGACTGTGAGACCTACAAGTCGAGCAGGGACGAAAGTCGGTCTTAGTGATCTGACGGTGCTG,Eukaryota,Bacillariophyta,Bacillariophyceae,,,,,100,2,58,0,45
23S,ESV_031587,GCTTTACTGTAACTTGAAATTGGAATTGGACTTTGCTTGCGCAGTATAGGTGGGAAGCGTTGAAGATACTCTTGCGGGAGTATTGGAGCTATCAGTGAGATACCACTCTTGTAATGTTAGATTTCTAACTTTGAACCATAATCTGGTCAAAGAACAGTTTCAGGCGGGCAGTTTGACTGGGGCGGTCGCCTCCTAAATGGTAACGGAGGCGTACAAAGGTTTCCTCTGAACGTGTAGAAATCGTATCTAGAGTATAAAGGCATAAGGAAGCTTGACTGTGAGACTTACAAGTCGAGCAGGGACGAAAGTCGGTCTTAGTGATCTGACGGTGCTG,Eukaryota,Bacillariophyta,Coscinodiscophyceae,Melosirales,Melosiraceae,Melosira,,98.5,2,102,0,0
23S,ESV_060082,GCTTTACTGTAACTTGAAATTGAAATTGGACTTTATTTGCGCAGTATAGGTGGGAGGCGTTGAAAGATTCTTGCGGGAATTCTGGAGCCATCAGTGAGATACCACTCCTATAATGTTAGATTTCTAACTTTTACCATTATCTGGTGAAAGGACAGTTTCAGGCGGGCAGTTTGACTGGGGCGGTCGCCTCCTAAATGGTAACGGAGGCGTACAAAGGTTTCCTCTGAACGTGTAGAAATCGTATCTAGAGTATAAAGGCATAAGGAAGCTTGACTGTGAGACTTACAAGTCGAGCAGGGACGAAAGTCGGTCTTAGTGATCTGACGGTGCTG,Eukaryota,Bacillariophyta,,,,,,98.2,3,79,0,16
23S,ESV_031375,GCTTTACTGTAACTTGAAATTGGAATTGGACTTTGCTTGCGCAGTATAGGTGGGAAGCGTTGAAGATACTCTTGCGGGAGTATTGGAGCTATCAGTGAGATACCACTCTTGTAATGTTAGATTTCTAACTTTGAACCATAATCTGGTCAAAGAACAGTTTCAGGCGGGCAGTTTGACTGGGGCGGTCGCCTCCCAAACGGTAACGGAGGCGCACAAAGGTTTCCTCTGAACGGGTAGAAATCGTATCTAGAGTGTAAAGGCATAAGGAAGCTTGACTGTGAGACCTACAAGTCGAGCAGGGACGAAAGTCGGTCTTAGTGATCTGACGGTGCTG,Eukaryota,Bacillariophyta,Coscinodiscophyceae,Melosirales,Melosiraceae,Melosira,,98.5,2,93,0,0
23S,ESV_193031,GCTTTACTGTAACTTGAAATTGGAATTGGACTTTGCTTGCGCAGTATAGGTGGGAAGCGTTGAAGATATTCTTGCGGGAGTATTGGAGCTATCAGTGAGATACCACTCTTGTAATGTTAGATTTCTAACTTTGAACCATAATCTGGTCAAAGAACAGTTTCAGGTGGGCAGTTTGACTGGGGCGGTCGCCTCCCAAATGGTAACGGAGGCGTACAAAGGTTTCCTCTGAACGGATAGAAATCGTATCTAGAGTGTAAAGGCAAAAGGAAGCTTGACTGTGAGACCTACAAGTCGAGCAGGGACGAAAGTCGGTCTTAGTGATCTGACGGTGCTG,Eukaryota,Bacillariophyta,Coscinodiscophyceae,Melosirales,Melosiraceae,Melosira,,99.4,2,0,0,85
23S,ESV_031117,GCTTTACTGTAACTTGAGATTGAAATTGGACTTTATATGCGCAGTATAGGTGGGAGGCTATGAAAATCTTTTTGCGGAAAGATTTGAGCCATCAGTGAGATACCACTCTTATAATGTTAGATTTCTAACTTTGCATCATTATCTGGTCAAAGAACAGTTTCAGGCGGGCAGTTTGACTGGGGCGGTCGCCTCCCAAACGGTAACGGAGGCGCACAAAGGTTTCCTCTGAACGGGTAGAAATCGTATCTAGAGTGTAAAGGCATAAGGAAGCTTGACTGTGAGACCTACAAGTCGAGCAGGGACGAAAGTCGGTCTTAGTGATCTGACGGTGCTG,Eukaryota,Bacillariophyta,Bacillariophyceae,Naviculales,,,,96.4,15,84,0,0
23S,ESV_033410,GCTTTACTGTAACTTGAGATTGAAATTGGACTTTCTATGCGCAGTATAGGTGGGAGGCTATGAAAATCTTTTTGCGGAAAGGTTTGAGCCATCAGTGAGATACCACTCTTAGAATGTTAGATTTCTAACTTTGCATCATTATCTGGTCAAAGAACAGTTTCAGGCGGGCAGTTTGACTGGGGCGGTCGCCTCCCAAACGGTAACGGAGGCGCACAAAGGTTTCCTCTGAACGGGTAGAAATCGTATCTAGAGTGTAAAGGCATAAGGAAGCTTGACTGTGAGACCTACAAGTCGAGCAGGGACGAAAGTCGGTCTTAGTGATCTGACGGTGCTG,Eukaryota,Bacillariophyta,Bacillariophyceae,Naviculales,,,,95.5,16,68,11,0
23S,ESV_062792,GCTTTACTGTAACTTGAAATTGAAATTGGACTTTACTTGCGCAGTATAGGTGGGAGGCGTTGAGTTTATTCTTGCGGGAATTTAGGAGCCATCAGTGAGATACCACTCTGGTAATGTTAGATTTCTAACTTTGTATCATAATCTGGTCAAAGGACAGTTTCAGGCGGGCAGTTTGACTGGGGCGGTCGCCTCCTAAACGGTAACGGAGGCGCACAAAGGTTTCCTCTGAACGGGTAGAAATCGTATCTAGAGTGTAAAGGCAAAAGGAAGCTTGACTGTGAGACCTACAAGTCGAGCAGGGACGAAAGTCGGTCTTAGTGATCTGACGGTGCTG,Eukaryota,Bacillariophyta,Bacillariophyceae,Bacillariales,Bacillariaceae,,,98.2,22,76,0,0
23S,ESV_069815,GCTTTACTGTAACTTGAAATTGGAATTGGACTTTGCTTGCGCAGTATAGGTGGGAAGCGTTGAAGATACTCTTGCGGGAGTATTGGAGCTATCAGTGAGATACCACTCTTGTAATGTTAGATTTCTAACTTTGAACCATAATCTGGTCAAAGAACAGTTTCAGGCGGGCAGTTTGACTGGGGCGGTCGCCTCCTAAACGGTAACGGAGGCGCACAAAGGTTTCCTCTGAACGGGTAGAAATCGTATCTAGAGTGTAAAGGCAAAAGGAAGCTTGACTGTGAGACCTACAAGTCGAGCAGGGACGAAAGTCGGTCTTAGTGATCTGACGGTGCTG,Eukaryota,Bacillariophyta,Coscinodiscophyceae,Melosirales,Melosiraceae,Melosira,,98.5,2,70,0,0
23S,ESV_032571,GCTTTACTGTAACTTGAAATTGAAGTTGGACTTTACTTGCGCAGTATAGGTGGGAGGCGTTGAGAATATTCTTGCGGGAATATTGGAGCCATCAGTGAGATACCACTCTGGTAATGTTAGATTTCTAACTTTGCATCATTATCTGGTCAAAGAACAGTTTCAGGCGGGCAGTTTGACTGGGGCGGTCGCCTCCTAAAGGGTAACGGAGGCGCACAAAGGTTTCCTCTGAACGGGTAGAAATCGTATCTAGAGTGTAAAGGCATAAGGAAGCTTGACTGTGAGACCTACAAGTCGAGCAGGGACGAAAGTCGGTCTTAGTGATCTGACGGTGCTG,Eukaryota,Bacillariophyta,Bacillariophyceae,,,,,100,1,68,0,0
23S,ESV_193058,GCTTTACTGTAACTTGAGATTGAAATTGGACTTTATATGCGCAGTATAGGTGGGAGGCTATGAAAATCTTTTTGCGGAAAGCTTTGAGCCATCAGTGAGATACCACTCTTATAATGTTAGATTTCTAACTTTGCATCATTATCTGGTCAAAGAACAGTTTCAGGCGGGCAGTTTGACTGGGGCGGTCGCCTCCCAAACGGTAACGGAGGCGCACAAAGGTTTCCTCTGAACGGGTAGAAATCGTATCTAGAGTGTAAAGGCAAAAGGAAGCTTGACTGTGAGACCTACAAGTCGAGCAGGGACGAAAGTCGGTCTTAGTGATCTGACGGTGCTG,Eukaryota,Bacillariophyta,Bacillariophyceae,Naviculales,,,,95.8,15,64,0,0
23S,ESV_031176,GCTTTACTGTAACTTGAAATTGAAATTGGACTTTATTTGCGCAGTATAGGTGGGAGGCGTTGATTTTATTCTTGCGGGAATTTAGGAGCCATAAGTGAGATACCACTCTGGTAATGTTAGATTTCTAACTTTGTATCATTATCTGGTCAAAGAACAGTTTCAGGCGGGCAGTTTGACTGGGGCGGTCGCCTCCCAAATGGTAACGGAGGCGTACAAAGGTTTCCTCTGAACGTGTAGAAATCGTATCTAGAGTGTAAAGGCATAAGGAAGCTTGACTGTGAGACCTACAAGTCGAGCAGGGACGAAAGTCGGTCTTAGTGATCTGACGGTGCTG,Eukaryota,Bacillariophyta,Bacillariophyceae,Bacillariales,Bacillariaceae,,,99.1,18,50,0,14
23S,ESV_031303,GCTTTACTGTAACTTGAGATTGAAATTGGACTTTATTTGCGCAGTATAGGTGGGAGACGTTGAGAATAGTCTTGCGGGACTATTGGAGTCATCAGTGAGATACCACTCTTGTAATGTTAGATTTCTAACTTTGTATCATTATCTGGTCAAAGGACAGTTTCAGGCGGGCAGTTTGACTGGGGCGGTCGCCTCCTAAAGGGTAACGGAGGCGCACAAAGGTTTCCTCTGAACGTGTAGAAATCGTATCTAGAGTGTAAAGGCATAAGGAAGCTTGACTGTGAGACCTACAAGTCGAGCAGGGACGAAAGTCGGTCTTAGTGATCTGACGGTGCTG,Eukaryota,Bacillariophyta,Bacillariophyceae,Naviculales,,,,98.8,9,63,0,0
23S,ESV_031068,GCTTTACTATAGCCTGGAATTGGGTTCGGGCTTCGCTTGCGCAGAATAGGTGGGAGACGTTGATTATAGCCTTGTGGGGTTATAGGAGTCATCGGTGAGATACCACTCTAGCGAGGCTAGAATTCTAACTTTGTCCCATTAGCTGGGAGAAGAACAGTTTCAGGTGGGTAGTTTGACTGGGGCGGTCGCCTCCAAAAAGGTAACGGAGGCGCACAAAGGTTCCCTCAGGCTGGATGGAAATCAGCCAGAGAGTGTAAAGGCACAAGGGAGCTTGACTGCGAGAGAGACAACTCAAGCAGGTACGAAAGTAGGTCTTAGTGATCCGACGGTGCTG,Bacteria,Cyanobacteria,unk_class,Pleurocapsales,Hyellaceae,Pleurocapsa,Pleurocapsa sp. 04302-00001,95.2,1,0,63,0
23S,ESV_060557,GCTTTACTGTTCCCTGGGATTGGGTTTGGGCCCTTCTTGCGCAGTCTAGGTGGGAGGCAAAGACGGTGTCCTTCTGGGGACACTCGAGCCGAAGATGAGAGACCACCCTAGAAGGGCTAGGATTCTAACCTTATGCCTAGAAGAAGGCTAGGGGACAGTCCCAGGTAGACAGTTTCTATGGGGCGTAGGCCTCCCAAAGGGTAACGGAGGCGTGCAAAGGTTTCCTCAGGCTGGACGGAAATCAGCCTTCGAGTGCAAAGGCAGAAGGGAGCTTGACTGCGAGACCCACACGTCGAGCAGGGACGAAAGTCGGCCTTAGTGATCCGACGGTTCCG,Eukaryota,Streptophyta,Zygnemophyceae,Desmidiales,Closteriaceae,Closterium,,99.4,3,0,63,0
23S,ESV_031484,GCTTTACTGTAACTTGAAATTGAAATTGGACTTTACTTGCGCAGTATAGGTGGGAGGCGTTGAAAATATTCTTGCGGGAAGATTGGAGCCATCAGTGAGATACCACTCTGGTAATGTTAGATTTCTAACTTTGCATCATTATCTGGTCAAAGGACAGTTTCAGGCGGGCAGTTTGACTGGGGCGGTCGCCTCCTAAACGGTAACGGAGGCGTACAAAGGTTTCCTCTGAACGGGTAGAAATCGTATCTAGAGTGTAAAGGCATAAGGAAGCTTGACTGTGAGACCTACAAGTCGAGCAGGGACGAAAGTCGGTCTTAGTGATCTGACGGTGCTG,Eukaryota,Bacillariophyta,Bacillariophyceae,Naviculales,Sellaphoraceae,Sellaphora,,98.2,8,14,48,0
23S,ESV_100150,GCTTTACTGTAACTTGAAATTGAAATTGGACTTTATTTGCGCAGTATAGGTGGGAGGCGTTGAAAGATTCTTGCGGGAATTCTGGAGCCATCAGTGAGATACCACTCCTATAATGTTAGATTTCTAACTTTTACCATTATCTGGTGAAAGGACAGTTTCAGGCGGGCAGTTTGACTGGGGCGGTCGCCTCCCAAACGGTAACGGAGGCGCACAAAGGTTTCCTCTGAACGGGTAGAAATCGTATCTAGAGTGTAAAGGCATAAGGAAGCTTGACTGTGAGACCTACAAGTCGAGCAGGGACGAAAGTCGGTCTTAGTGATCTGACGGTGCTG,Eukaryota,Bacillariophyta,,,,,,99.4,3,59,0,0
23S,ESV_193032,GCTTTACTGTAACTTGAAATTGGAATTGGACTTTGCTTGCGCAGTATAGGTGGGAAGCGTTGAAGATATTCTTGCGGGAGTATTGGAGCTATCAGTGAGATACCACTCTTGTAATGTTAGATTTCTAACTTTGAACCATAATCTGGTCAAAGAACAGTTTCAGGTGGGCAGTTTGACTGGGGCGGTCGCCTCCCAAATGGTAACGGAGGCGTACAAAGGTTTCCTCTGAACGGGTAGAAATCGTATCTAGAGTGTAAAGGCAAAAGGAAGCTTGACTGTGAGACCTACAAGTCGAGCAGGGACGAAAGTCGGTCTTAGTGATCTGACGGTGCTG,Eukaryota,Bacillariophyta,Coscinodiscophyceae,Melosirales,Melosiraceae,Melosira,,99.1,2,0,0,58
23S,ESV_031295,GCTTTACTGTAACTTGAAATTGGAATTGGACTTTGCTTGCGCAGTATAGGTGGGAAGCGTTGAAGATACTCTTGCGGGAGTATTGGAGCTATCAGTGAGATACCACTCTTGTAATGTTAGATTTCTAACTTTGAACCATAATCTGGTCAAAGAACAGTTTCAGGCGGGCAGTTTGACTGGGGCGGTCGCCTCCTAAATGGTAACGGAGGCGCACAAAGGTTTCCTCTGAACGGGTAGAAATCGTATCTAGAGTGTAAAGGCATAAGGAAGCTTGACTGTGAGACCTACAAGTCGAGCAGGGACGAAAGTCGGTCTTAGTGATCTGACGGTGCTG,Eukaryota,Bacillariophyta,Coscinodiscophyceae,Melosirales,Melosiraceae,Melosira,,99.1,2,43,14,0
23S,ESV_193033,GCTTTACTGTAACTTGAAATTGGAATTGGACTTTGCTTGCGCAGTATAGGTGGGAAGCGTTGAAGATATTCTTGCGGGAGTATTGGAGCTATCAGTGAGATACCACTCTTGTAATGTTAGATTTCTAACTTTGAACCATAATCTGGTCAAAGAACAGTTTCAGGTGGGCAGTTTGACTGGGGCGGTCGCCTCCTAAACGGTAACGGAGGCGCACAAAGGTTTCCTCTGAACGGGTAGAAATCGTATCTAGAGTGTAAAGGCAAAAGGAAGCTTGACTGTGAGACCTACAAGTCGAGCAGGGACGAAAGTCGGTCTTAGTGATCTGACGGTGCTG,Eukaryota,Bacillariophyta,Coscinodiscophyceae,Melosirales,Melosiraceae,Melosira,,98.2,2,0,0,54
23S,ESV_069853,GCTTTACTGTAACTTGAAATTGAAATTGGACTTTATTTGCGCAGTATAGGTGGGAGGCGTTGAAAGATTCTTGCGGGAATTCTGGAGCCATCAGTGAGATACCACTCCTATAATGTTAGATTTCTAACTTTTACCATTATCTGGTGAAAGGACAGTTTCAGGCGGGCAGTTTGACTGGGGCGGTCGCCTCCTAAATGGTAACGGAGGCGTACAAAGGTTTCCTCTGAACGGATAGAAATCGTATCTAGAGTGTAAAGGCATAAGGAAGCTTGACTGTGAGACCTACAAGTCGAGCAGGGACGAAAGTCGGTCTTAGTGATCTGACGGTACTG,Eukaryota,Bacillariophyta,,,,,,98.5,3,52,0,0
23S,ESV_031035,GCTTTACTGTATCCTGGAATTGGCTTCGGGCTTTATTTGCGCAGAATAGGTGGGAGACGTTGAAGCAGTCCTTGTGGGGATTGTGGAGTCATCAGTGAGATACCACTCTAATAAAGCTAGAATTCTAACGTTTGCCCATTATCTGGGAAGCGGACATTTTCAGGTGGGCAGTTTGACTGGGGCGGTCGCCTCCTAAAAGGTAACGGAGGCGCGCAAAGGTTCTCTTAGATTGGTTGGAAATCAATCGTTAAGTGTAAAGGCAAAAGAGAGCTTGACTGCGAGAGGGACAACTCAAGCAGGGACGAAAGTCGGCCTTAGTGATCCGACGGTGCCG,Bacteria,Cyanobacteria,unk_class,Synechococcales,Chamaesiphonaceae,Chamaesiphon,,89.2,2,22,19,9
23S,ESV_031325,GCTTTACTGTAACTTGAAATTGGAATTGGACTTTGCTTGCGCAGTATAGGTGGGAAGCGTTGAAGATACTCTTGCGGGAGTATTGGAGCTATCAGTGAGATACCACTCTTGTAATGTTAGATTTCTAACTTTGAACCATAATCTGGTCAAAGAACAGTTTCAGGCGGGCAGTTTGACTGGGGCGGTCGCCTCCTAAATGGTAACGGAGGCGTACAAAGGTTTCCTCTGAACGGGTAGAAATCGTATCTAGAGTGTAAAGGCATAAGGAAGCTTGACTGTGAGACCTACAAGTCGAGCAGGGACGAAAGTCGGTCTTAGTGATCTGACGGTGCTG,Eukaryota,Bacillariophyta,Coscinodiscophyceae,Melosirales,Melosiraceae,Melosira,,99.4,2,40,9,0
23S,ESV_069844,GCTTTACTGTAACTTGAAATTGGAATTGGACTTTGCTTGCGCAGTATAGGTGGGAAGCGTTGAAGATACTCTTGCGGGAGTATTGGAGCTATCAGTGAGATACCACTCTTGTAATGTTAGATTTCTAACTTTGAACCATAATCTGGTCAAAGAACAGTTTCAGGCGGGCAGTTTGACTGGGGCGGTCGCCTCCTAAATGGTAACGGAGGCGTACAAAGGTTTCCTCTGAACGGATAGAAATCGTATCTAGAGTGTAAAGGCAAAAGGAAGCTTGACTGTGAGACCTACAAGTCGAGCAGGGACGAAAGTCGGTCTTAGTGATCTGACGGTGCTG,Eukaryota,Bacillariophyta,Coscinodiscophyceae,Melosirales,Melosiraceae,Melosira,,99.4,2,49,0,0
23S,ESV_000019,GCTTCACTGCATCTTGGGATTGAATCTGGTCTTTACTTGCGCAGAATAGGTGGGAGGCATTGAAGAAGGTCTTGTGGGATCTTTGGAGCCAATCGTGAGATACCACTCTTTTAAAGCTCGGATTCTCACTCTCTACCGTAATCCGGGGAGAGGACACTCCCAGGTGGGCAGTTTGACTGGGGCGGTCGCCTCCTAAAAGGTAACGGAGGCGCACAAAGGTTTCCTCAGATCGGATAGAAATCGATCGAAGAGTGTAAAGGCAAAAGGAAGCTTGACTGCGAGACGTACAAGTCAAGCAGAGACGAAAGTCGGTCTTAGTGATCCGACGATCCTG,Eukaryota,unk_phylum,Eustigmatophyceae,Eustigmatales,Monodopsidaceae,,,100,3,10,29,10
23S,ESV_031394,GCTTTACTGTAACTTGAAATTGAAATTGGACTTTATCTGCGCAGTATAGGTGGGAGACGTTGAAAGTATTCTTGCGGGAATAACAGAGTCATCAGTGAGATACCACTCCTATAATGTTAGATTTCTAACTTTGTATCATTATCTGGTCAAAGAACAGTTTCAGGCGGGCAGTTTGACTGGGGCGGTCGCCTCCTAAATGGTAACGGAGGCGCACAAAGGTTTCCTCTGAACGGGTAGAAATCGTATCTAGAGTGTAAAGGCATAAGGAAGCTTGACTGTGAGACCTACAAGTCGAGCAGGGACGAAAGTCGGTCTTAGTGATCTGACGGTACTG,Eukaryota,Bacillariophyta,Bacillariophyceae,,,,,96.7,16,0,0,49
23S,ESV_034915,GCTTTACTGTAACTTGAAATTGAAATTGGACTTTATTTGCGCAGTATAGGTGGGAGGCGTTGATTTTATTCTTGCGGGAATTTAGGAGCCATAAGTGAGATACCACTCTGGTAATGTTAGATTTCTAACTTTGGATCATTATCTGGTCAAAGAACAGTTTCAGGCGGGCAGTTTGACTGGGGCGGTCGCCTCCCAAATGGTAACGGAGGCGTACAAAGGTTTCCTCTGAACGTGTAGAAATCGTATCTAGAGTGTAAAGGCATAAGGAAGCTTGACTGTGAGACCTACAAGTCGAGCAGGGACGAAAGTCGGTCTTAGTGATCTGACGGTGCTG,Eukaryota,Bacillariophyta,Bacillariophyceae,Bacillariales,Bacillariaceae,,,99.1,15,38,0,10
23S,ESV_031347,GCTTTACTGTAACTTGAAATTGAAATTGGACTTTACTTGCGCAGTATAGGTGGGAGGCGTTGAGTTTATTCTTGCGGGAATTTAGGAGCCATCAGTGAGATACCACTCTGGTAATGTTAGATTTCTAACTTTGTATCATAATCTGGTCAAAGGACAGTTTCAGGCGGGCAGTTTGACTGGGGCGGTCGCCTCCTAAATGGTAACGGAGGCGTACAAAGGTTTCCTCTGAACGTGTAGAAATCGTATCTAGAGTATAAAGGCATAAGGAAGCTTGACTGTGAGACCTACAAGTCGAGCAGGGACGAAAGTCGGTCTTAGTGATCTGACGGTGCTG,Eukaryota,Bacillariophyta,Bacillariophyceae,Bacillariales,Bacillariaceae,,,99.7,9,48,0,0
23S,ESV_031582,GCTTTACTATAGCCTGGAATTGGGTTCGGGCTTCGCTTGCGCAGAATAGGTGGGAGACGTTGAGGATAACCTTGTGGGGTTATCGGAGTCATCGGTGAGATACCACTCTAGCGAGGCTAGAATTCTAACTTTGTCCCATTAGCTGGGAGAAGAACAGTTTCAGGTGGGTAGTTTGACTGGGGCGGTCGCCTCCAAAAAGGTAACGGAGGCGCACAAAGGTTCCCTCAGGCTGGATGGAAATCAGCCAGAGAGTGTAAAGGCACAAGGGAGCTTGACTGCGAGAGAGACAACTCAAGCAGGTACGAAAGTAGGTCTTAGTGATCCGACGGTGCTG,Bacteria,Cyanobacteria,unk_class,Pleurocapsales,Hyellaceae,Pleurocapsa,Pleurocapsa sp. 04302-00001,95.8,1,0,46,0
23S,ESV_036337,GCTTTACTGTAACTTGAGATTGAAATTGGACTTTATTTGCGCAGTATAGGTGGGAGGCGTTGAAAGATTCTTGCGGGAATTCTGGAGCCATCAGTGAGATACCACTCCTATAATGTTAGATTTCTAACTTTTACCATTATCTGGTGAAAGGACAGTTTCAGGCGGGCAGTTTGACTGGGGCGGTCGCCTCCTAAACGGTAACGGAGGCGCACAAAGGTTTCCTCTGAACGGGTAGAAATCGTATCTAGAGTGTAAAGGCAAAAGGAAGCTTGACTGTGAGACCTACAAGTCGAGCAGGGACGAAAGTCGGTCTTAGTGATCTGACGGTGCTG,Eukaryota,Bacillariophyta,,,,,,99.7,3,45,0,0
23S,ESV_189576,GCTTTACTGTGTCTTGGAATTGGGTTTGGGCTTTATTTGCGCAGGATAGGTGGGAGGCTATGAGAGCAACCTTGCGGGGTTGTTGGAGCCAATGGTGAGATACCACTCTGATAAAGCTAAAACTCTAACTTTTTACCGTAATCCGGTAGAAGAACAGTTTCAGGTGGACAGTTTGACTGGGGCGGTCGCCTCCTAAAAGGTAACGGAGGCGTGCAAAGGTTCTCTCAGGCTGGTTGGACATCAGTTGTAGAGTGTAAAGGCATAAGAGAGCTTGACTGCGAGACCAACAAGTCGAGCAGAGACGAAAGTCGGCCTTAGTGATCCGACGGTTCCG,Eukaryota,unk_phylum,Cryptophyceae,,,,,92.2,9,0,0,45
23S,ESV_193034,GCTTTACTGTAACTTGAAATTGGAATTGGACTTTGCTTGCGCAGTATAGGTGGGAAGCGTTGAAGATATTCTTGCGGGAGTATTGGAGCTATCAGTGAGATACCACTCTTGTAATGTTAGATTTCTAACTTTGAACCATAATCTGGTCAAAGAACAGTTTCAGGTGGGCAGTTTGACTGGGGCGGTCGCCTCCCAAATGGTAACGGAGGCGTACAAAGGTTTCCTCTGAACGGATAGAAATCGTATCTAGAGTGTAAAGGCATAAGGAAGCTTGACTGTGAGACTTACAAGTCGAGCAGGGACGAAAGTCGGTCTTAGTGATCTGACGGTGCTG,Eukaryota,Bacillariophyta,Coscinodiscophyceae,Melosirales,Melosiraceae,Melosira,,99.4,2,0,0,45
23S,ESV_003701,GCTTTACTGTAACTTGAAATTGAAATTGGACTTTACTTGCGCAGTATAGGTGGGAGGCGTTGAGTTTATTCTTGCGGGAATTTAGGAGCCATCAGTGAGATACCACTCTGGTAATGTTAGATTTCTAACTTTGTATCATAATCTGGTCAAAGGACAGTTTCAGGCGGGCAGTTTGACTGGGGCGGTCGCCTCCTAAATGGTAACGGAGGCGTACAAAGGTTTCCTCTGAACGTGTAGAAATCGTATCTAGAGTGTAAAGGCATAAGGAAGCTTGACTGTGAGACCTACAAGTCGAGCAGGGACGAAAGTCGGTCTTAGTGATCTGACGGTGCTG,Eukaryota,Bacillariophyta,Bacillariophyceae,Bacillariales,Bacillariaceae,,,99.4,19,44,0,0
23S,ESV_193059,GCTTTACTGTAACTTGAAATTGAAATTGGACTTTATATGCGCAGTATAGGTGGGAGGCTATGAAAATCTTTTTGCGGAAAGCTTTGAGCCATCAGTGAGATACCACTCTTATAATGTTAGATTTCTAACTTTGCATCATTATCTGGTCAAAGAACAGTTTCAGGCGGGCAGTTTGACTGGGGCGGTCGCCTCCCAAACGGTAACGGAGGCGCACAAAGGTTTCCTCTGAACGGGTAGAAATCGTATCTAGAGTGTAAAGGCATAAGGAAGCTTGACTGTGAGACCTACAAGTCGAGCAGGGACGAAAGTCGGTCTTAGTGATCTGACGGTGCTG,Eukaryota,Bacillariophyta,Bacillariophyceae,,,,,96.1,19,43,0,0
23S,ESV_001716,GCTTTACTGTAACTTGAAATTGAAATTGGACTTTATTTGCGCAGTATAGGTGGGAGGTGTTGAGAAGAATCTTGCGGGATTCTTGGAGCCATCAGTGAGATACCACTCTTGTAATGTTAGATTTCTAACTTTGTATCATTATCTGGTCAAAGAACAGTTTCAGGCGGGCAGTTTGACTGGGGCGGTCGCCTCCTAAACGGTAACGGAGGCGCACAAAGGTTTCCTCTGAACGAGTAGAAATCGTATCTAGAGTGTAAAGGCATAAGGAAGCTTGACTGTGAGACCTACAAGTCGAGCAGGGACGAAAGTCGGTCTTAGTGATCTGACGGTGCTG,Eukaryota,Bacillariophyta,,,,,,97.6,21,0,43,0
23S,ESV_032120,GCTTTACTGTAACTTGAGATTGAAATTGGACTTTATATGCGCAGTATAGGTGGGAGGCTATGAAAATCTTTTTGCGGAAAGGTTTGAGCCATCAGTGAGATACCACTCTTATAATGTTAGATTTCTAACTTTGCATCATTATCTGGTCAAAGAACAGTTTCAGGCGGGCAGTTTGACTGGGGCGGTCGCCTCCCAAACGGTAACGGAGGCGCACAAAGGTTTCCTCTGAACGGGTAGAAATCGTATCTAGAGTGTAAAGGCAAAAGGAAGCTTGACTGTGAGACCTACAAGTCGAGCAGGGACGAAAGTCGGTCTTAGTGATCTGACGGTGCTG,Eukaryota,Bacillariophyta,Bacillariophyceae,Naviculales,,,,95.8,16,42,0,0
23S,ESV_070671,GCTTTACTGTAACTTGAAATTGAAATTGGACTTTATCTGCGCAGTATAGGTGGGAGACGTTGAAAGTATTCTTGCGGGAATAACAGAGTCATCAGTGAGATACCACTCCTATAATGTTAGATTTCTAACTTTGTATCATTATCTGGTCAAAGAACAGTTTCAGGCGGGCAGTTTGACTGGGGCGGTCGCCTCCTAAATGGTAACGGAGGCGCACAAAGGTTTCCTCTGAACGGGTAGAAATCGTATCTAGAGTGTAAAGGCAAAAGGAAGCTTGACTGTGAGACCTACAAGTCGAGCAGGGACGAAAGTCGGTCTTAGTGATCTGACGGTGCTG,Eukaryota,Bacillariophyta,,,,,,96.7,18,11,9,21
23S,ESV_193060,GCTTTACTGTAACTTGAGATTGAAATTGGACTTTATATGCGCAGTATAGGTGGGAGGCTATGAAAATCTTTTTGCGGAAAGCTTTGAGCCATCAGTGAGATACCACTCTTATAATGTTAGATTTCTAACTTTGCATCATTATCTGGTCAAAGAACAGTTTCAGGCGGGCAGTTTGACTGGGGCGGTCGCCTCCTAAACGGTAACGGAGGCGCACAAAGGTTTCCTCTGAACGGGTAGAAATCGTATCTAGAGTGTAAAGGCAAAAGGAAGCTTGACTGTGAGACCTACAAGTCGAGCAGGGACGAAAGTCGGTCTTAGTGATCTGACGGTGCTG,Eukaryota,Bacillariophyta,Bacillariophyceae,,,,,95.5,22,41,0,0
23S,ESV_072351,GCTTTACTGTAACTTGAAATTGAAATTGGACTTTATTTGCGCAGTATAGGTGGGAGGCGTTGAAAGATTCTTGCGGGAATTCTGGAGCCATCAGTGAGATACCACTCCTATAATGTTAGATTTCTAACTTTTACCATTATCTGGTGAAAGGACAGTTTCAGGCGGGCAGTTTGACTGGGGCGGTCGCCTCCTAAACGGTAACGGAGGCGCACAAAGGTTTCCTCTGAACGGGTAGAAATCGTATCTAGAGTATAAAGGCATAAGGAAGCTTGACTGTGAGACTTACAAGTCGAGCAGGGACGAAAGTCGGTCTTAGTGATCTGACGGTGCTG,Eukaryota,Bacillariophyta,,,,,,99.1,3,40,0,0
23S,ESV_071210,GCTTTACTGTAACTTGAAATTGGAATTGGACTTTGCTTGCGCAGTATAGGTGGGAAGCGTTGAAGATACTCTTGCGGGAGTATTGGAGCTATCAGTGAGATACCACTCTTGTAATGTTAGATTTCTAACTTTGAACCATAATCTGGTCAAAGAACAGTTTCAGGCGGGCAGTTTGACTGGGGCGGTCGCCTCCTAAATGGTAACGGAGGCGTACAAAGGTTTCCTCTGAACGGGTAGAAATCGTATCTAGAGTGTAAAGGCAAAAGGAAGCTTGACTGTGAGACCTACAAGTCGAGCAGGGACGAAAGTCGGTCTTAGTGATCTGACGGTGCTG,Eukaryota,Bacillariophyta,Coscinodiscophyceae,Melosirales,Melosiraceae,Melosira,,99.1,2,40,0,0
23S,ESV_031430,GCTTTACTGTAACTTGAAATTGGAATTGGACTTTACTTGCGCAGGATAGGTGGGAAGCGTTGAAAATATTCTTGCGGGAATATTGGAGCTATCAGTGAGATACCACTCTTGTAATGTTAGATTTCTAACTTTTAACCATTATCTGGTGAAAGAACAGTTTCAGGTGGGCAGTTTGACTGGGGCGGTCGCCTCCTAAACGGTAACGGAGGCGTACAAAGGTTTCCTCTGAACGGGTAGAAATCGTATCTAGAGTGTAAAGGCATAAGGAAGCTTGACTGTGAGACCTACAAGTCGAGCAGGGACGAAAGTCGGTCTTAGTGATCTGACGGTGCTG,Eukaryota,Bacillariophyta,,,,,,97,12,39,0,0
23S,ESV_193035,GCTTTACTGTAACTTGAAATTGAAATTGGACTTTATTTGCGCAGTATAGGTGGGAGGCGTTGAAAGATTCTTGCGGGAATTCTGGAGCCATCAGTGAGATACCACTCCTATAATGTTAGATTTCTAACTTTTACCATTATCTGGTGAAAGGACAGTTTCAGGCGGGCAGTTTGACTGGGGCGGTCGCCTCCCAAATGGTAACGGAGGCGTACAAAGGTTTCCTCTGAACGGATAGAAATCGTATCTAGAGTGTAAAGGCATAAGGAAGCTTGACTGTGAGACCTACAAGTCGAGCAGGGACGAAAGTCGGTCTTAGTGATCTGACGGTACTG,Eukaryota,Bacillariophyta,,,,,,98.2,3,0,0,39
23S,ESV_061994,GCTTTACTGTAACTTGAAATTGGAATTGGACTTTGCTTGCGCAGTATAGGTGGGAAGCGTTGAAGATACTCTTGCGGGAGTATTGGAGCTATCAGTGAGATACCACTCTTGTAATGTTAGATTTCTAACTTTGAACCATAATCTGGTCAAAGAACAGTTTCAGGTGGGCAGTTTGACTGGGGCGGTCGCCTCCCAAATGGTAACGGAGGCGTACAAAGGTTTCCTCTGAACGGATAGAAATCGTATCTAGAGTGTAAAGGCATAAGGAAGCTTGACTGTGAGACCTACAAGTCGAGCAGGGACGAAAGTCGGTCTTAGTGATCTGACGGTACTG,Eukaryota,Bacillariophyta,Coscinodiscophyceae,Melosirales,Melosiraceae,Melosira,,99.7,2,0,0,38
23S,ESV_033089,GCTTTACTGTATCCTGGCATTGACTTCGGGCTTCGATTGCGCAGAATAGGTGGGAGACGTTGAGATAGTTCTTGTGGGAATTATGGAGTCACCGGTGAGATACCACTCTATCGAAGCTAGAATTCTAACGATTGTCCATAAGCTGGAAATCGAACATTGTCAGGTGGGCAGTTTGACTGGGGCGGTCGCCTCCTAAAAAGTAACGGAGGCGCGCAAAGGTTCTCTTAGATTGGTTGGAAATCAATCGTTAAGTGTAAAGGCAAAAGAGAGCTTGACTGCGAGAGATACAACTCAAGCAGGGACGAAAGTCGGCCTTAGTGATCCGACGGTGCCG,Bacteria,Cyanobacteria,unk_class,Synechococcales,,,,86.8,3,0,37,0
23S,ESV_032713,GCTTTACTGTAACTTGAAATTGAAATTGGACTTTACTTGCGCAGTATAGGTGGGAGGCGTTGAGTTTATTCTTGCGGGAATTTAGGAGCCATCAGTGAGATACCACTCTGGTAATGTTAGATTTCTAACTTTGTATCATAATCTGGTCAAAGGACAGTTTCAGGCGGGCAGTTTGACTGGGGCGGTCGCCTCCCAAACGGTAACGGAGGCGCACAAAGGTTTCCTCTGAACGGGTAGAAATCGTATCTAGAGTGTAAAGGCATAAGGAAGCTTGACTGTGAGACCTACAAGTCGAGCAGGGACGAAAGTCGGTCTTAGTGATCTGACGGTGCTG,Eukaryota,Bacillariophyta,Bacillariophyceae,Bacillariales,Bacillariaceae,,,98.5,22,36,0,0
23S,ESV_061342,GCTTTACTGTAACTTGAAATTGAAGTTGGACTTTACTTGCGCAGTATAGGTGGGAGGCGTTGAGAATATTCTTGCGGGAATATTGGAGCCATCAGTGAGATACCACTCTGGTAATGTTAGATTTCTAACTTTGCATCATTATCTGGTCAAAGGACAGTTTCAGGCGGGCAGTTTGACTGGGGCGGTCGCCTCCTAAAGGGTAACGGAGGCGCACAAAGGTTTCCTCTGAACGGGTAGAAATCGTATCTAGAGTGTAAAGGCATAAGGAAGCTTGACTGTGAGACCTACAAGTCGAGCAGGGACGAAAGTCGGTCTTAGTGATCTGACGGTGCTG,Eukaryota,Bacillariophyta,Bacillariophyceae,,,,,99.7,1,13,22,0
23S,ESV_001021,GCTTTACTGTATCTTGGAATTGGGTTTGGTCTTTGCATGCGCAGGATAGGTGGGAGGCTTTGAAGATGATCTTGCGGGGTCGTTGGAGCCACTGGTGAGATACCACCCTTGCAATGATAAAATCCTAACTTTGAACCGTTATCCGGTCAAAGAACAGTTTCAGGTGGGCAGTTTGACTGGGGCGGTCGCCTCCTAAAAGGTAACGGAGGCGTGCAAAGGTTCCCTCAGGCTGGTTGGACATCAGTCGTAGAGTGTAAAGGCATAAGGGAGCTTGACTGCGAGACCAACAAGTCGAGCAGAGACGAAAGTCGGCCTTAGTGATCCGGCGCTTCCG,Eukaryota,unk_phylum,Cryptophyceae,Cryptomonadales,Cryptomonadaceae,Plagioselmis,Plagioselmis nannoplanctica,99.7,1,13,0,22
23S,ESV_193061,GCTTTACTGTAACTTGAAATTGAAATTGGACTTTATTTGCGCAGTATAGGTGGGAGGCGTTGAAAGATTCTTGCGGGAATTCTGGAGCCATCAGTGAGATACCACTCCTATAATGTTAGATTTCTAACTTTGCATCATTATCTGGTCAAAGAACAGTTTCAGGCGGGCAGTTTGACTGGGGCGGTCGCCTCCCAAACGGTAACGGAGGCGCACAAAGGTTTCCTCTGAACGGGTAGAAATCGTATCTAGAGTGTAAAGGCATAAGGAAGCTTGACTGTGAGACCTACAAGTCGAGCAGGGACGAAAGTCGGTCTTAGTGATCTGACGGTGCTG,Eukaryota,Bacillariophyta,Bacillariophyceae,,,,,97.9,16,33,0,0
23S,ESV_034075,GCTTTACTGTAACTTGAGATTGAAATTGGACTTTATATGCGCAGTATAGGTGGGAGGCTATGAAAATCTTTTTGCGGAAAGGTTTGAGCCATCAGTGAGATACCACTCTTATAATGTTAGATTTCTAACTTTGCATCATTATCTGGTCAAAGAACAGTTTCAGGCGGGCAGTTTGACTGGGGCGGTCGCCTCCTAAACGGTAACGGAGGCGCACAAAGGTTTCCTCTGAACGGGTAGAAATCGTATCTAGAGTGTAAAGGCAAAAGGAAGCTTGACTGTGAGACCTACAAGTCGAGCAGGGACGAAAGTCGGTCTTAGTGATCTGACGGTGCTG,Eukaryota,Bacillariophyta,Bacillariophyceae,,,,,95.5,22,33,0,0
23S,ESV_156198,GCTTTACTGTAACTTGAAATTGAAATTGGACTTTGCTTGCGCAGTATAGGTGGGAAGCGTTGAAGATATTCTTGCGGGAGTATTGGAGCTATCAGTGAGATACCACTCTTGTAATGTTAGATTTCTAACTTTGAACCATAATCTGGTCAAAGAACAGTTTCAGGTGGGCAGTTTGACTGGGGCGGTCGCCTCCCAAATGGTAACGGAGGCGTACAAAGGTTTCCTCTGAACGGATAGAAATCGTATCTAGAGTGTAAAGGCATAAGGAAGCTTGACTGTGAGACCTACAAGTCGAGCAGGGACGAAAGTCGGTCTTAGTGATCTGACGGTACTG,Eukaryota,Bacillariophyta,Coscinodiscophyceae,Melosirales,Melosiraceae,Melosira,,99.7,2,0,0,33
23S,ESV_193036,GCTTTACTGTAACTTGAAATTGGAATTGGACTTTGCTTGCGCAGTATAGGTGGGAAGCGTTGAAGATATTCTTGCGGGAGTATTGGAGCTATCAGTGAGATACCACTCTTGTAATGTTAGATTTCTAACTTTGAACCATAATCTGGTCAAAGAACAGTTTCAGGTGGGCAGTTTGACTGGGGCGGTCGCCTCCCAAATGGTAACGGAGGCGTACAAAGGTTTCCTCTGAACGTGTAGAAATCGTATCTAGAGTATAAAGGCATAAGGAAGCTTGACTGTGAGACTTACAAGTCGAGCAGGGACGAAAGTCGGTCTTAGTGATCTGACGGTGCTG,Eukaryota,Bacillariophyta,Coscinodiscophyceae,Melosirales,Melosiraceae,Melosira,,98.5,2,0,0,33
23S,ESV_070018,GCTTTACTGTAACTTGAAATTGAAATTGGACTTTATTTGCGCAGTATAGGTGGGAGGCGTTGAAAGATTCTTGCGGGAATTCTGGAGCCATCAGTGAGATACCACTCCTATAATGTTAGATTTCTAACTTTTACCATTATCTGGTGAAAGGACAGTTTCAGGCGGGCAGTTTGACTGGGGCGGTCGCCTCCTAAATGGTAACGGAGGCGTACAAAGGTTTCCTCTGAACGGATAGAAATCGTATCTAGAGTGTAAAGGCATAAGGAAGCTTGACTGTGAGACCTACAAGTCGAGCAGGGACGAAAGTCGGTCTTAGTGATCTGACGGTGCTG,Eukaryota,Bacillariophyta,,,,,,98.8,3,32,0,0
23S,ESV_059857,GCTTTACTGTATCTTGGAATTGGGTTTGGTCTTTGCATGCGCAGGATAGGTGGGAGGCTTTGAAGATGATCTTGCGGGGTCGTTGGAGCCACTGGTGAGATACCACCCTTGCAATGATAAAATCCTAACTTTGAACCGTTATCCGGTCAGAGAACAGTTTCAGGTGGGCAGTTTGACTGGGGCGGTCGCCTCCTAAAAGGTAACGGAGGCGTGCAAAGGTTCCCTCAGGCTGGTTGGACATCAGTCGTAGAGTGTAAAGGCATAAGGGAGCTTGACTGCGAGACCAACAAGTCGAGCAGAGACGAAAGTCGGCCTTAGTGATCCGGCGCTTCCG,Eukaryota,unk_phylum,Cryptophyceae,Cryptomonadales,Cryptomonadaceae,Plagioselmis,Plagioselmis nannoplanctica,100,1,0,0,32
23S,ESV_070647,GCTTTACTGTAACTTGAAATTGAAATTGGACTTTATCTGCGCAGTATAGGTGGGAGACGTTGAAAGTATTCTTGCGGGAATAACAGAGTCATCAGTGAGATACCACTCCTATAATGTTAGATTTCTAACTTTGTATCATTATCTGGTCAAAGAACAGTTTCAGGCGGGCAGTTTGACTGGGGCGGTCGCCTCCTAAACGGTAACGGAGGCGCACAAAGGTTTCCTCTGAACGGGTAGAAATCGTATCTAGAGTGTAAAGGCAAAAGGAAGCTTGACTGTGAGACCTACAAGTCGAGCAGGGACGAAAGTCGGTCTTAGTGATCTGACGGTGCTG,Eukaryota,Bacillariophyta,,,,,,96.7,24,19,0,12
23S,ESV_070847,GCTTTACTGTAACTTGAAATTGAAATTGGACTTTATCTGCGCAGTATAGGTGGGAGACGTTGAAAGTATTCTTGCGGGAATAACAGAGTCATCAGTGAGATACCACTCCTATAATGTTAGATTTCTAACTTTGTATCATTATCTGGTCAAAGAACAGTTTCAGGCGGGCAGTTTGACTGGGGCGGTCGCCTCCTAAATGGTAACGGAGGCGTACAAAGGTTTCCTCTGAACGTGTAGAAATCGTATCTAGAGTATAAAGGCATAAGGAAGCTTGACTGTGAGACTTACAAGTCGAGCAGGGACGAAAGTCGGTCTTAGTGATCTGACGGTGCTG,Eukaryota,Bacillariophyta,Bacillariophyceae,,,,,96.1,30,9,11,11
23S,ESV_157651,GCTTTACTGTAACTTGAAATTGGAATTGGACTTTGCTTGCGCAGTATAGGTGGGAAGCGTTGAAGATATTCTTGCGGGAGTATTGGAGCTATCAGTGAGATACCACTCTTGTAATGTTAGATTTCTAACTTTGAACCATAATCTGGTCAAAGAACAGTTTCAGGCGGGCAGTTTGACTGGGGCGGTCGCCTCCTAAATGGTAACGGAGGCGTACAAAGGTTTCCTCTGAACGGATAGAAATCGTATCTAGAGTGTAAAGGCATAAGGAAGCTTGACTGTGAGACCTACAAGTCGAGCAGGGACGAAAGTCGGTCTTAGTGATCTGACGGTACTG,Eukaryota,Bacillariophyta,Coscinodiscophyceae,Melosirales,Melosiraceae,Melosira,,99.7,2,0,0,31
23S,ESV_030994,GCTTTACTGTAACTTGAAATTGAAATTGGACTTTATTTGCGCAGTATAGGTGGGAGGCGTTGATTTTATTCTTGCGGGAATTTAGGAGCCATCAGTGAGATACCACTCTGGTAATGTTAGATTTCTAACTTTGTATCATGATCTGGTCAAAGAACAGTTTCAGGCGGGCAGTTTGACTGGGGCGGTCGCCTCCTAAATGGTAACGGAGGCGTACAAAGGTTTCCTCTGAACGTGTAGAAATCGTATCTAGAGTGTAAAGGCATAAGGAAGCTTGACTGTGAGACCTACAAGTCGAGCAGGGACGAAAGTCGGTCTTAGTGATCTGACGGTGCTG,Eukaryota,Bacillariophyta,Bacillariophyceae,Bacillariales,Bacillariaceae,,,99.4,20,0,31,0
23S,ESV_001330,GCTTTACTGTAACTTGAAATTGAAATTGGACTTTAGTTGCGCAGTATAGGTGGGAGGCGTTGATTTTATTCTTGCGGGAATTTAGGAGCCATCAGTGAGATACCACTCTGCTAATGTTAGATTTCTAACTTTGTATCATAATCTGGTCAAAGAACAGTTTCAGGCGGGCAGTTTGACTGGGGCGGTCGCCTCCTAAATGGTAACGGAGGCGTACAAAGGTTTCCTCTGAACGTGTAGAAATCGTATCTAGAGTGTAAAGGCATAAGGAAGCTTGACTGTGAGACCTACAAGTCGAGCAGGGACGAAAGTCGGTCTTAGTGATCTGACGGTGCTG,Eukaryota,Bacillariophyta,Bacillariophyceae,Bacillariales,Bacillariaceae,,,98.8,24,13,18,0
23S,ESV_031272,GCTTTACTGTAACTTGAAATTGGAATTGGACTTTGCTTGCGCAGTATAGGTGGGAAGCGTTGAAGATACTCTTGCGGGAGTATTGGAGCTATCAGTGAGATACCACTCTTGTAATGTTAGATTTCTAACTTTGAACCATAATCTGGTCAAAGAACAGTTTCAGGCGGGCAGTTTGACTGGGGCGGTCGCCTCCTAAACGGTAACGGAGGCGCACAAAGGTTTCCTCTGAACGGGTAGAAATCGTATCTAGAGTGTAAAGGCATAAGGAAGCTTGACTGTGAGACCTACAAGTCGAGCAGGGACGAAAGTCGGTCTTAGTGATCTGACGGTGCTG,Eukaryota,Bacillariophyta,Coscinodiscophyceae,Melosirales,Melosiraceae,Melosira,,98.8,2,31,0,0
23S,ESV_031936,GCTTTACTGTAACTTGAAATTGAAATTGGACTTTACTTGCGCAGTATAGGTGGGAGGCGTTGAGTTTATTCTTGCGGGAATTTAGGAGCCATCAGTGAGATACCACTCTGGTAATGTTAGATTTCTAACTTTGTATCATAATCTGGTCAAAGGACAGTTTCAGGCGGGCAGTTTGACTGGGGCGGTCGCCTCCTAAATGGTAACGGAGGCGTACAAAGGTTTCCTCTGAACGGGTAGAAATCGTATCTAGAGTGTAAAGGCATAAGGAAGCTTGACTGTGAGACCTACAAGTCGAGCAGGGACGAAAGTCGGTCTTAGTGATCTGACGGTGCTG,Eukaryota,Bacillariophyta,Bacillariophyceae,Bacillariales,Bacillariaceae,,,99.1,19,30,0,0
23S,ESV_070765,GCTTTACTGTAACTTGAAATTGAAATTGGACTTTATTTGCGCAGTATAGGTGGGAGGCGTTGAAAGATTCTTGCGGGAATTCTGGAGCCATCAGTGAGATACCACTCCTATAATGTTAGATTTCTAACTTTGTATCATTATCTGGTCAAAGAACAGTTTCAGGCGGGCAGTTTGACTGGGGCGGTCGCCTCCTAAATGGTAACGGAGGCGCACAAAGGTTTCCTCTGAACGGGTAGAAATCGTATCTAGAGTGTAAAGGCATAAGGAAGCTTGACTGTGAGACCTACAAGTCGAGCAGGGACGAAAGTCGGTCTTAGTGATCTGACGGTGCTG,Eukaryota,Bacillariophyta,,,,,,98.2,12,17,0,13
23S,ESV_070594,GCTTTACTGTAACTTGAAATTGAAATTGGACTTTATTTGCGCAGTATAGGTGGGAGGCGTTGAAAGATTCTTGCGGGAATTCTGGAGCCATCAGTGAGATACCACTCCTATAATGTTAGATTTCTAACTTTTACCATTATCTGGTGAAAGGACAGTTTCAGGCGGGCAGTTTGACTGGGGCGGTCGCCTCCTAAATGGTAACGGAGGCGCACAAAGGTTTCCTCTGAACGGGTAGAAATCGTATCTAGAGTGTAAAGGCATAAGGAAGCTTGACTGTGAGACCTACAAGTCGAGCAGGGACGAAAGTCGGTCTTAGTGATCTGACGGTGCTG,Eukaryota,Bacillariophyta,,,,,,99.4,3,18,0,12
23S,ESV_129071,GCTTTACTGTAACTTGAAATTGAAATTGGACTTTATTTGCGCAGTATAGGTGGGAGGCGTTGAAAGATTCTTGCGGGAATTCTGGAGCCATCAGTGAGATACCACTCCTATAATGTTAGATTTCTAACTTTTACCATTATCTGGTGAAAGGACAGTTTCAGGCGGGCAGTTTGACTGGGGCGGTCGCCTCCTAAACGGTAACGGAGGCGCACAAAGGTTTCCTCTGAACGGATAGAAATCGTATCTAGAGTGTAAAGGCATAAGGAAGCTTGACTGTGAGACCTACAAGTCGAGCAGGGACGAAAGTCGGTCTTAGTGATCTGACGGTACTG,Eukaryota,Bacillariophyta,,,,,,99.1,3,0,0,30
23S,ESV_070846,GCTTTACTGTAACTTGAAATTGAAATTGGACTTTATCTGCGCAGTATAGGTGGGAGACGTTGAAAGTATTCTTGCGGGAATAACAGAGTCATCAGTGAGATACCACTCCTATAATGTTAGATTTCTAACTTTTACCATTATCTGGTGAAAGGACAGTTTCAGGCGGGCAGTTTGACTGGGGCGGTCGCCTCCTAAACGGTAACGGAGGCGCACAAAGGTTTCCTCTGAACGGGTAGAAATCGTATCTAGAGTGTAAAGGCAAAAGGAAGCTTGACTGTGAGACCTACAAGTCGAGCAGGGACGAAAGTCGGTCTTAGTGATCTGACGGTGCTG,Eukaryota,Bacillariophyta,,,,,,97.9,3,12,0,17
23S,ESV_059364,GCTTCACTGCATCTTGGGATTGAATCTGGTCTTTACTTGCGCAGAATAGGTGGGAGGCATTGAAGAAGGTCTTGTGGGATCTTTGGAGCCAATCGTGAGATACCACTCTTTTAAAGCTCGGATTCTCACTCTCTACCGTAATCCGGGGAGAGGACACTCCCAGGTGGGCAGTTTGACTGGGGCGGTCGCCTCCTAAAAGGTAACGGAGGCGCACAAAGGTTTCCTCAGATCGGATAGAAATCGATCAAAGAGTGTAAAGGCAAAAGGAAGCTTGACTGCGAGACGTACAAGTCAAGCAGAGACGAAAGTCGGTCTTAGTGATCCGACGATCCTG,Eukaryota,unk_phylum,Eustigmatophyceae,Eustigmatales,Monodopsidaceae,,,99.7,6,0,28,0
23S,ESV_032736,GCTTTACTGTAACTTGAAATTGAAATTGGACTTTATCTGCGCAGTATAGGTGGGAGACGTTGAAAGTATTCTTGCGGGAATAACAGAGTCATCAGTGAGATACCACTCCTATAATGTTAGATTTCTAACTTTGTATCATTATCTGGTCAAAGAACAGTTTCAGGCGGGCAGTTTGACTGGGGCGGTCGCCTCCTAAATGGTAACGGAGGCGTACAAAGGTTTCCTCTGAACGGATAGAAATCGTATCTAGAGTGTAAAGGCATAAGGAAGCTTGACTGTGAGACCTACAAGTCGAGCAGGGACGAAAGTCGGTCTTAGTGATCTGACGGTACTG,Eukaryota,Bacillariophyta,Bacillariophyceae,,,,,96.1,23,8,0,19
23S,ESV_000934,GCTTTACTGTAACTTGAAATTGAAATTGGACTTTAGTTGCGCAGTATAGGTGGGAGGCGTTGATTTTATTCTTGCGGGAATTTAGGAGCCATCAGTGAGATACCACTCTGCTAATGTTAGATTTCTAACTTTGTATCATAATCTGGTCAAAGAACAGTTTCAGGCGGGCAGTTTGACTGGGGCGGTCGCCTCCTAAATGGTAACGGAGGCGTACAAAGGTTTCCTCTGAACGTGTAGAAATCGTATCTAGAGTGTAAAGGCATAAGGAAGCTTGACTGTGAGACTTACAAGTCGAGCAGGGACGAAAGTCGGTCTTAGTGATCTGACGGTGCTG,Eukaryota,Bacillariophyta,Bacillariophyceae,Bacillariales,Bacillariaceae,,,99.1,17,27,0,0
23S,ESV_077429,GCTTTACTGTATCCTGGCATTGACTTCGGGCTTCGATTGCGCAGAATAGGTGGGAGACGTTGAGATGTTCCTTGTGGGGAATGTGGAGTCACCGGTGAGATACCACTCTATCGAAGCTAGAATTCTAACGATTGTCCATAAGCTGGAAATCGAACATTGTCAGGTGGGCAGTTTGACTGGGGCGGTCGCCTCCTAAAAAGTAACGGAGGCGCGCAAAGGTTCTCTTAGATTGGTTGGAAATCAATCGTTAAGTGTAAAGGCAAAAGAGAGCTTGACTGCGAGAGATACAACTCAAGCAGGGACGAAAGTCGGCCTTAGTGATCCGACGGTGCCG,Bacteria,Cyanobacteria,,,,,,86.8,6,0,27,0
23S,ESV_031527,GCTTTACTGTAACTTGAAATTGGAATTGGACTTTGCTTGCGCAGTATAGGTGGGAAGCGTTGAAGATACTCTTGCGGGAGTATTGGAGCTATCAGTGAGATACCACTCTTGTAATGTTAGATTTCTAACTTTGAACCATAATCTGGTCAAAGAACAGTTTCAGGCGGGCAGTTTGACTGGGGCGGTCGCCTCCTAAATGGTAACGGAGGCGTACAAAGGTTTCCTCTGAACGGATAGAAATCGTATCTAGAGTGTAAAGGCATAAGGAAGCTTGACTGTGAGACTTACAAGTCGAGCAGGGACGAAAGTCGGTCTTAGTGATCTGACGGTGCTG,Eukaryota,Bacillariophyta,Coscinodiscophyceae,Melosirales,Melosiraceae,Melosira,,99.4,2,26,0,0
23S,ESV_031250,GCTTTACTGTAACTTGAAATTGGAATTGGACTTTGCTTGCGCAGTATAGGTGGGAAGCGTTGAAGATACTCTTGCGGGAGTATTGGAGCTATCAGTGAGATACCACTCTTGTAATGTTAGATTTCTAACTTTGAACCATAATCTGGTCAAAGAACAGTTTCAGGCGGGCAGTTTGACTGGGGCGGTCGCCTCCTAAATGGTAACGGAGGCGTACAAAGGTTTCCTCTGAACGTGTAGAAATCGTATCTAGAGTGTAAAGGCATAAGGAAGCTTGACTGTGAGACCTACAAGTCGAGCAGGGACGAAAGTCGGTCTTAGTGATCTGACGGTGCTG,Eukaryota,Bacillariophyta,Coscinodiscophyceae,Melosirales,Melosiraceae,Melosira,,99.1,2,25,0,0
23S,ESV_036767,GCTTTACTGTAACTTGAAATTGAAATTGGACTTTAGTTGCGCAGTATAGGTGGGAGGCGTTGATTTTATTCTTGCGGGAATTTAGGAGCCATCAGTGAGATACCACTCTGCTAATGTTAGATTTCTAACTTTGTATCATAATCTGGTCAAAGAACAGTTTCAGGCGGGCAGTTTGACTGGGGCGGTCGCCTCCTAAATGGTAACGGAGGCGCACAAAGGTTTCCTCTGAACGGGTAGAAATCGTATCTAGAGTGTAAAGGCATAAGGAAGCTTGACTGTGAGACCTACAAGTCGAGCAGGGACGAAAGTCGGTCTTAGTGATCTGACGGTGCTG,Eukaryota,Bacillariophyta,Bacillariophyceae,Bacillariales,Bacillariaceae,,,98.2,24,0,25,0
23S,ESV_156881,GCTTTACTGTAACTTGAAATTGGAATTGGACTTTGCTTGCGCAGTATAGGTGGGAAGCGTTGAAGATATTCTTGCGGGAGTATTGGAGCTATCAGTGAGATACCACTCTTGTAATGTTAGATTTCTAACTTTGAACCATAATCTGGTCAAAGAACAGTTTCAGGTGGGCAGTTTGACTGGGGCGGTCGCCTCCCAAATGGTAACGGAGGCGTACAAAGGTTTCCTCTGAACGGGTAGAAATCGTATCTAGAGTGTAAAGGCATAAGGAAGCTTGACTGTGAGACCTACAAGTCGAGCAGGGACGAAAGTCGGTCTTAGTGATCTGACGGTGCTG,Eukaryota,Bacillariophyta,Coscinodiscophyceae,Melosirales,Melosiraceae,Melosira,,99.4,2,0,0,24
23S,ESV_177320,GCTTTACTGTAACTTGAAATTGAAATTGGACTTTACTTGCGCAGTATAGGTGGGAGGCGTTGAAAGATTCTTGCGGGAATTCTGGAGCCATCAGTGAGATACCACTCCTATAATGTTAGATTTCTAACTTTTACCATTATCTGGTGAAAGGACAGTTTCAGGCGGGCAGTTTGACTGGGGCGGTCGCCTCCTAAACGGTAACGGAGGCGCACAAAGGTTTCCTCTGAACGGGTAGAAATCGTATCTAGAGTGTAAAGGCAAAAGGAAGCTTGACTGTGAGACCTACAAGTCGAGCAGGGACGAAAGTCGGTCTTAGTGATCTGACGGTGCTG,Eukaryota,Bacillariophyta,,,,,,99.7,3,23,0,0
23S,ESV_031797,GCTTTACTGTAACTTGAGATTGAAATTGGACTTTATATGCGCAGTATAGGTGGGAGGCTATGAAAATCTTTTTGCGGAAAGGTTTGAGCCATCAGTGAGATACCACTCTTATAATGTTAGATTTCTAACTTTGCATCATTATCTGGTCAAAGAACAGTTTCAGGCGGGCAGTTTGACTGGGGCGGTCGCCTCCTAAATGGTAACGGAGGCGTACAAAGGTTTCCTCTGAACGGATAGAAATCGTATCTAGAGTGTAAAGGCATAAGGAAGCTTGACTGTGAGACCTACAAGTCGAGCAGGGACGAAAGTCGGTCTTAGTGATCTGACGGTACTG,Eukaryota,Bacillariophyta,Bacillariophyceae,,,,,95.5,18,22,0,0
23S,ESV_134355,GCTTTACTGTAACTTGAAATTGAAATTGGACTTTACTTGCGCAGTATAGGTGGGAGGCGTTGAGTTTATTCTTGCGGGAATTTAGGAGCCATCAGTGAGATACCACTCTGGTAATGTTAGATTTCTAACTTTGTATCATAATCTGGTCAAAGGACAGTTTCAGGCGGGCAGTTTGACTGGGGCGGTCGCCTCCTAAATGGTAACGGAGGCGTACAAAGGTTTCCTCTGAACGGATAGAAATCGTATCTAGAGTGTAAAGGCATAAGGAAGCTTGACTGTGAGACCTACAAGTCGAGCAGGGACGAAAGTCGGTCTTAGTGATCTGACGGTGCTG,Eukaryota,Bacillariophyta,Bacillariophyceae,Bacillariales,Bacillariaceae,,,98.8,19,22,0,0
23S,ESV_031653,GCTTTACTGTAACTTGAAATTGAAATTGGACTTTATTTGCGCAGTATAGGTGGGAGGCGTTGAGTTTATTCTTGCGGGAATTTAGGAGCCATCAGTGAGATACCACTCTGGTAATGTTAGATTTCTAACTTTGTATCATAATCTGGTCAAAGGACAGTTTCAGGCGGGCAGTTTGACTGGGGCGGTCGCCTCCTAAATGGTAACGGAGGCGTACAAAGGTTTCCTCTGAACGTGTAGAAATCGTATCTAGAGTATAAAGGCATAAGGAAGCTTGACTGTGAGACTTACAAGTCGAGCAGGGACGAAAGTCGGTCTTAGTGATCTGACGGTGCTG,Eukaryota,Bacillariophyta,Bacillariophyceae,Bacillariales,Bacillariaceae,,,99.7,9,22,0,0
23S,ESV_189593,GCTTTACTATAGCTTGGTATTGGGTTCGGGCTTTGACTGCGCAGGATAGGTGGGAGACTATGAGCCATGCCTTGTGGGGTATGGGGAGTCACTGGTGAGATACCACTCTGTCAAGGCTAGAATTCTAACTTTGAGCCGTTAACCGGCGAAAGGACAGTATCAGGTGGGTAGTTTGACTGGGGCGGTCGCCTCCTAAAAGGTAACGGAGGCGCGCAAAGGTTCCCTCAGGCTGGTTGGAAATCAGCCGACGAGTGTAAAGGCATAAGGGAGCTTGACTGCGAGACCAACAAGTCGAGCAGGGTGGAAACACGGCCTTAGTGATCCGACGGTTCTG,Bacteria,Cyanobacteria,unk_class,Synechococcales,,,,92.5,3,21,0,0
23S,ESV_193037,GCTTTACTGTAACTTGAAATTGAAATTGGACTTTATCTGCGCAGTATAGGTGGGAGACGTTGAAAGTATTCTTGCGGGAATAACAGAGTCATCAGTGAGATACCACTCCTATAATGTTAGATTTCTAACTTTGTATCATTATCTGGTCAAAGAACAGTTTCAGGCGGGCAGTTTGACTGGGGCGGTCGCCTCCCAAATGGTAACGGAGGCGTACAAAGGTTTCCTCTGAACGGATAGAAATCGTATCTAGAGTGTAAAGGCATAAGGAAGCTTGACTGTGAGACCTACAAGTCGAGCAGGGACGAAAGTCGGTCTTAGTGATCTGACGGTACTG,Eukaryota,Bacillariophyta,,,,,,96.4,17,0,0,21
23S,ESV_193038,GCTTTACTGTAACTTGAAATTGGAATTGGACTTTGCTTGCGCAGTATAGGTGGGAAGCGTTGAAGATATTCTTGCGGGAGTATTGGAGCTATCAGTGAGATACCACTCTTGTAATGTTAGATTTCTAACTTTGAACCATAATCTGGTCAAAGAACAGTTTCAGGTGGGCAGTTTGACTGGGGCGGTCGCCTCCTAAATGGTAACGGAGGCGTACAAAGGTTTCCTCTGAACGTGTAGAAATCGTATCTAGAGTATAAAGGCATAAGGAAGCTTGACTGTGAGACTTACAAGTCGAGCAGGGACGAAAGTCGGTCTTAGTGATCTGACGGTGCTG,Eukaryota,Bacillariophyta,Coscinodiscophyceae,Melosirales,Melosiraceae,Melosira,,98.2,2,0,0,21
23S,ESV_000025,GCTTTACTGTAACTTGAAATTGAAATTGGACTTTATTCGCGCAGTATAGGTGGGAGGCGTTGATTATAATCTTGTGGGATTATTGGAGCCATCAGTGAGATACCACTCTTGTAATGTTAGATTTCTAACTTTGAATCATGATCTGGTCAAAGAACAGTTTCAGGCGGGCAGTTTGACTGGGGCGGTCGCCTCCTAAACGGTAACGGAGGCGTACAAAGGTTTCCTCTGAACGGGTAGAAATCGTATCTAGAGTGTAAAGGCATAAGGAAGCTTGACTGTGAGACCTACAAGTCGAGCAGGGACGAAAGTCGGTCTTAGTGATCTGACGGTACTG,Eukaryota,Bacillariophyta,Coscinodiscophyceae,Thalassiosirales,,,,99.1,14,10,0,11
23S,ESV_001556,GCTTTACTGTAACTTGAAATTGAAATTGGACTTTAGTTGCGCAGTATAGGTGGGAGGCGTTGATTTTATTCTTGCGGGAATTTAGGAGCCATCAGTGAGATACCACTCTGCTAATGTTAGATTTCTAACTTTGTATCATAATCTGGTCAAAGAACAGTTTCAGGCGGGCAGTTTGACTGGGGCGGTCGCCTCCTAAATGGTAACGGAGGCGTACAAAGGTTTCCTCTGAACGTGTAGAAATCGTATCTAGAGTATAAAGGCATAAGGAAGCTTGACTGTGAGACCTACAAGTCGAGCAGGGACGAAAGTCGGTCTTAGTGATCTGACGGTGCTG,Eukaryota,Bacillariophyta,Bacillariophyceae,Bacillariales,Bacillariaceae,,,98.8,19,9,11,0
23S,ESV_005511,GCTTTACTGTTCCCTGGGATTGGCTTTGGGCTTTTCCTGCGCAGCTTAGGTGGAAGGCGAAGAAGGCCTCCTTCCGGGGGGGCCCGAGCCATCAGTGAGATACCACTCTGGAAGAGCTAGAATTCTAACCTTGTGTCAGGACCTACGGGCCAAGGGACAGTCTCAGGTAGACAGTTTCTATGGGGCGTAGGCCTCCCAAAAGGTAACGGAGGCGTGCAAAGGTTTCCTCGGGCCGGACGGAGATTGGCCCTCGAGTGCAAAGGCAGAAGGGAGCTTGACTGCAAGACCCACCCGTCGAGCAGGGACGAAAGTCGGCCTTAGTGATCCGACGGTGCCG,Eukaryota,Streptophyta,Magnoliopsida,,,,,100,29,8,0,12
23S,ESV_032448,GCTTTACTGTAACTTGAAATTGAAATTGGACTTTATTTGCGCAGTATAGGTGGGAGGCGTTGAAAGATTCTTGCGGGAATTCCGGAGCCATCAGTGAGATACCACTCCTATAATGTTAGATTTCTAACTTTTACCATTATCTGGTAAAAGGACAGTTTCAGGCGGGCAGTTTGACTGGGGCGGTCGCCTCCTAAACGGTAACGGAGGCGCACAAAGGTTTCCTCTGAACGGGTAGAAATCGTATCTAGAGTGTAAAGGCATAAGGAAGCTTGACTGTGAGACCTACAAGTCGAGCAGGGACGAAAGTCGGTCTTAGTGATCTGACGGTGCTG,Eukaryota,Bacillariophyta,,,,,,99.4,3,0,20,0
23S,ESV_001239,GCTTTACTATAGCCTGGAATTGGGTTCGGGCTTCCCTTGCGCAGAATAGGTGGGAGACGTTGAACATAGCCTTGTGGGGTTATGGGAGTCATCGGTGAGATACCACTCTAGGGAAGCTAGAATTCTAACTTTGAACCCTAATCGGGTTGAAGAACAGTTTCAGGTGGGTAGTTTGACTGGGGCGGTCGCCTCCAAAAAGGTAACGGAGGCGCACAAAGGTTCCCTCAGGCTGGATGGAAATCAGCCAGAGAGTGTAAAGGCACAAGGGAGCTTGACTGCGAGAGAGACAACTCAAGCAGGTACGAAAGTAGGTCTTAGTGATCCGACGGTGCTG,Bacteria,Cyanobacteria,unk_class,Pleurocapsales,Hyellaceae,Pleurocapsa,Pleurocapsa sp. 04302-00001,93.7,1,0,20,0
23S,ESV_188119,GCTTCCACTGTTCCCTGGGATTGGCTTTGGGCCTTTCCTGCGCAGCTTAGGTGGAAGGCGAAGAAGGCCTCCTTCCGGGGGGGCCCGAGCCATCAGTGAGATACCACTCTGGAAGAGCTAGAATTCTAACCTTGTGCCAGGACCTACGGGCCAAGGGACAGTCTCAGGTAGACAGTTTCTATGGGGCGTAGGCCTCCCAAAAGGTAACGGAGGCGTGCAAAGGTTTCCTCGGGCCGGACGGAGATTGGCCCTCGAGTGCAAAGGCAGAAGGGAGCTTGACTGCAAGACCCACCCGTCGAGCAGGGACGAAAGTCGGCCTTAGTGATCCGACGGTGCCG,Eukaryota,Streptophyta,Magnoliopsida,Alismatales,Hydrocharitaceae,Elodea,Elodea canadensis,100,1,19,0,0
23S,ESV_060024,GCTTTACTGTAACTTGAGATTGAAATTGGACTTTACTTGCGCAGTATAGGTGGGAGGCGTTGAGTTTATTCTTGCGGGAATTTAGGAGCCATCAGTGAGATACCACTCTGGTAATGTTAGATTTCTAACTTTGTATCATAATCTGGTCAAAGGACAGTTTCAGGCGGGCAGTTTGACTGGGGCGGTCGCCTCCTAAATGGTAACGGAGGCGTACAAAGGTTTCCTCTGAACGTGTAGAAATCGTATCTAGAGTATAAAGGCATAAGGAAGCTTGACTGTGAGACTTACAAGTCGAGCAGGGACGAAAGTCGGTCTTAGTGATCTGACGGTGCTG,Eukaryota,Bacillariophyta,Bacillariophyceae,Bacillariales,Bacillariaceae,Nitzschia,,99.7,8,19,0,0
23S,ESV_062353,GCTTTACTGTAACTTGAAATTGAAATTGGACTTTATCTGCGCAGTATAGGTGGGAGGCGTTGAAAGTATTCTTGCGGGAATAACGGAGCCATCAGTGAGATACCACTCCTATAATGTTAGATTTCTAACTTTGTATCATTATCTGGTCAAAGAACAGTTTCAGGCGGGCAGTTTGACTGGGGCGGTCGCCTCCTAAATGGTAACGGAGGCGCACAAAGGTTTCCTCTGAACGGGTAGAAATCGTATCTAGAGTGTAAAGGCAAAAGGAAGCTTGACTGTGAGACCTACAAGTCGAGCAGGGACGAAAGTCGGTCTTAGTGATCTGACGGTGCTG,Eukaryota,Bacillariophyta,,,,,,97.6,15,0,19,0
23S,ESV_193039,GCTTTACTGTAACTTGAAATTGAAATTGGACTTTATTTGCGCAGTATAGGTGGGAGGCGTTGAAAGATTCTTGCGGGAATTCTGGAGCCATCAGTGAGATACCACTCCTATAATGTTAGATTTCTAACTTTTACCATTATCTGGTGAAAGGACAGTTTCAGGCGGGCAGTTTGACTGGGGCGGTCGCCTCCCAAATGGTAACGGAGGCGTACAAAGGTTTCCTCTGAACGGATAGAAATCGTATCTAGAGTGTAAAGGCATAAGGAAGCTTGACTGTGAGACCTACAAGTCGAGCAGGGACGAAAGTCGGTCTTAGTGATCTGACGGTGCTG,Eukaryota,Bacillariophyta,,,,,,98.5,3,0,0,19
23S,ESV_031090,GCTTTACTGTAACTTGAAATTGAAATTGGACTTTATTTGCGCAGTATAGGTGGGAGGTGTTGAGAAGAATCTTGCGGGATTCTTGGAGCCATCAGTGAGATACCACTCTTGTAATGTTAGATTTCTAACTTTGTATCATTATCTGGTCAAAGAACAGTTTCAGGCGGGCAGTTTGACTGGGGCGGTCGCCTCCTAAACGGTAACGGAGGCGCACAAAGGTTTCCTCTGAACGGGTAGAAATCGTATCTAGAGTGTAAAGGCATAAGGAAGCTTGACTGTGAGACCTACAAGTCGAGCAGGGACGAAAGTCGGTCTTAGTGATCTGACGGTGCTG,Eukaryota,Bacillariophyta,,,,,,97.9,19,0,18,0
23S,ESV_193040,GCTTTACTGTAACTTGAAATTGGAATTGGACTTTGCTTGCGCAGTATAGGTGGGAAGCGTTGAAGATATTCTTGCGGGAGTATTGGAGCTATCAGTGAGATACCACTCTTGTAATGTTAGATTTCTAACTTTGAACCATAATCTGGTCAAAGAACAGTTTCAGGTGGGCAGTTTGACTGGGGCGGTCGCCTCCTAAAAGGTAACGGAGGCGTGCAAAGGTTCCCTCAGGCTGGTTGGACATCAGTCGTAGAGTGTAAAGGCATAAGGGAGCTTGACTGCAAGACCAACAAGTCGAGCAGAGACGAAAGTCGGCCTTAGTGATCCGACGGTTCCG,Eukaryota,,,,,,,92.5,14,0,0,18
23S,ESV_193041,GCTTTACTGTAACTTGAAATTGGAATTGGACTTTGCTTGCGCAGTATAGGTGGGAAGCGTTGAAGATATTCTTGCGGGAGTATTGGAGCTATCAGTGAGATACCACTCTTGTAATGTTAGATTTCTAACTTTGAACCATAATCTGGTCAAAGAACAGTTTCAGGTGGGCAGTTTGACTGGGGCGGTCGCCTCCCAAATGGTAACGGAGGCGTACAAAGGTTTCCTCTGAACGGATAGAAATCGTATCTAGAGTATAAAGGCATAAGGAAGCTTGACTGTGAGACTTACAAGTCGAGCAGGGACGAAAGTCGGTCTTAGTGATCTGACGGTGCTG,Eukaryota,Bacillariophyta,Coscinodiscophyceae,Melosirales,Melosiraceae,Melosira,,99.1,2,0,0,18
23S,ESV_154043,GCTTTACTGTAACTTGAAATTGAAATTGGACTTTATCTGCGCAGTATAGGTGGGAGACGTTGAAAGTATTCTTGCGGGAATAACAGAGTCATCAGTGAGATACCACTCCTATAATGTTAGATTTCTAACTTTGTATCATTATCTGGTCAAAGAACAGTTTCAGGTGGGCAGTTTGACTGGGGCGGTCGCCTCCCAAATGGTAACGGAGGCGTACAAAGGTTTCCTCTGAACGGATAGAAATCGTATCTAGAGTGTAAAGGCATAAGGAAGCTTGACTGTGAGACCTACAAGTCGAGCAGGGACGAAAGTCGGTCTTAGTGATCTGACGGTACTG,Eukaryota,Bacillariophyta,,,,,,96.1,17,0,0,18
23S,ESV_074285,GCTTTACTGTAACTTGAGATTGAAATTGGACTTTCTATGCGCAGTATAGGTGGGAGGCTATGAAAATCTTTTTGCGGAAAGGTTTGAGCCATCAGTGAGATACCACTCTTAGAATGTTAGATTTCTAACTTTGCATCATTATCTGGTCAAAGAACAGTTTCAGGCGGGCAGTTTGACTGGGGCGGTCGCCTCCCAAACGGTAACGGAGGCGCACAAAGGTTTCCTCTGAACGGGTAGAAATCGTATCTAGAGTGTAAAGGCAAAAGGAAGCTTGACTGTGAGACCTACAAGTCGAGCAGGGACGAAAGTCGGTCTTAGTGATCTGACGGTGCTG,Eukaryota,Bacillariophyta,Bacillariophyceae,Naviculales,,,,95.2,16,17,0,0
23S,ESV_193062,GCTTTACTGTAACTTGAAATTGGAATTGGACTTTGCTTGCGCAGTATAGGTGGGAAGCGTTGAAGATACTCTTGCGGGAGTATTGGAGCTATCAGTGAGATACCACTCTTGTAATGTTAGATTTCTAACTTTGAACCATAATCTGGTCAAAGAACAGTTTCAGGCGGGCAGTTTGACTGGGGCGGTCGCCTCCCAAACGGTAACGGAGGCGCACAAAGGTTTCCTCTGAACGGGTAGAAATCGTATCTAGAGTGTAAAGGCAAAAGGAAGCTTGACTGTGAGACCTACAAGTCGAGCAGGGACGAAAGTCGGTCTTAGTGATCTGACGGTGCTG,Eukaryota,Bacillariophyta,Coscinodiscophyceae,Melosirales,Melosiraceae,Melosira,,98.2,2,17,0,0
23S,ESV_031385,GCTTTACTATAGCCTGGAATTGGGTTCGGGCTTCGCTTGCGCAGAATAGGTGGGAGACGTTGATTATAGCCTTGTGGGGTTATAGGAGTCATCGGTGAGATACCACTCTAGCGAGGCTAGAATTCTAACTTTGTCCCATTATCTGGGAGAAGAACAGTTTCAGGTGGGTAGTTTGACTGGGGCGGTCGCCTCCAAAAAGGTAACGGAGGCGCACAAAGGTTCCCTCAGGCTGGATGGAAATCAGCCAGAGAGTGTAAAGGCACAAGGGAGCTTGACTGCGAGAGAGACAACTCAAGCAGGTACGAAAGTAGGTCTTAGTGATCCGACGGTGCTG,Bacteria,Cyanobacteria,unk_class,Pleurocapsales,Hyellaceae,Pleurocapsa,Pleurocapsa sp. 04302-00001,94.9,1,0,17,0
23S,ESV_004875,GCTTTACTGTAACTTGAAATTGAAATTGGACTTTATATGCGCAGTATAGGTGGGAGGCTATGAAAATCTTTTTGCGGAAAGGTTTGAGCCATCAGTGAGATACCACTCTTATAATGTTAGATTTCTAACTTTGCATCATTATCTGGTCAAAGAACAGTTTCAGGCGGGCAGTTTGACTGGGGCGGTCGCCTCCCAAACGGTAACGGAGGCGCACAAAGGTTTCCTCTGAACGGGTAGAAATCGTATCTAGAGTGTAAAGGCATAAGGAAGCTTGACTGTGAGACCTACAAGTCGAGCAGGGACGAAAGTCGGTCTTAGTGATCTGACGGTGCTG,Eukaryota,Bacillariophyta,Bacillariophyceae,,,,,96.1,19,17,0,0
23S,ESV_032051,GCTTTACTGTAACTTGAAATTGAAATTGGACTTTATTTGCGCAGTATAGGTGGGAGGTGTTGAGAAGAATCTTGCGGGATTCTTGGAGCCATCAGTGAGATACCACTCTTGTAATGTTAGATTTCTAACTTTGTATCATTATCTGGTCAAAGAACAGTTTCAGGCGGGCAGTTTGACTGGGGCGGTCGCCTCCTAAATGGTAACGGAGGCGCACAAAGGTTTCCTCTGAACGGGTAGAAATCGTATCTAGAGTGTAAAGGCATAAGGAAGCTTGACTGTGAGACCTACAAGTCGAGCAGGGACGAAAGTCGGTCTTAGTGATCTGACGGTGCTG,Eukaryota,Bacillariophyta,,,,,,97.6,22,0,17,0
23S,ESV_193042,GCTTTACTGTATCTTGGAATTGGGTTTGGTCTTTGCTTGCGCAGGATAGGTGGGAGGCTTTGAAGATGGTCTTGCGGGATTGTTGGAGCCACTGGTGAGATACCACTCTAGTAATGATAAAATCCTAACTCTGAACCGTTATCCGGTCAGAGAACAGTTTCAGGTGGGCAGTTTGACTGGGGCGGTCGCCTCCCAAATGGTAACGGAGGCGTACAAAGGTTTCCTCTGAACGGATAGAAATCGTATCTAGAGTGTAAAGGCATAAGGAAGCTTGACTGTGAGACCTACAAGTCGAGCAGGGACGAAAGTCGGTCTTAGTGATCTGACGGTACTG,Eukaryota,,,,,,,92.2,3,0,0,17
23S,ESV_032920,GCTTTACTGTAACTTGAAATTGAAATTGGACTTTACTTGCGCAGTATAGGTGGGAGGCGTTGAGTTTATTCTTGCGGGAATTTAGGAGCCATCAGTGAGATACCACTCTGGTAATGTTAGATTTCTAACTTTGTATCATAATCTGGTCAAAGGACAGTTTCAGGCGGGCAGTTTGACTGGGGCGGTCGCCTCCTAAATGGTAACGGAGGCGTACAAAGGTTTCCTCTGAACGGATAGAAATCGTATCTAGAGTGTAAAGGCATAAGGAAGCTTGACTGTGAGACCTACAAGTCGAGCAGGGACGAAAGTCGGTCTTAGTGATCTGACGGTACTG,Eukaryota,Bacillariophyta,Bacillariophyceae,Bacillariales,Bacillariaceae,,,98.5,19,0,0,17
23S,ESV_075807,GCTTTACTGTAACTTGAAATTGAAATTGGACTTTACTTGCGCAGTATAGGTGGGAGGCGTTGACTTCATTCTTGCGGGAATTTAGGAGCCATCAGTGAGATACCACTCTGGTAATGTTAGATTTCTAACTTTGTATCATAATCTGGTCAAAGGACAGTTTCAGGCGGGCAGTTTGACTGGGGCGGTCGCCTCCTAAATGGTAACGGAGGCGTACAAAGGTTTCCTCTGAACGTGTAGAAATCGTATCTAGAGTATAAAGGCATAAGGAAGCTTGACTGTGAGACTTACAAGTCGAGCAGGGACGAAAGTCGGTCTTAGTGATCTGACGGTGCTG,Eukaryota,Bacillariophyta,Bacillariophyceae,Bacillariales,Bacillariaceae,Nitzschia,,99.4,8,16,0,0
23S,ESV_031521,GCTTTACTGTATCCTGGCATTGACTTCGGGCTTCGATTGCGCAGAATAGGTGGGAGACGTTGAGATAGTCCTTGTGGGGATTATGGAGTCACCGGTGAGATACCACTCTATCGAAGCTAGAATTCTAACGATTGTCCATTATCTGGAAATCGAACATTGTCAGGTGGGCAGTTTGACTGGGGCGGTCGCCTCCTAAAAAGTAACGGAGGCGCGCAAAGGTTCTCTTAGATTGGTTGGAAATCAATCGTTAAGTGTAAAGGCAAAAGAGAGCTTGACTGCGAGAGATACAACTCAAGCAGGGACGAAAGTCGGCCTTAGTGATCCGACGGTGCCG,Bacteria,Cyanobacteria,unk_class,Synechococcales,Chamaesiphonaceae,Chamaesiphon,,87.7,2,0,16,0
23S,ESV_193043,GCTTTACTGTAACTTGAAATTGAAATTGGACTTTACTTGCGCAGTATAGGTGGGAGGCGTTGAGTTTATTCTTGCGGGAATTTAGGAGCCATCAGTGAGATACCACTCTGGTAATGTTAGATTTCTAACTTTGTATCATAATCTGGTCAAAGGACAGTTTCAGGCGGGCAGTTTGACTGGGGCGGTCGCCTCCCAAATGGTAACGGAGGCGTACAAAGGTTTCCTCTGAACGGATAGAAATCGTATCTAGAGTGTAAAGGCATAAGGAAGCTTGACTGTGAGACCTACAAGTCGAGCAGGGACGAAAGTCGGTCTTAGTGATCTGACGGTACTG,Eukaryota,Bacillariophyta,Bacillariophyceae,Bacillariales,Bacillariaceae,,,98.5,20,0,0,16
23S,ESV_031229,GCTTTACTGTAACTTGAAATTGAAATTGGACTTTATTTGCGCAGTATAGGTGGGAGGCGTTGAAACTAATCTTGCGGGATTAGTGGAGCCATCAGTGAGATACCACTCCTATAATGTTAGATTTCTAACTTTGTATCATGATCTGGTCAAAGAACAGTTTCAGGCGGGCAGTTTGACTGGGGCGGTCGCCTCCCAAATGGTAACGGAGGCGTACAAAGGTTTCCTCTGAACGGGTAGAAATCGTATCTAGAGTATAAAGGCATAAGGAAGCTTGACTGTGAGACCTACAAGTCGAGCAGGGACGAAAGTCGGTCTTAGTGATCTGACGGTGCTG,Eukaryota,Bacillariophyta,Fragilariophyceae,Fragilariales,Staurosiraceae,Nanofrustulum,Nanofrustulum shiloi,99.1,1,16,0,0
23S,ESV_031982,GCTTTACTGTAACTTGAAATTGAAATTGGACTTTACTTGCGCAGTATAGGTGGGAGGCGTTGAGAATATTCTTGCGGGAATATTGGAGCCATCAGTGAGATACCACTCTGGTAATGTTAGATTTCTAACTTTGCATCATTATCTGGTCAAAGGACAGTTTCAGGCGGGCAGTTTGACTGGGGCGGTCGCCTCCTAAAGGGTAACGGAGGCGCACAAAGGTTTCCTCTGAACGGGTAGAAATCGTATCTAGAGTGTAAAGGCATAAGGAAGCTTGACTGTGAGACCTACAAGTCGAGCAGGGACGAAAGTCGGTCTTAGTGATCTGACGGTGCTG,Eukaryota,Bacillariophyta,Bacillariophyceae,,,,,99.4,2,0,16,0
23S,ESV_062024,GCTTTACTGTAACTTGAAATTGAAATTGGACTTTATTTGCGCAGTATAGGTGGGAGGCGTTGAAAGATTCTTGCGGGAATTCTGGAGCCATCAGTGAGATACCACTCCTATAATGTTAGATTTCTAACTTTTACCATTATCTGGTGAAAGGACAGTTTCAGGCGGGCAGTTTGACTGGGGCGGTCGCCTCCTAAACGGTAACGGAGGCGCACAAAGGTTTCCTCTGAACGGGTAGAAATCGTATCTAGAGTATAAAGGCATAAGGAAGCTTGACTGTGAGACCTACAAGTCGAGCAGGGACGAAAGTCGGTCTTAGTGATCTGACGGTGCTG,Eukaryota,Bacillariophyta,,,,,,99.4,3,15,0,0
23S,ESV_193063,GCTTTACTGTAACTTGAGATTGAAATTGGACTTTATATGCGCAGTATAGGTGGGAGGCTATGAAAATCTTTTTGCGGAAAGCTTTGAGCCATCAGTGAGATACCACTCTTATAATGTTAGATTTCTAACTTTGCATCATTATCTGGTCAAAGAACAGTTTCAGGCGGGCAGTTTGACTGGGGCGGTCGCCTCCCAAACGGTAACGGAGGCGCACAAAGGTTTCCTCTGAACGGGTAGAAATCGTATCTAGAGTGTAAAGGCATAAGGAAGCTTGACTGTGAGACTTACAAGTCGAGCAGGGACGAAAGTCGGTCTTAGTGATCTGACGGTGCTG,Eukaryota,Bacillariophyta,Bacillariophyceae,Naviculales,,,,95.8,15,15,0,0
23S,ESV_032104,GCTTTACTGTAACTTGAAATTGAAATTGGACTTTATCTGCGCAGTATAGGTGGGAGACGTTGAAAGTATTCTTGCGGGAATAACAGAGTCATCAGTGAGATACCACTCCTATAATGTTAGATTTCTAACTTTGTATCATTATCTGGTCAAAGAACAGTTTCAGGCGGGCAGTTTGACTGGGGCGGTCGCCTCCCAAACGGTAACGGAGGCGCACAAAGGTTTCCTCTGAACGGGTAGAAATCGTATCTAGAGTGTAAAGGCATAAGGAAGCTTGACTGTGAGACCTACAAGTCGAGCAGGGACGAAAGTCGGTCTTAGTGATCTGACGGTGCTG,Eukaryota,Bacillariophyta,Bacillariophyceae,Naviculales,,,,97,20,15,0,0
23S,ESV_193046,GCTTTACTGTAACTTGAAATTGGAATTGGACTTTGCTTGCGCAGTATAGGTGGGAAGCGTTGAAGATATTCTTGCGGGAGTATTGGAGCTATCAGTGAGATACCACTCTTGTAATGTTAGATTTCTAACTTTGAACCATAATCTGGTCAAAGAACAGTTTCAGGTGGGCAGTTTGACTGGGGCGGTCGCCTCCTAAAAGGTAACGGAGGCGTGCAAAGGTTCCCTCAGGCTGGTTGGACATCAGTCGTAGAGTGTAAAGGCATAAGGGAGCTTGACTGCGAGACCAACAAGTCGAGCAGAGACGAAAGTCGGCCTTAGTGATCCGGCGCTTCCG,Eukaryota,unk_phylum,Cryptophyceae,,,,,92.2,16,0,0,15
23S,ESV_193045,GCTTTACTGTAACTTGAAATTGAAATTGGACTTTACTTGCGCAGTATAGGTGGGAGGCGTTGAGTTTATTCTTGCGGGAATTTAGGAGCCATCAGTGAGATACCACTCTGGTAATGTTAGATTTCTAACTTTGAACCATAATCTGGTCAAAGAACAGTTTCAGGTGGGCAGTTTGACTGGGGCGGTCGCCTCCCAAATGGTAACGGAGGCGTACAAAGGTTTCCTCTGAACGGATAGAAATCGTATCTAGAGTGTAAAGGCATAAGGAAGCTTGACTGTGAGACCTACAAGTCGAGCAGGGACGAAAGTCGGTCTTAGTGATCTGACGGTACTG,Eukaryota,Bacillariophyta,Bacillariophyceae,Bacillariales,Bacillariaceae,,,97.9,19,0,0,15
23S,ESV_193044,GCTTTACTGTAACTTGAAATTGGAATTGGACTTTGCTTGCGCAGTATAGGTGGGAAGCGTTGAAGATATTCTTGCGGGAGTATTGGAGCTATCAGTGAGATACCACTCTTGTAATGTTAGATTTCTAACTTTGAACCATAATCTGGTCAAAGAACAGTTTCAGGTGGGCAGTTTGACTGGGGCGGTCGCCTCCTAAACGGTAACGGAGGCGCACAAAGGTTTCCTCTGAACGGGTAGAAATCGTATCTAGAGTGTAAAGGCAAAAGGAAGCTTGACTGTGAGACCTACAAGTCGAGCAGGGACGAAAGTCGGTCTTAGTGATCTGACGGTACTG,Eukaryota,Bacillariophyta,Coscinodiscophyceae,Melosirales,Melosiraceae,Melosira,,98.5,2,0,0,15
23S,ESV_031094,GCTTTACTGTAACTTGAGATTGAAATTGGACTTTATATGCGCAGTATAGGTGGGAGGCTATGAAAATCTTTTTGCGGAAAGGTTTGAGCCATCAGTGAGATACCACTCTTATAATGTTAGATTTCTAACTTTGCATCATTATCTGGTCAAAGAACAGTTTCAGGCGGGCAGTTTGACTGGGGCGGTCGCCTCCCAAACGGTAACGGAGGCGCACAAAGGTTTCCTCTGAACGGGTAGAAATCGTATCTAGAGTGTAAAGGCATAAGGAAGCTTGACTGTGAGACCTACAAGTCGAGCAGGGACGAAAGTCGGTCTTAGTGATCTGACGGTACTG,Eukaryota,Bacillariophyta,Bacillariophyceae,,,,,95.8,20,15,0,0
23S,ESV_001318,GCTTTACTGTAACTTGAAATTGAAATTGGACTTTACTTGCGCAGTATAGGTGGGAGGCGTTGAGTTTATTCTTGCGGGAATTTAGGAGCCATCAGTGAGATACCACTCTGGTAATGTTAGATTTCTAACTTTGTATCATAATCTGGTCAAAGGACAGTTTCAGGCGGGCAGTTTGACTGGGGCGGTCGCCTCCTAAATGGTAACGGAGGCGTACAAAGGTTTCCTCTGAACGTGTAGAAATCGTATCTAGAGTATAAAGGCATAAGGAAGCTTGACTGTGAGACCTACAAGTCGAGCAGGGACGAAAGTCGGTCTTAGTGATCTGACGGTACTG,Eukaryota,Bacillariophyta,Bacillariophyceae,Bacillariales,Bacillariaceae,,,99.4,9,0,0,15
23S,ESV_032413,GCTTTACTGTATCCTGGAATTGAGTTCGGGCTTGGCTTGCGCAGAATAGGTGGGAGACGTTGAGATATTCCTTGTGGGGAGTATGGAGTCATCGGTGAGATACCACTCTGGCGAAGCTAGAATTCTAACGGTTGCCCATTATCTGGGAACCGGACATTTTCAGGTGGGCAGTTTGACTGGGGCGGTCGCCTCCTAAAAGGTAACGGAGGCGCGCAAAGGTTCTCTTAGATTGGTTGGAAATCAATCGTTAAGTGTAAAGGCAAAAGAGAGCTTGACTGCGAGAGGGACAACTCAAGCAGGGACGAAAGTCGGCCTTAGTGATCCGACGGTGCCG,Bacteria,Cyanobacteria,unk_class,Synechococcales,Chamaesiphonaceae,Chamaesiphon,,89.8,2,14,0,0
23S,ESV_036664,GCTTTACTGTAACTTGAAATTGAAATTGGACTTTATTTGCGCAGTATAGGTGGGAGGCGTTGAAAGATTCTTGCGGGAATTCTGGAGCCATCAGTGAGATACCACTCCTATAATGTTAGATTTCTAACTTTTACCATTATCTGGTGAAAGGACAGTTTCAGGCGGGCAGTTTGACTGGGGCGGTCGCCTCCTAAACGGTAACGGAGGCGCACAAAGGTTTCCTCTGAACGTGTAGAAATCGTATCTAGAGTGTAAAGGCATAAGGAAGCTTGACTGTGAGACCTACAAGTCGAGCAGGGACGAAAGTCGGTCTTAGTGATCTGACGGTGCTG,Eukaryota,Bacillariophyta,,,,,,99.4,3,14,0,0
23S,ESV_032597,GCTTTACTGTAACTTGAGATTGAAATTGGACTTTATTTGCGCAGTATAGGTGGGAGGCGTTGAAAATATTCTTGCGGGAAGATTGGAGCCATCAGTGAGATACCACTCTTGTAATGTTAGATTTCTAACTTTGAATCATTATCTGGTCAAAGAACAGTTTCAGGCGGGCAGTTTGACTGGGGCGGTCGCCTCCTAAACGGTAACGGAGGCGCACAAAGGTTTCCTCTGAACGGGTAGAAATCGTATCTAGAGTGTAAAGGCATAAGGAAGCTTGACTGTGAGACCTACAAGTCGAGCAGGGACGAAAGTCGGTCTTAGTGATCTGACGGTGCTG,Eukaryota,Bacillariophyta,Bacillariophyceae,Naviculales,,,,98.8,14,14,0,0
23S,ESV_031084,GCTTTACTGTAACTTGAAATTGAAATTGGACTTTATTCGCGCAGTATAGGTGGGAGGCATTGAAAATAATCTTGCGGGACTATTGGAGCCATTAGTGAGATACCACTCTTGTAATGTTAGATTTCTAACTTTGAATCATAATCTGGTCAAAGAACAGTTTCAGGCGGGCAGTTTGACTGGGGCGGTCGCCTCCTAAATGGTAACGGAGGCGTACAAAGGTTTCCTCTGAACGTGTAGAAATCGTATCTAGAGTGTAAAGGCATAAGGAAGCTTGACTGTGAGACCTACAAGTCGAGCAGGGACGAAAGTCGGTCTTAGTGATCTGACGGTACTG,Eukaryota,Bacillariophyta,,,,,,97.9,12,0,14,0
23S,ESV_193047,GCTTTACTGTAACTTGAAATTGGAATTGGACTTTGCTTGCGCAGTATAGGTGGGAAGCGTTGAAGATATTCTTGCGGGAGTATTGGAGCTATCAGTGAGATACCACTCTTGTAATGTTAGATTTCTAACTTTGAACCATAATCTGGTCAAAGAACAGTTTCAGGTGGGCAGTTTGACTGGGGCGGTCGCCTCCTAAATGGTAACGGAGGCGCACAAAGGTTTCCTCTGAACGGGTAGAAATCGTATCTAGAGTGTAAAGGCATAAGGAAGCTTGACTGTGAGACCTACAAGTCGAGCAGGGACGAAAGTCGGTCTTAGTGATCTGACGGTGCTG,Eukaryota,Bacillariophyta,Coscinodiscophyceae,Melosirales,Melosiraceae,Melosira,,98.8,2,0,0,14
23S,ESV_156625,GCTTTACTGTAACTTGAAATTGGAATTGGACTTTGCTTGCGCAGTATAGGTGGGAAGCGTTGAAGATATTCTTGCGGGAGTATTGGAGCTATCAGTGAGATACCACTCTTGTAATGTTAGATTTCTAACTTTGAACCATAATCTGGTCAAAGAACAGTTTCAGGTGGGCAGTTTGACTGGGGCGGTCGCCTCCCAAATGGTAACGGAGGCGTACAAAGGTTTCCTCTGAACGTGTAGAAATCGTATCTAGAGTGTAAAGGCATAAGGAAGCTTGACTGTGAGACCTACAAGTCGAGCAGGGACGAAAGTCGGTCTTAGTGATCTGACGGTGCTG,Eukaryota,Bacillariophyta,Coscinodiscophyceae,Melosirales,Melosiraceae,Melosira,,99.1,2,0,0,14
23S,ESV_000626,GCTTTACTGTAACTTGAAATTGAAATTGGACTTTACTTGCGCAGTATAGGTGGGAGGCGTTGAGTTTATTCTTGCGGGAATTTAGGAGCCATCAGTGAGATACCACTCTGGTAATGTTAGATTTCTAACTTTGTATCATAATCTGGTCAAAGGACAGTTTCAGGCGGGCAGTTTGACTGGGGCGGTCGCCTCCTAAATGGTAACGGAGGCGTACAAAGGTTTCCTCTGAACGTGTAGAAATCGTATCTAGAGTATAAAGGCATAAGGAAGCTTGACTGTGAGACTTACAAGTCGAGCAGGGACGAAAGTCGGTCTTAGTGATCTGACGGTACTG,Eukaryota,Bacillariophyta,Bacillariophyceae,Bacillariales,Bacillariaceae,Nitzschia,,99.7,8,0,0,14
23S,ESV_031390,GCTTTACTGTAACTTGAAATTGGAATTGGACTTTGCTTGCGCAGTATAGGTGGGAAGCGTTGAAGATACTCTTGCGGGAGTATTGGAGCTATCAGTGAGATACCACTCTTGTAATGTTAGATTTCTAACTTTGAACCATAATCTGGTCAAAGAACAGTTTCAGGCGGGCAGTTTGACTGGGGCGGTCGCCTCCTAAATGGTAACGGAGGCGTACAAAGGTTTCCTCTGAACGGGTAGAAATCGTATCTAGAGTGTAAAGGCATAAGGAAGCTTGACTGTGAGACCTACAAGTCGAGCAGGGACGAAAGTCGGTCTTAGTGATCTGACGGTACTG,Eukaryota,Bacillariophyta,Coscinodiscophyceae,Melosirales,Melosiraceae,Melosira,,99.7,2,13,0,0
23S,ESV_101426,GCTTTACTGTAACTTGAAATTGAAATTGGACTTTATTTGCGCAGTATAGGTGGGAGGCGTTGAAAGATTCTTGCGGGAATTCTGGAGCCATCAGTGAGATACCACTCCTATAATGTTAGATTTCTAACTTTTACCATTATCTGGTGAAAGGACAGTTTCAGGCGGGCAGTTTGACTGGGGCGGTCGCCTCCCAAATGGTAACGGAGGCGTACAAAGGTTTCCTCTGAACGTGTAGAAATCGTATCTAGAGTGTAAAGGCATAAGGAAGCTTGACTGTGAGACCTACAAGTCGAGCAGGGACGAAAGTCGGTCTTAGTGATCTGACGGTGCTG,Eukaryota,Bacillariophyta,,,,,,98.5,3,13,0,0
23S,ESV_031530,GCTTTACTGTAACTTGAAATTGAAATTGGACTTTACTTGCGCAGTATAGGTGGGAGGCGTTGAGTTGATTCTTGCGGGAATCAAGGAGCCATCAGTGAGATACCACTCTGGTAATGTTAGATTTCTAACTTTGTATCATAATCTGGTCAAAGGACAGTTTCAGGCGGGCAGTTTGACTGGGGCGGTCGCCTCCTAAATGGTAACGGAGGCGTACAAAGGTTTCCTCTGAACGTGTAGAAATCGTATCTAGAGTATAAAGGCATAAGGAAGCTTGACTGTGAGACTTACAAGTCGAGCAGGGACGAAAGTCGGTCTTAGTGATCTGACGGTGCTG,Eukaryota,Bacillariophyta,Bacillariophyceae,Bacillariales,Bacillariaceae,Nitzschia,,99.1,8,13,0,0
23S,ESV_111732,GCTTTACTGTAACTTGAAATTGGAATTGGACTTTACTTGCGCAGGATAGGTGGGAAGCGTTGAAAATATTCTTGCGGGAATATTGGAGCTATCAGTGAGATACCACTCTTGTAATGTTAGATTTCTAACTTTTAACCATTATCTGGTGAAAGAACAGTTTCAGGTGGGCAGTTTGACTGGGGCGGTCGCCTCCTAAACGGTAACGGAGGCGCACAAAGGTTTCCTCTGAACGGGTAGAAATCGTATCTAGAGTGTAAAGGCAAAAGGAAGCTTGACTGTGAGACCTACAAGTCGAGCAGGGACGAAAGTCGGTCTTAGTGATCTGACGGTGCTG,Eukaryota,Bacillariophyta,,,,,,96.4,21,13,0,0
23S,ESV_072196,GCTTTACTGTATCCTGGAATTGAGTTCGGGCTTGGCTTGCGCAGAATAGGTGGGAGACGTTGAGATACTTCTTGTGGGAAGTATGGAGTCATCGGTGAGATACCACTCTGGCGAAGCTAGAATTCTAACGTTTGCCCATTATCTGGGAAGCGGACATTTTCAGGTGGGCAGTTTGACTGGGGCGGTCGCCTCCTAAAAGGTAACGGAGGCGCGCAAAGGTTCTCTTAGATTGGTTGGAAATCAATCGTTAAGTGTAAAGGCAAAAGAGAGCTTGACTGCGAGAGGGACAACTCAAGCAGGGACGAAAGTCGGCCTTAGTGATCCGACGGTGCCG,Bacteria,Cyanobacteria,,,,,,88.6,5,13,0,0
23S,ESV_193048,GCTTTACTGTAACTTGAAATTGAAATTGGACTTTACTTGCGCAGTATAGGTGGGAGGCGTTGAGTTTATTCTTGCGGGAATTTAGGAGCCATCAGTGAGATACCACTCTGGTAATGTTAGATTTCTAACTTTGTATCATAATCTGGTCAAAGGACAGTTTCAGGTGGGCAGTTTGACTGGGGCGGTCGCCTCCCAAATGGTAACGGAGGCGTACAAAGGTTTCCTCTGAACGGATAGAAATCGTATCTAGAGTGTAAAGGCATAAGGAAGCTTGACTGTGAGACCTACAAGTCGAGCAGGGACGAAAGTCGGTCTTAGTGATCTGACGGTACTG,Eukaryota,Bacillariophyta,Bacillariophyceae,Bacillariales,Bacillariaceae,,,98.2,20,0,0,13
23S,ESV_034415,GCTTTACTGTAACTTGAAATTGGAATTGGACTTTACTTGCGCAGGATAGGTGGGAAGCGTTGAAAATATTCTTGCGGGAATATTGGAGCTATCAGTGAGATACCACTCTTGTAATGTTAGATTTCTAACTTTTAACCATTATCTGGTGAAAGAACAGTTTCAGGTGGGCAGTTTGACTGGGGCGGTCGCCTCCTAAACGGTAACGGAGGCGTACAAAGGTTTCCTCTGAACGGGTAGAAATCGTATCTAGAGTGTAAAGGCAAAAGGAAGCTTGACTGTGAGACCTACAAGTCGAGCAGGGACGAAAGTCGGTCTTAGTGATCTGACGGTGCTG,Eukaryota,Bacillariophyta,,,,,,96.7,13,12,0,0
23S,ESV_070124,GCTTTACTATAGCTTGGTATTGGGTTCGGGCTTTGACTGCGCAGGATAGGTGGGAGACTATGAAGTAGACCTTGTGGGGTTTATTGAGTCACTGGTGAGATACCACTCTGTCAAGGCTAGAATTCTAACTTTGAGCCGTTAACCGGCGAAAGGACAGTATCAGGTGGGTAGTTTGACTGGGGCGGTCGCCTCCTAAAAGGTAACGGAGGCGCGCAAAGGTTCCCTCAGGCTGGTTGGAAATCAGCCGACGAGTGTAAAGGCATAAGGGAGCTTGACTGCGAGACCAACAAGTCGAGCAGGGTGGAAACACGGCCTTAGTGATCCGACGGTTCTG,Bacteria,Cyanobacteria,,,,,,92.2,9,12,0,0
23S,ESV_193050,GCTTTACTGTAACTTGAAATTGGAATTGGACTTTGCTTGCGCAGTATAGGTGGGAAGCGTTGAAGATATTCTTGCGGGAGTATTGGAGCTATCAGTGAGATACCACTCTTGTAATGTTAGATTTCTAACTTTGAACCATAATCTGGTCAAAGAACAGTTTCAGGCGGGCAGTTTGACTGGGGCGGTCGCCTCCTAAATGGTAACGGAGGCGCACAAAGGTTTCCTCTGAACGGGTAGAAATCGTATCTAGAGTGTAAAGGCATAAGGAAGCTTGACTGTGAGACCTACAAGTCGAGCAGGGACGAAAGTCGGTCTTAGTGATCTGACGGTGCTG,Eukaryota,Bacillariophyta,Coscinodiscophyceae,Melosirales,Melosiraceae,Melosira,,98.8,2,0,0,12
23S,ESV_031859,GCTTTACTGTATCCTGGCATTGACTTCGGGCTTCGATTGCGCAGAATAGGTGGGAGACGTTGAGATAGTTCTTGTGGGAATTATGGAGTCACCGGTGAGATACCACTCTATCGAAGCTAGAATTCTAACGATTGTCCATTATCTGGAAATCGAACATTGTCAGGTGGGCAGTTTGACTGGGGCGGTCGCCTCCTAAAAAGTAACGGAGGCGCGCAAAGGTTCTCTTAGATTGGTTGGAAATCAATCGTTAAGTGTAAAGGCAAAAGAGAGCTTGACTGCGAGAGATACAACTCAAGCAGGGACGAAAGTCGGCCTTAGTGATCCGACGGTGCCG,Bacteria,Cyanobacteria,unk_class,Synechococcales,,,,87.1,3,0,12,0
23S,ESV_193049,GCTTTACTGTAACTTGAAATTGAAATTGGACTTTATCTGCGCAGTATAGGTGGGAGACGTTGAAAGTATTCTTGCGGGAATAACAGAGTCATCAGTGAGATACCACTCCTATAATGTTAGATTTCTAACTTTGAACCATAATCTGGTCAAAGAACAGTTTCAGGTGGGCAGTTTGACTGGGGCGGTCGCCTCCCAAATGGTAACGGAGGCGTACAAAGGTTTCCTCTGAACGGATAGAAATCGTATCTAGAGTGTAAAGGCATAAGGAAGCTTGACTGTGAGACCTACAAGTCGAGCAGGGACGAAAGTCGGTCTTAGTGATCTGACGGTACTG,Eukaryota,Bacillariophyta,,,,,,95.8,13,0,0,12
23S,ESV_000641,GCTTTACTGTAACTTGAAATTGAAATTGGACTTTACTTGCGCAGTATAGGTGGGAGGCGTTGAATTTATTCTTGCGGGAATTTAGGAGCCATTAGTGAGATACCACTCTGGTAATGTTAGATTTCTAACTTTGTATCATAATCTGGTCAAAGGACAGTTTCAGGCGGGCAGTTTGACTGGGGCGGTCGCCTCCTAAATGGTAACGGAGGCGTACAAAGGTTTCCTCTGAACGTGTAGAAATCGTATCTAGAGTATAAAGGCATAAGGAAGCTTGACTGTGAGACTTACAAGTCGAGCAGGGACGAAAGTCGGTCTTAGTGATCTGACGGTGCTG,Eukaryota,Bacillariophyta,Bacillariophyceae,,,,,99.7,2,12,0,0
23S,ESV_075832,GCTTTACTATAGCTTGGCATTGGCTTCGGGCTTCGATTGCGCAGAATAGGTGGGAGACGATGAGATAGTTCTTGTGGGAATTATGGAGTCAAAAGTGAGATACCACTCTGTCGAAGCTAGAAATCTAACAGTAATCCGTAAACCGGAGACTGGACAGTGTCAGGTGGGTAGTTTGACTGGGGCGGTCGCCTCCTAAAGTGTAACGGAGGCGCGCAAAGGTTCTCTTAGATTGGTTGGAAATCAATCGTTAAGTGTAAAGGCAAAAGAGAGCTTGACTGTGAGAGGGACAACTCGAACAGGGACGAAAGTCGGCCTTAGTGATCCGACGGTGCCG,Bacteria,Cyanobacteria,unk_class,Synechococcales,Chamaesiphonaceae,Chamaesiphon,,87.4,2,0,12,0
23S,ESV_193051,GCTTTACTGTAACTTGAAATTGGAATTGGACTTTGCTTGCGCAGTATAGGTGGGAAGCGTTGAAGATATTCTTGCGGGAGTATTGGAGCTATCAGTGAGATACCACTCTTGTAATGTTAGATTTCTAACTTTGAACCATAATCTGGTCAAAGGACAGTTTCAGGCGGGCAGTTTGACTGGGGCGGTCGCCTCCTAAATGGTAACGGAGGCGTACAAAGGTTTCCTCTGAACGTGTAGAAATCGTATCTAGAGTATAAAGGCATAAGGAAGCTTGACTGTGAGACTTACAAGTCGAGCAGGGACGAAAGTCGGTCTTAGTGATCTGACGGTGCTG,Eukaryota,Bacillariophyta,Coscinodiscophyceae,Melosirales,Melosiraceae,Melosira,,97.9,2,0,0,12
23S,ESV_077281,GCTTTACTGTAACTTGAAATTGAAATTGGACTTTATTTGCGCAGTATAGGTGGGAGGCGTTGAAAGATTCTTGCGGGAATTCTGGAGCCATCAGTGAGATACCACTCCTATAATGTTAGATTTCTAACTTTTACCATTATCTGGTGAAAGGACAGTTTCAGGCGGGCAGTTTGACTGGGGCGGTCGCCTCCTAAAGGGTAACGGAGGCGCACAAAGGTTTCCTCTGAACGGGTAGAAATCGTATCTAGAGTGTAAAGGCATAAGGAAGCTTGACTGTGAGACCTACAAGTCGAGCAGGGACGAAAGTCGGTCTTAGTGATCTGACGGTGCTG,Eukaryota,Bacillariophyta,,,,,,99.4,3,11,0,0
23S,ESV_031811,GCTTTACTGTAGCCTGGCATTGACTTCGGGCTGTGATTGCGCAGAATAGGTGGGAGACGAAGAAGTAAGTCTTGTGGGATTTATGGAGTCAACAGTGAGATACCACTCTATCGCAGCTAGAAGTCTAACATCGGTCCATAAACTGGAGGATGAACAGTGTCAGGTGGGCAGTTTGACTGGGGCGGTCGCCTCCTAAAAAGTAACGGAGGCGCGCAAAGGTTCTCTTAGACTGGATGGAAATCAGTCGATAAGTGTAAAGGCAAAAGAGAGCTTGACTGTGAGAGGGACAACTCGAACAGGGACGAAAGTCGGCCTTAGTGATCCGACGGTGCCG,Bacteria,Cyanobacteria,,,,,,85,14,11,0,0
23S,ESV_193064,GCTTTACTGTAACTTGAAATTGGAATTGGACTTTGCTTGCGCAGTATAGGTGGGAAGCGTTGAAGATACTCTTGCGGGAGTATTGGAGCTATCAGTGAGATACCACTCTTGTAATGTTAGATTTCTAACTTTGAACCATAATCTGGTCAAAGAACAGTTTCAGGCGGGCAGTTTGACTGGGGCGGTCGCCTCCTAAATGGTAACGGAGGCGTACAAAGGTTTCCTCTGAACGTGTAGAAATCGTATCTAGAGTATAAAGGCATAAGGAAGCTTGACTGTGAGACCTACAAGTCGAGCAGGGACGAAAGTCGGTCTTAGTGATCTGACGGTGCTG,Eukaryota,Bacillariophyta,Coscinodiscophyceae,Melosirales,Melosiraceae,Melosira,,98.8,2,11,0,0
23S,ESV_070093,GCTTTACTGTAACTTGAAATTGAAATTGGACTTTATTTGCGCAGTATAGGTGGGAGGCGTTGAAAGATTCTTGCGGGAATTCTGGAGCCATCAGTGAGATACCACTCCTATAATGTTAGATTTCTAACTTTTACCATTATCTGGTGAAAGGACAGTTTCAGGCGGGCAGTTTGACTGGGGCGGTCGCCTCCTAAACGGTAACGGAGGCGTACAAAGGTTTCCTCTGAACGGGTAGAAATCGTATCTAGAGTGTAAAGGCATAAGGAAGCTTGACTGTGAGACCTACAAGTCGAGCAGGGACGAAAGTCGGTCTTAGTGATCTGACGGTGCTG,Eukaryota,Bacillariophyta,,,,,,99.4,3,11,0,0
23S,ESV_193053,GCTTTACTGTAACTTGAAATTGAAATTGGACTTTATTTGCGCAGTATAGGTGGGAAGCGTTGAAGATATTCTTGCGGGAGTATTGGAGCTATCAGTGAGATACCACTCTTGTAATGTTAGATTTCTAACTTTGAACCATAATCTGGTCAAAGAACAGTTTCAGGTGGGCAGTTTGACTGGGGCGGTCGCCTCCCAAATGGTAACGGAGGCGTACAAAGGTTTCCTCTGAACGGATAGAAATCGTATCTAGAGTGTAAAGGCATAAGGAAGCTTGACTGTGAGACCTACAAGTCGAGCAGGGACGAAAGTCGGTCTTAGTGATCTGACGGTACTG,Eukaryota,Bacillariophyta,Coscinodiscophyceae,Melosirales,Melosiraceae,Melosira,,99.1,2,0,0,11
23S,ESV_100348,GCTTGACTGTAATTTGGAATTGGGTTCGGGCTTTTTTTGCGCAGTCTAGGTGGGAGGCATTGATATTAAATTTTCGGATTTAATAGAGCCAAAATTGAGAGACCACCCTAAAAAAGCTAGAATTCTAATAGGAATCCTTAAATCAGGATCCTTGACAGTTTCAGGTGGACAGTTTGACTGGGGCGGTGTTCTCCTAAAAGGTAACGGAGAAGTGCAAAGGTTTTCTCAGGCTGGATGGAAATCAGCTGTAGAGTGTAAAGGTAGAAGAGAGCTTGACTGCAAGACCAACAAGTCGAGCAGGGGCGAAAGCCGGCCTTAGTGATCCGACGGTTCCG,Eukaryota,Chlorophyta,Ulvophyceae,Ulvales,,,,92.6,23,0,11,0
23S,ESV_154636,GCTTTACTGTAACTTGAAATTGGAATTGGACTTTGCTTGCGCAGTATAGGTGGGAAGCGTTGAAGATACTCTTGCGGGAGTATTGGAGCTATCAGTGAGATACCACTCTTGTAATGTTAGATTTCTAACTTTGAACCATAATCTGGTCAAAGAACAGTTTCAGGTGGGCAGTTTGACTGGGGCGGTCGCCTCCCAAATGGTAACGGAGGCGTACAAAGGTTTCCTCTGAACGGATAGAAATCGTATCTAGAGTGTAAAGGCATAAGGAAGCTTGACTGTGAGACCTACAAGTCGAGCAGGGACGAAAGTCGGTCTTAGTGATCTGACGGTGCTG,Eukaryota,Bacillariophyta,Coscinodiscophyceae,Melosirales,Melosiraceae,Melosira,,99.4,2,0,0,11
23S,ESV_193052,GCTTTACTGTAACTTGAAATTGGAATTGGACTTTGCTTGCGCAGTATAGGTGGGAAGCGTTGAAGATATTCTTGCGGGAGTATTGGAGCTATCAGTGAGATACCACTCTTGTAATGTTAGATTTCTAACTTTGTATCATTATCTGGTCAAAGAACAGTTTCAGGCGGGCAGTTTGACTGGGGCGGTCGCCTCCTAAATGGTAACGGAGGCGCACAAAGGTTTCCTCTGAACGGGTAGAAATCGTATCTAGAGTGTAAAGGCATAAGGAAGCTTGACTGTGAGACCTACAAGTCGAGCAGGGACGAAAGTCGGTCTTAGTGATCTGACGGTACTG,Eukaryota,Bacillariophyta,Coscinodiscophyceae,Melosirales,Melosiraceae,Melosira,,98.2,2,0,0,11
23S,ESV_130023,GCTTTACTGTAACTTGAAATTGAAATTGGACTTTATATGCGCAGTATAGGTGGGAGGCTATGAAAATCTTTTTGCGGAAAGATTTGAGCCATCAGTGAGATACCACTCTTATAATGTTAGATTTCTAACTTTGCATCATTATCTGGTCAAAGAACAGTTTCAGGCGGGCAGTTTGACTGGGGCGGTCGCCTCCCAAACGGTAACGGAGGCGCACAAAGGTTTCCTCTGAACGGGTAGAAATCGTATCTAGAGTGTAAAGGCATAAGGAAGCTTGACTGTGAGACCTACAAGTCGAGCAGGGACGAAAGTCGGTCTTAGTGATCTGACGGTGCTG,Eukaryota,Bacillariophyta,Bacillariophyceae,,,,,96.4,19,10,0,0
23S,ESV_036749,GCTTTACTGTAACTTGAAATTGAAATTGGACTTTATTTGCGCAGTATAGGTGGGAGGCGTTGAAAGATTCTTGCGGGAATTCTGGAGCCATCAGTGAGATACCACTCCTATAATGTTAGATTTCTAACTTTTACCATTATCTGGTGAAAGGACAGTTTCAGGCGGGCAGTTTGACTGGGGCGGTCGCCTCCTAAATGGTAACGGAGGCGTACAAAGGTTTCCTCTGAACGTGTAGAAATCGTATCTAGAGTGTAAAGGCATAAGGAAGCTTGACTGTGAGACCTACAAGTCGAGCAGGGACGAAAGTCGGTCTTAGTGATCTGACGGTGCTG,Eukaryota,Bacillariophyta,,,,,,98.8,3,10,0,0
23S,ESV_193065,GCTTTACTGTAACTTGAGATTGAAATTGGACTTTATATGCGCAGTATAGGTGGGAGGCGTTGAAAGATTCTTGCGGGAATTCTGGAGCCATCAGTGAGATACCACTCCTATAATGTTAGATTTCTAACTTTTACCATTATCTGGTGAAAGGACAGTTTCAGGCGGGCAGTTTGACTGGGGCGGTCGCCTCCTAAACGGTAACGGAGGCGCACAAAGGTTTCCTCTGAACGGGTAGAAATCGTATCTAGAGTGTAAAGGCAAAAGGAAGCTTGACTGTGAGACCTACAAGTCGAGCAGGGACGAAAGTCGGTCTTAGTGATCTGACGGTGCTG,Eukaryota,Bacillariophyta,,,,,,99.4,3,10,0,0
23S,ESV_190112,GCTTTACTGTAACTTGAAATTGAAATTGGACTTTATTTGCGCAGTATAGGTGGGAGGCGTTGAAAGATTCTTGCGGGAATTCTGGAGCCATCAGTGAGATACCACTCCTATAATGTTAGATTTCTAACTTTTACCATTATCTGGTGAAAGGACAGTTTCAGGCGGGCAGTTTGACTGGGGCGGTCGCCTCCTAAATGGTAACGGAGGCGTACAAAGGTTTCCTCTGAACGTGTAGAAATCGTATCTAGAGTATAAAGGCATAAGGAAGCTTGACTGTGAGACCTACAAGTCGAGCAGGGACGAAAGTCGGTCTTAGTGATCTGACGGTGCTG,Eukaryota,Bacillariophyta,,,,,,98.5,3,10,0,0
23S,ESV_107839,GCTTTACTGTAACTTGAAATTGAAGTTGGACTTTACTTGCGCAGTATAGGTGGGAGGCGTTGAGAATATTCTTGCGGGAATATTGGAGCCATCAGTGAGATACCACTCTGGTAATGTTAGATTTCTAACTTTGCATCATTATCTGGTCAAAGAACAGTTTCAGGCGGGCAGTTTGACTGGGGCGGTCGCCTCCTAAAGGGTAACGGAGGCGCACAAAGGTTTCCTCTGAACGGGTAGAAATCGTATCTAGAGTGTAAAGGCAAAAGGAAGCTTGACTGTGAGACCTACAAGTCGAGCAGGGACGAAAGTCGGTCTTAGTGATCTGACGGTGCTG,Eukaryota,Bacillariophyta,Bacillariophyceae,,,,,99.7,1,10,0,0
23S,ESV_104223,GCTTTACTGTAACTTGAGATTGAAATTGGACTTTATATGCGCAGTATAGGTGGGAGGCTATGAAAATCTTTTTGCGGAAAGGTTTGAGCCATCAGTGAGATACCACTCTTAGAATGTTAGATTTCTAACTTTGCATCATTATCTGGTCAAAGAACAGTTTCAGGCGGGCAGTTTGACTGGGGCGGTCGCCTCCCAAACGGTAACGGAGGCGCACAAAGGTTTCCTCTGAACGGGTAGAAATCGTATCTAGAGTGTAAAGGCATAAGGAAGCTTGACTGTGAGACCTACAAGTCGAGCAGGGACGAAAGTCGGTCTTAGTGATCTGACGGTGCTG,Eukaryota,Bacillariophyta,Bacillariophyceae,Naviculales,,,,95.8,16,10,0,0
23S,ESV_129072,GCTTTACTGTAACTTGAAATTGAAATTGGACTTTATTTGCGCAGTATAGGTGGGAGGCGTTGAAAGATTCTTGCGGGAATTCTGGAGCCATCAGTGAGATACCACTCCTATAATGTTAGATTTCTAACTTTTACCATTATCTGGTGAAAGGACAGTTTCAGGCGGGCAGTTTGACTGGGGCGGTCGCCTCCTAAATGGTAACGGAGGCGTACAAAGGTTTCCTCTGAACGTGTAGAAATCGTATCTAGAGTGTAAAGGCATAAGGAAGCTTGACTGTGAGACCTACAAGTCGAGCAGGGACGAAAGTCGGTCTTAGTGATCTGACGGTACTG,Eukaryota,Bacillariophyta,,,,,,98.5,3,10,0,0
23S,ESV_102585,GCTTTACTGTAACTTGAGATTGAAATTGGACTTTCTATGCGCAGTATAGGTGGGAGGCTATGAAAATCTTTTTGCGGAAAGGTTTGAGCCATCAGTGAGATACCACTCTTAGAATGTTAGATTTCTAACTTTGCATCATTATCTGGTCAAAGAACAGTTTCAGGCGGGCAGTTTGACTGGGGCGGTCGCCTCCTAAACGGTAACGGAGGCGCACAAAGGTTTCCTCTGAACGGGTAGAAATCGTATCTAGAGTGTAAAGGCAAAAGGAAGCTTGACTGTGAGACCTACAAGTCGAGCAGGGACGAAAGTCGGTCTTAGTGATCTGACGGTGCTG,Eukaryota,Bacillariophyta,Bacillariophyceae,,,,,94.9,22,10,0,0
23S,ESV_138396,GCTTTACTGTAACTTGAAATTGAAATTGGACTTTATTTGCGCAGTATAGGTGGGAGGCGTTGATTTTATTCTTGCGGGAATTTAGGAGCCATAAGTGAGATACCACTCTGGTAATGTTAGATTTCTAACTTTGTATCATTATCTGGTCAAAGAACAGTTTCAGGCGGGCAGTTTGACTGGGGCGGTCGCCTCCCAAACGGTAACGGAGGCGCACAAAGGTTTCCTCTGAACGGGTAGAAATCGTATCTAGAGTGTAAAGGCATAAGGAAGCTTGACTGTGAGACCTACAAGTCGAGCAGGGACGAAAGTCGGTCTTAGTGATCTGACGGTGCTG,Eukaryota,Bacillariophyta,Bacillariophyceae,Bacillariales,Bacillariaceae,,,98.2,19,10,0,0
23S,ESV_035457,GCTTTACTGTAACTTGAAATTGGAATTGGACTTTGCTTGCGCAGTATAGGTGGGAAGCGTTGAAGATACTCTTGCGGGAGTATTGGAGCTATCAGTGAGATACCACTCTTGTAATGTTAGATTTCTAACTTTGAACCATAATCTGGTCAAAGAACAGTTTCAGGCGGGCAGTTTGACTGGGGCGGTCGCCTCCCAAACGGTAACGGAGGCGCACAAAGGTTTCCTCTGAACGGGTAGAAATCGTATCTAGAGTGTAAAGGCATAAGGAAGCTTGACTGTGAGACCTACAAGTCGAGCAGGGACGAAAGTCGGTCTTAGTGATCTGACGGTACTG,Eukaryota,Bacillariophyta,Coscinodiscophyceae,Melosirales,Melosiraceae,Melosira,,98.8,2,10,0,0
23S,ESV_193054,GCTTTACTGTAACTTGAAATTGGAATTGGACTTTGCTTGCGCAGTATAGGTGGGAAGCGTTGAAGATATTCTTGCGGGAGTATTGGAGCTATCAGTGAGATACCACTCTTGTAATGTTAGATTTCTAACTTTGAACCATAATCTGGTCAAAGAACAGTTTCAGGTGGGCAGTTTGACTGGGGCGGTCGCCTCCTAAACGGTAACGGAGGCGCACAAAGGTTTCCTCTGAACGGGTAGAAATCGTATCTAGAGTGTAAAGGCATAAGGAAGCTTGACTGTGAGACCTACAAGTCGAGCAGGGACGAAAGTCGGTCTTAGTGATCTGACGGTACTG,Eukaryota,Bacillariophyta,Coscinodiscophyceae,Melosirales,Melosiraceae,Melosira,,98.8,2,0,0,10
23S,ESV_072861,GCTTTACTGTAACTTGAAATTGAAATTGGACTTTATTTGCGCAGTATAGGTGGGAGGCGTTGAAAGATTCTTGCGGGAATTCCGGAGCCATCAGTGAGATACCACTCCTATAATGTTAGATTTCTAACTTTGTATCATTATCTGGTCAAAGAACAGTTTCAGGCGGGCAGTTTGACTGGGGCGGTCGCCTCCTAAATGGTAACGGAGGCGCACAAAGGTTTCCTCTGAACGGGTAGAAATCGTATCTAGAGTGTAAAGGCATAAGGAAGCTTGACTGTGAGACCTACAAGTCGAGCAGGGACGAAAGTCGGTCTTAGTGATCTGACGGTGCTG,Eukaryota,Bacillariophyta,,,,,,98.2,6,0,10,0
23S,ESV_036329,GCTTTACTGTAACTTGAAATTGAAATTGGACTTTATTTGCGCAGTATAGGTGGGAGGCGTTGAAAGATTCTTGCGGGAATTCCGGAGCCATCAGTGAGATACCACTCCTATAATGTTAGATTTCTAACTTTTACCATTATCTGGTAAAAGGACAGTTTCAGGCGGGCAGTTTGACTGGGGCGGTCGCCTCCTAAATGGTAACGGAGGCGCACAAAGGTTTCCTCTGAACGGGTAGAAATCGTATCTAGAGTGTAAAGGCATAAGGAAGCTTGACTGTGAGACCTACAAGTCGAGCAGGGACGAAAGTCGGTCTTAGTGATCTGACGGTGCTG,Eukaryota,Bacillariophyta,,,,,,99.1,3,0,10,0
23S,ESV_032550,GCTTGACTGTAATTTGGGATTGAATTCGGGCTTCTTTTGCGCAGTATAGGTGGGAGGCGTCGAGGGTCGGTTTTCGGACCGATCGGAGCCAACAGTGAGATACCACTCTGAAGAAGCTAGGATTCTAATAGGAGACCTTGAATCAGGATCCTTGACAGTTTCAGATGGACAGTTTGTTTGGGGCGAATTTCTCCCAAAAGGTAACGGAGAAGTGCAAAGGTCCCTTCAAGTTGGACGGAAATCAACTGGAGAGTGCAAAGGTAGAAGGGGGCTTGACTGCAAGACCAACAAGTCAAGCAGGAGCGAAAGCTGGCCTTAGTGATCCGACGGTACCG,Eukaryota,Chlorophyta,Ulvophyceae,Ulvales,Kornmanniaceae,Lithotrichon,Lithotrichon pulchrum,97,1,0,0,10
23S,ESV_031548,GCTTTACTGTAACTTGAGATTGAAATTGGACTTTATCTGCGCAGTATAGGTGGGAGACGTTGAAAATATTCTTGCGGGAATATTGGAGTCATCAGTGAGATACCACTCTTATAATGTTAGATTTCTAACTTTGTATCATTATCTGGTCAAAGAACAGTTTCAGGCGGGCAGTTTGACTGGGGCGGTCGCCTCCTAAACGGTAACGGAGGCGCACAAAGGTTTCCTCTGAACGTGTAGAAATCGTATCTAGAGTGTAAAGGCATAAGGAAGCTTGACTGTGAGACCTACAAGTCGAGCAGGGACGAAAGTCGGTCTTAGTGATCTGACGGTGCTG,Eukaryota,Bacillariophyta,Bacillariophyceae,Naviculales,,,,98.8,9,0,0,10
23S,ESV_094684,GCTTTACTGTAACTTGAAATTGAAATTGGACTTTATTTGCGCAGTATAGGTGGGAGGCGTTGATTTTATTCTTGCGGGAATTTAGGAGCCATAAGTGAGATACCACTCTGGTAATGTTAGATTTCTAACTTTGTATCATTATCTGGTCAAAGAACAGTTTCAGGCGGGCAGTTTGACTGGGGCGGTCGCCTCCTAAACGGTAACGGAGGCGCACAAAGGTTTCCTCTGAACGGGTAGAAATCGTATCTAGAGTGTAAAGGCAAAAGGAAGCTTGACTGTGAGACCTACAAGTCGAGCAGGGACGAAAGTCGGTCTTAGTGATCTGACGGTGCTG,Eukaryota,Bacillariophyta,Bacillariophyceae,,,,,97.9,28,9,0,0
23S,ESV_193066,GCTTTACTGTAACTTGAGATTGAAATTGGACTTTATATGCGCAGTATAGGTGGGAGGCTATGAAAATCTTTTTGCGGAAAGCTTTGAGCCATCAGTGAGATACCACTCTTATAATGTTAGATTTCTAACTTTGCATCATTATCTGGTCAAAGAACAGTTTCAGGCGGGCAGTTTGACTGGGGCGGTCGCCTCCTAAACGGTAACGGAGGCGCACAAAGGTTTCCTCTGAACGGGTAGAAATCGTATCTAGAGTGTAAAGGCATAAGGAAGCTTGACTGTGAGACCTACAAGTCGAGCAGGGACGAAAGTCGGTCTTAGTGATCTGACGGTGCTG,Eukaryota,Bacillariophyta,Bacillariophyceae,,,,,95.8,22,9,0,0
23S,ESV_193068,GCTTTACTGTAACTTGAGATTGAAATTGGACTTTATATGCGCAGTATAGGTGGGAGGCTATGAAAATCTTTTTGCGGAAAGATTTGAGCCATCAGTGAGATACCACTCTTATAATGTTAGATTTCTAACTTTGCATCATTATCTGGTCAAAGAACAGTTTCAGGCGGGCAGTTTGACTGGGGCGGTCGCCTCCCAAACGGTAACGGAGGCGCACAAAGGTTTCCTCTGAACGGGTAGAAATCGTATCTAGAGTGTAAAGGCAAAAGGAAGCTTGACTGTGAGACCTACAAGTCGAGCAGGGACGAAAGTCGGTCTTAGTGATCTGACGGTGCTG,Eukaryota,Bacillariophyta,Bacillariophyceae,Naviculales,,,,96.1,15,9,0,0
23S,ESV_034897,GCTTTACTGTAACTTGAAATTGAAATTGGACTTTATTTGCGCAGTATAGGTGGGAGGCGTTGAGTTTATTCTTGCGGGAATTTAGGAGCCATCAGTGAGATACCACTCTGGTAATGTTAGATTTCTAACTTTGTATCATTATCTGGTCAAAGAACAGTTTCAGGCGGGCAGTTTGACTGGGGCGGTCGCCTCCTAAATGGTAACGGAGGCGTACAAAGGTTTCCTCTGAACGTGTAGAAATCGTATCTAGAGTGTAAAGGCATAAGGAAGCTTGACTGTGAGACCTACAAGTCGAGCAGGGACGAAAGTCGGTCTTAGTGATCTGACGGTGCTG,Eukaryota,Bacillariophyta,Bacillariophyceae,Bacillariales,Bacillariaceae,,,99.4,22,9,0,0
23S,ESV_062241,GCTTTACTGTAACTTGAAATTGAAATTGGACTTTATTTGCGCAGTATAGGTGGGAGGCGTTGAAAGATTCTTGCGGGAATTCTGGAGCCATCAGTGAGATACCACTCCTATAATGTTAGATTTCTAACTTTTACCATTATCTGGTGAAAGGACAGTTTCAGGCGGGCAGTTTGACTGGGGCGGTCGCCTCCTAAATGGTAACGGAGGCGTACAAAGGTTTCCTCTGAACGGGTAGAAATCGTATCTAGAGTGTAAAGGCATAAGGAAGCTTGACTGTGAGACCTACAAGTCGAGCAGGGACGAAAGTCGGTCTTAGTGATCTGACGGTGCTG,Eukaryota,Bacillariophyta,,,,,,99.1,3,9,0,0
23S,ESV_059450,GCTTTACTGTTCCCTGGGATGGGGTTTGGGCCCTTCTTGCGCAGTCTAGGTGGGAGGCGAAGACGGTATCCTTCCGGGGATACTCGAGCCGAAGATGAGAGACCACCCTAGAAGGGCTAGGATTCTAACCTTATGCCTAGAAGAAGGCTAGGGGACAGTCCCAGGTAGACAGTTTCTATGGGGCGTAGGCCTCCTAAAGGGTAACGGAGGCGTGCAAAGGTTTCCTCAGGCTGGACGGAAATCAGCCTTCGAGTGCAAAGGCAGAAGGGAGCTTGACTGCGAGACCTACACGTCGAGCAGGGACGAAAGTCGGCCTTAGTGATCCGACGGTTCCG,Eukaryota,Streptophyta,Zygnemophyceae,Desmidiales,,,,98.8,26,9,0,0
23S,ESV_036421,GCTTTACTGTAACTTGAAATTGAAATTGGACTTTAGTTGCGCAGTATAGGTGGGAGGCGTTGATTTTATTCTTGCGGGAATTTAGGAGCCATCAGTGAGATACCACTCTGCTAATGTTAGATTTCTAACTTTGTATCATAATCTGGTCAAAGAACAGTTTCAGGCGGGCAGTTTGACTGGGGCGGTCGCCTCCTAAACGGTAACGGAGGCGCACAAAGGTTTCCTCTGAACGGGTAGAAATCGTATCTAGAGTGTAAAGGCAAAAGGAAGCTTGACTGTGAGACCTACAAGTCGAGCAGGGACGAAAGTCGGTCTTAGTGATCTGACGGTGCTG,Eukaryota,Bacillariophyta,Bacillariophyceae,Bacillariales,Bacillariaceae,,,97.9,20,9,0,0
23S,ESV_190353,GCTTTACTGTAACTTGAAATTGAAATTGGACTTTATTTGCGCAGTATAGGTGGGAGGCGTTGAAAGATTCTTGCGGGAATTCTGGAGCCATCAGTGAGATACCACTCCTATAATGTTAGATTTCTAACTTTTACCATTATCTGGTGAAAGGACAGTTTCAGGCGGGCAGTTTGACTGGGGCGGTCGCCTCCTAAACGGTAACGGAGGCGCACAAAGGTTTCCTCTGAACGGATAGAAATCGTATCTAGAGTGTAAAGGCATAAGGAAGCTTGACTGTGAGACCTACAAGTCGAGCAGGGACGAAAGTCGGTCTTAGTGATCTGACGGTGCTG,Eukaryota,Bacillariophyta,,,,,,99.4,3,9,0,0
23S,ESV_193067,GCTTTACTGTAACTTGAGATTGAAATTGGACTTTATATGCGCAGTATAGGTGGGAGGCTATGAAAATCTTTTTGCGGAAAGCTTTGAGCCATCAGTGAGATACCACTCTTATAATGTTAGATTTCTAACTTTGCATCATTATCTGGTCAAAGAACAGTTTCAGGCGGGCAGTTTGACTGGGGCGGTCGCCTCCTAAATGGTAACGGAGGCGTACAAAGGTTTCCTCTGAACGGATAGAAATCGTATCTAGAGTGTAAAGGCATAAGGAAGCTTGACTGTGAGACCTACAAGTCGAGCAGGGACGAAAGTCGGTCTTAGTGATCTGACGGTGCTG,Eukaryota,Bacillariophyta,Bacillariophyceae,,,,,95.5,22,9,0,0
23S,ESV_103406,GCTTTACTGTAACTTGAAATTGAAGTTGGACTTTACTTGCGCAGTATAGGTGGGAGGCGTTGAGAATATTCTTGCGGGAATATTGGAGCCATCAGTGAGATACCACTCTGGTAATGTTAGATTTCTAACTTTGCATCATTATCTGGTCAAAGAACAGTTTCAGGCGGGCAGTTTGACTGGGGCGGTCGCCTCCCAAACGGTAACGGAGGCGCACAAAGGTTTCCTCTGAACGGGTAGAAATCGTATCTAGAGTGTAAAGGCATAAGGAAGCTTGACTGTGAGACCTACAAGTCGAGCAGGGACGAAAGTCGGTCTTAGTGATCTGACGGTGCTG,Eukaryota,Bacillariophyta,Bacillariophyceae,,,,,99.7,1,9,0,0
23S,ESV_193056,GCTTTACTGTAACTTGAAATTGGAATTGGACTTTGCTTGCGCAGTATAGGTGGGAAGCGTTGAAGATATTCTTGCGGGAGTATTGGAGCTATCAGTGAGATACCACTCTTGTAATGTTAGATTTCTAACTTTGAACCATAATCTGGTCAAAGAACAGTTTCAGGTGGGCAGTTTGACTGGGGCGGTCGCCTCCCAAATGGTAACGGAGGCGTACAAAGGTTTCCTCTGAACGTGTAGAAATCGTATCTAGAGTATAAAGGCATAAGGAAGCTTGACTGTGAGACTTACAAGTCGAGCAGGGACGAAAGTCGGTCTTAGTGATCTGACGGTACTG,Eukaryota,Bacillariophyta,Coscinodiscophyceae,Melosirales,Melosiraceae,Melosira,,98.8,2,0,0,9
23S,ESV_193055,GCTTTACTGTATCTTGGAATTGGGTTTGGGCCTTGCTTGCGCAGGATAGGTGGGAGGCTTTGAGAATATTCTTGCGGGAATATTGGAGCCAACGGTGAGATACCACTCTAGTAAGGCTAAAATTCTAACTTTGATCCGTTATCCGGACAAAGAACAGTTTCAGGTGGGCAGTTTGACTGGGGCGGTCGCCTCCTAAAAGGTAACGGAGGCGCGCAAAGGTTCCCTCAGGCTGGTTGGACATCAGTCGTAGAGTGTAAAGGCATAAGGGAGCTTGACTGCGAGACTTACAAGTCGAGCAGAGACGAAAGTCGGCCTTAGTGATCCGGCGGTTCCG,Eukaryota,unk_phylum,Cryptophyceae,Cryptomonadales,Cryptomonadaceae,Cryptomonas,,97.9,5,0,0,9
23S,ESV_074729,GCTTTACTGTAACTTGAAATTGAAATTGGACTTTATCTGCGCAGTATAGGTGGGAGGCGTTGAAAGTATTCTTGCGGGAATAACGGAGCCATCAGTGAGATACCACTCCTATAATGTTAGATTTCTAACTTTGTATCATTATCTGGTCAAAGAACAGTTTCAGGCGGGCAGTTTGACTGGGGCGGTCGCCTCCTAAATGGTAACGGAGGCGCACAAAGGTTTCCTCTGAACGGGTAGAAATCGTATCTAGAGTGTAAAGGCATAAGGAAGCTTGACTGTGAGACCTACAAGTCGAGCAGGGACGAAAGTCGGTCTTAGTGATCTGACGGTACTG,Eukaryota,Bacillariophyta,Bacillariophyceae,,,,,97.6,13,0,9,0
23S,ESV_031271,GCTTTACTGTAACTTGAAATTGAAATTGGACTTTACTTGCGCAGTATAGGTGGGAGGCGTTGAATTTATTCTTGCGGGAATTTAGGAGCCATCAGTGAGATACCACTCTGGTAATGTTAGATTTCTAACTTTGTATCATAATCTGGTCAAAGGACAGTTTCAGGCGGGCAGTTTGACTGGGGCGGTCGCCTCCTAAATGGTAACGGAGGCGTACAAAGGTTTCCTCTGAACGTGTAGAAATCGTATCTAGAGTATAAAGGCATAAGGAAGCTTGACTGTGAGACTTACAAGTCGAGCAGGGACGAAAGTCGGTCTTAGTGATCTGACGGTGCTG,Eukaryota,Bacillariophyta,Bacillariophyceae,Bacillariales,Bacillariaceae,Nitzschia,Nitzschia palea,100,1,9,0,0
23S,ESV_081014,GCTTTACTGTAACTTGAAATTGAAATTGGACTTTATCTGCGCAGTATAGGTGGGAGGCGTTGAAAGTATTCTTGCGGGAATAACGGAGCCATCAGTGAGATACCACTCCTATAATGTTAGATTTCTAACTTTGTATCATTATCTGGTCAAAGAACAGTTTCAGGCGGGCAGTTTGACTGGGGCGGTCGCCTCCTAAATGGTAACGGAGGCGTACAAAGGTTTCCTCTGAACGTGTAGAAATCGTATCTAGAGTATAAAGGCATAAGGAAGCTTGACTGTGAGACTTACAAGTCGAGCAGGGACGAAAGTCGGTCTTAGTGATCTGACGGTGCTG,Eukaryota,Bacillariophyta,Bacillariophyceae,,,,,97,20,0,9,0
23S,ESV_193057,GCTTTACTGTAACTTGAAATTGGAATTGGACTTTGCTTGCGCAGTATAGGTGGGAAGCGTTGAAGATATTCTTGCGGGAGTATTGGAGCTATCAGTGAGATACCACTCTTGTAATGTTAGATTTCTAACTTTGAACCATAATCTGGTCAAAGAACAGTTTCAGGTGGGCAGTTTGACTGGGGCGGTCGCCTCCTAAATGGTAACGGAGGCGCACAAAGGTTTCCTCTGAACGGGTAGAAATCGTATCTAGAGTGTAAAGGCATAAGGAAGCTTGACTGTGAGACCTACAAGTCGAGCAGGGACGAAAGTCGGTCTTAGTGATCTGACGGTACTG,Eukaryota,Bacillariophyta,Coscinodiscophyceae,Melosirales,Melosiraceae,Melosira,,99.1,2,0,0,9
23S,ESV_193070,GCTTTACTGTAACTTGAAATTGGAATTGGACTTTGCTTGCGCAGTATAGGTGGGAGGCGTTGAAAGATTCTTGCGGGAATTCTGGAGCCATCAGTGAGATACCACTCCTATAATGTTAGATTTCTAACTTTTACCATTATCTGGTGAAAGGACAGTTTCAGGCGGGCAGTTTGACTGGGGCGGTCGCCTCCTAAACGGTAACGGAGGCGCACAAAGGTTTCCTCTGAACGGGTAGAAATCGTATCTAGAGTGTAAAGGCAAAAGGAAGCTTGACTGTGAGACCTACAAGTCGAGCAGGGACGAAAGTCGGTCTTAGTGATCTGACGGTGCTG,Eukaryota,Bacillariophyta,,,,,,99.1,3,8,0,0
23S,ESV_193069,GCTTTACTGTAACTTGAAATTGAAATTGGACTTTATTTGCGCAGTATAGGTGGGAGGCGTTGAAAGATTCTTGCGGGAATTCTGGAGCCATCAGTGAGATACCACTCCTATAATGTTAGATTTCTAACTTTTACCATTATCTGGTGAAAGGACAGTTTCAGGCGGGCAGTTTGACTGGGGCGGTCGCCTCCCAAACGGTAACGGAGGCGCACAAAGGTTTCCTCTGAACGGGTAGAAATCGTATCTAGAGTGTAAAGGCATAAGGAAGCTTGACTGTGAGACCTACAAGTCGAGCAGGGACGAAAGTCGGTCTTAGTGATCTGACGGTACTG,Eukaryota,Bacillariophyta,,,,,,99.1,3,8,0,0
23S,ESV_188378,GCTTTACTGTAACTTGAGATTGAAATTGGACTTTATATGCGCAGTATAGGTGGGAGGCTATGAAAATCTTTTTGCGGAAAGATTTGAGCCATCAGTGAGATACCACTCTTATAATGTTAGATTTCTAACTTTGCATCATTATCTGGTCAAAGAACAGTTTCAGGCGGGCAGTTTGACTGGGGCGGTCGCCTCCTAAACGGTAACGGAGGCGCACAAAGGTTTCCTCTGAACGGGTAGAAATCGTATCTAGAGTGTAAAGGCAAAAGGAAGCTTGACTGTGAGACCTACAAGTCGAGCAGGGACGAAAGTCGGTCTTAGTGATCTGACGGTGCTG,Eukaryota,Bacillariophyta,Bacillariophyceae,,,,,95.8,22,8,0,0
23S,ESV_189583,GCTTTACTGTAACTTGAGATTGAAATTGGACTTTATATGCGCAGTATAGGTGGGAGGCTATGAAAATCTTTTTGCGGAAAGCTTTGAGCCATCAGTGAGATACCACTCTTATAATGTTAGATTTCTAACTTTGCATCATTATCTGGTCAAAGAACAGTTTCAGGCGGGCAGTTTGACTGGGGCGGTCGCCTCCTAAATGGTAACGGAGGCGCACAAAGGTTTCCTCTGAACGGGTAGAAATCGTATCTAGAGTGTAAAGGCATAAGGAAGCTTGACTGTGAGACCTACAAGTCGAGCAGGGACGAAAGTCGGTCTTAGTGATCTGACGGTGCTG,Eukaryota,Bacillariophyta,Bacillariophyceae,,,,,95.5,26,8,0,0
23S,ESV_035020,GCTTTACTGTAACTTGAAATTGGAATTGGACTTTGCTTGCGCAGTATAGGTGGGAAGCGTTGAAGATACTCTTGCGGGAGTATTGGAGCTATCAGTGAGATACCACTCTTGTAATGTTAGATTTCTAACTTTGAACCATAATCTGGTCAAAGAACAGTTTCAGGCGGGCAGTTTGACTGGGGCGGTCGCCTCCTAAATGGTAACGGAGGCGTACAAAGGTTTCCTCTGAACGTGTAGAAATCGTATCTAGAGTGTAAAGGCATAAGGAAGCTTGACTGTGAGACTTACAAGTCGAGCAGGGACGAAAGTCGGTCTTAGTGATCTGACGGTGCTG,Eukaryota,Bacillariophyta,Coscinodiscophyceae,Melosirales,Melosiraceae,Melosira,,98.8,2,8,0,0
23S,ESV_034175,GCTTTACTGTAACTTGAAATTGAAATTGGACTTTACTTGCGCAGTATAGGTGGGAGGCGTTGAGTTTATTCTTGCGGGAATTTAGGAGCCATCAGTGAGATACCACTCTGGTAATGTTAGATTTCTAACTTTGTATCATAATCTGGTCAAAGGACAGTTTCAGGCGGGCAGTTTGACTGGGGCGGTCGCCTCCCAAATGGTAACGGAGGCGTACAAAGGTTTCCTCTGAACGTGTAGAAATCGTATCTAGAGTGTAAAGGCATAAGGAAGCTTGACTGTGAGACCTACAAGTCGAGCAGGGACGAAAGTCGGTCTTAGTGATCTGACGGTGCTG,Eukaryota,Bacillariophyta,Bacillariophyceae,Bacillariales,Bacillariaceae,,,99.4,20,8,0,0
23S,ESV_069602,GCTTTACTGTAACTTGAAATTGGAATTGGACTTTACTTGCGCAGGATAGGTGGGAAGCGTTGAAAATATTCTTGCGGGAATATTGGAGCTATCAGTGAGATACCACTCTTGTAATGTTAGATTTCTAACTTTTAACCATTATCTGGTGAAAGAACAGTTTCAGGTGGGCAGTTTGACTGGGGCGGTCGCCTCCTAAACGGTAACGGAGGCGCACAAAGGTTTCCTCTGAACGGGTAGAAATCGTATCTAGAGTGTAAAGGCATAAGGAAGCTTGACTGTGAGACCTACAAGTCGAGCAGGGACGAAAGTCGGTCTTAGTGATCTGACGGTGCTG,Eukaryota,Bacillariophyta,,,,,,96.7,17,8,0,0
23S,ESV_116453,GCTTTACTGTAACTTGAAATTGGAATTGGACTTTACTTGCGCAGGATAGGTGGGAAGCGTTGAAAATATTCTTGCGGGAATATTGGAGCTATCAGTGAGATACCACTCTTGTAATGTTAGATTTCTAACTTTTACCATTATCTGGTGAAAGGACAGTTTCAGGCGGGCAGTTTGACTGGGGCGGTCGCCTCCTAAACGGTAACGGAGGCGCACAAAGGTTTCCTCTGAACGGGTAGAAATCGTATCTAGAGTGTAAAGGCAAAAGGAAGCTTGACTGTGAGACCTACAAGTCGAGCAGGGACGAAAGTCGGTCTTAGTGATCTGACGGTGCTG,Eukaryota,Bacillariophyta,Bacillariophyceae,,,,,96.7,10,8,0,0
23S,ESV_062478,GCTTTACTGTAACTTGAGATTGAAATTGGACTTTATATGCGCAGTATAGGTGGGAGGCTATGAAAATCTTTTTGCGGAAAGATTTGAGCCATCAGTGAGATACCACTCTTATAATGTTAGATTTCTAACTTTGCATCATTATCTGGTCAAAGAACAGTTTCAGGCGGGCAGTTTGACTGGGGCGGTCGCCTCCCAAACGGTAACGGAGGCGCACAAAGGTTTCCTCTGAACGGGTAGAAATCGTATCTAGAGTGTAAAGGCATAAGGAAGCTTGACTGTGAGACCTACAAGTCGAGCAGGGACGAAAGTCGGTCTTAGTGATCTGACGGTACTG,Eukaryota,Bacillariophyta,Bacillariophyceae,,,,,96.1,19,8,0,0
23S,ESV_193071,GCTTTACTGTAACTTGAGATTGAAATTGGACTTTATATGCGCAGTATAGGTGGGAGGCTATGAAAATCTTTTTGCGGAAAGATTTGAGCCATCAGTGAGATACCACTCTTATAATGTTAGATTTCTAACTTTGCATCATTATCTGGTCAAAGAACAGTTTCAGGCGGGCAGTTTGACTGGGGCGGTCGCCTCCTAAATGGTAACGGAGGCGTACAAAGGTTTCCTCTGAACGTGTAGAAATCGTATCTAGAGTATAAAGGCATAAGGAAGCTTGACTGTGAGACTTACAAGTCGAGCAGGGACGAAAGTCGGTCTTAGTGATCTGACGGTGCTG,Eukaryota,Bacillariophyta,Bacillariophyceae,,,,,95.8,10,8,0,0
23S,ESV_104017,GCTTTACTGTAACTTGAAATTGAAGTTGGACTTTACTTGCGCAGTATAGGTGGGAGGCGTTGAGAATATTCTTGCGGGAATATTGGAGCCATCAGTGAGATACCACTCTGGTAATGTTAGATTTCTAACTTTGCATCATTATCTGGTCAAAGAACAGTTTCAGGCGGGCAGTTTGACTGGGGCGGTCGCCTCCTAAAGGGTAACGGAGGCGCACAAAGGTTTCCTCTGAACGGGTAGAAATCGTATCTAGAGTGTAAAGGCATAAGGAAGCTTGACTGTGAGACCTACAAGTCGAGCAGGGACGAAAGTCGGTCTTAGTGATCTGACGGTACTG,Eukaryota,Bacillariophyta,Bacillariophyceae,,,,,99.7,1,8,0,0
23S,ESV_001882,GCTTTACTGTAACTTGAAATTGAAATTGGACTTTACTTGCGCAGTATAGGTGGGAGGCGTTGAGTTTATTCTTGCGGGAATTTAGGAGCCATCAGTGAGATACCACTCTGGTAATGTTAGATTTCTAACTTTGTATCATAATCTGGTCAAAGGACAGTTTCAGGCGGGCAGTTTGACTGGGGCGGTCGCCTCCTAAATGGTAACGGAGGCGTACAAAGGTTTCCTCTGAACGGGTAGAAATCGTATCTAGAGTGTAAAGGCATAAGGAAGCTTGACTGTGAGACCTACAAGTCGAGCAGGGACGAAAGTCGGTCTTAGTGATCTGACGGTACTG,Eukaryota,Bacillariophyta,Bacillariophyceae,Bacillariales,Bacillariaceae,,,98.8,19,8,0,0
23S,ESV_103292,GCTTTACTGTAACTTGAAATTGAAATTGGACTTTAGTTGCGCAGTATAGGTGGGAGGCGTTGATTTTATTCTTGCGGGAATTTAGGAGCCATCAGTGAGATACCACTCTGCTAATGTTAGATTTCTAACTTTGTATCATTATCTGGTCAAAGAACAGTTTCAGGCGGGCAGTTTGACTGGGGCGGTCGCCTCCTAAATGGTAACGGAGGCGCACAAAGGTTTCCTCTGAACGGGTAGAAATCGTATCTAGAGTGTAAAGGCATAAGGAAGCTTGACTGTGAGACCTACAAGTCGAGCAGGGACGAAAGTCGGTCTTAGTGATCTGACGGTGCTG,Eukaryota,Bacillariophyta,Bacillariophyceae,Bacillariales,Bacillariaceae,,,97.9,25,0,8,0
23S,ESV_035355,GCTTTACTGTAACTTGAGATTGAAATTGGACTTTATCTGCGCAGTATAGGTGGGAGGCGTTGAAAGTATTCTTGCGGGAATAACGGAGCCATCAGTGAGATACCACTCCTATAATGTTAGATTTCTAACTTTGTATCATTATCTGGTCAAAGAACAGTTTCAGGCGGGCAGTTTGACTGGGGCGGTCGCCTCCTAAATGGTAACGGAGGCGCACAAAGGTTTCCTCTGAACGGGTAGAAATCGTATCTAGAGTGTAAAGGCATAAGGAAGCTTGACTGTGAGACCTACAAGTCGAGCAGGGACGAAAGTCGGTCTTAGTGATCTGACGGTGCTG,Eukaryota,Bacillariophyta,Bacillariophyceae,,,,,97.6,15,0,8,0
23S,ESV_033760,GCTTTACTGTAACTTGAAATTGAAATTGGACTTTATCTGCGCAGTATAGGTGGGAGGCGTTGAAAGTATTCTTGCGGGAATAACGGAGCCATCAGTGAGATACCACTCCTATAATGTTAGATTTCTAACTTTGTATCATTATCTGGTCAAAGAACAGTTTCAGGCGGGCAGTTTGACTGGGGCGGTCGCCTCCTAAACGGTAACGGAGGCGCACAAAGGTTTCCTCTGAACGGGTAGAAATCGTATCTAGAGTGTAAAGGCATAAGGAAGCTTGACTGTGAGACCTACAAGTCGAGCAGGGACGAAAGTCGGTCTTAGTGATCTGACGGTGCTG,Eukaryota,Bacillariophyta,Bacillariophyceae,,,,,97.6,21,0,8,0
23S,ESV_036315,GCTTTACTGTAACTTGAAATTGAAATTGGACTTTATCTGCGCAGTATAGGTGGGAGGCGTTGAAAGTATTCTTGCGGGAATAACGGAGCCATCAGTGAGATACCACTCCTATAATGTTAGATTTCTAACTTTTACCATTATCTGGTAAAAGGACAGTTTCAGGCGGGCAGTTTGACTGGGGCGGTCGCCTCCTAAACGGTAACGGAGGCGCACAAAGGTTTCCTCTGAACGGGTAGAAATCGTATCTAGAGTGTAAAGGCAAAAGGAAGCTTGACTGTGAGACCTACAAGTCGAGCAGGGACGAAAGTCGGTCTTAGTGATCTGACGGTGCTG,Eukaryota,Bacillariophyta,,,,,,98.5,3,0,8,0
23S,ESV_031239,GCTTTACTGTAGCTTGGTATTGGGTTCGGGCTTTGACTGCGCAGGATAGGTGGGAGACTATGAGCCAGTCCTTGTGGGGACTGGGGAGTCAACGGTGAGATACCACTCTGTCAAGGCTAGAATTCTAACCTTCAGCCGTTATCCGGCGAAGGAACAGTATCAGGTGGGCAGTTTGACTGGGGCGGTCGCCTCCTAAAAGGTAACGGAGGCGCGCAAAGGTTCCCTCAGGCTGGACGGAAATCAGCCGAAGAGTGTAAAGGCAGAAGGGAGCTTGACTGCGAGAGAGACATCTCAAGCAGGGTGGAAACACGGCCTTAGTGATCCGACGGTTCTG,Bacteria,Cyanobacteria,unk_class,Synechococcales,Synechococcaceae,Synechococcus,Synechococcus sp. CYAN2,91,1,8,0,0
23S,ESV_031147,GCTTTACTGTAACTTGAGATTGAAATTGGACTTTATATGCGCAGTATAGGTGGGAGGCTATGAAAATCTTTTTGCGGAAAGGTTTGAGCCATCAGTGAGATACCACTCTTATAATGTTAGATTTCTAACTTTGCATCATTATCTGGTCAAAGAACAGTTTCAGGCGGGCAGTTTGACTGGGGCGGTCGCCTCCTAAATGGTAACGGAGGCGCACAAAGGTTTCCTCTGAACGGGTAGAAATCGTATCTAGAGTGTAAAGGCATAAGGAAGCTTGACTGTGAGACCTACAAGTCGAGCAGGGACGAAAGTCGGTCTTAGTGATCTGACGGTGCTG,Eukaryota,Bacillariophyta,Bacillariophyceae,,,,,95.5,26,8,0,0
23S,ESV_074206,GCTTTACTGTAACTTGAAATTGAAATTGGACTTTATCTGCGCAGTATAGGTGGGAGGCGTTGAAAGTATTCTTGCGGGAATAACGGAGCCATCAGTGAGATACCACTCCTATAATGTTAGATTTCTAACTTTGTATCATTATCTGGTCAAAGAACAGTTTCAGGCGGGCAGTTTGACTGGGGCGGTCGCCTCCCAAACGGTAACGGAGGCGCACAAAGGTTTCCTCTGAACGGGTAGAAATCGTATCTAGAGTGTAAAGGCATAAGGAAGCTTGACTGTGAGACCTACAAGTCGAGCAGGGACGAAAGTCGGTCTTAGTGATCTGACGGTGCTG,Eukaryota,Bacillariophyta,Bacillariophyceae,,,,,97.6,18,0,8,0
23S,ESV_189717,GCTTTACTGTATCCTGGCATTGACTTCGGGCTGTGATTGCGCAGAATAGGTGGGAGACGTAGAGATAGGCCTTGTGGGGTTTATGGAGTCATCGGTGAGATACCACTCTATCGCAGCTAGGAGTCTAACATCGGCCCATTATCTGGGGGATGAACATTGTCAGGTGGGCAGTTTGACTGGGGCGGTCGCCTCCTAAAAAGTAACGGAGGCGCGCAAAGGTTCTCTTAGACTGGATGGAAATCAGTCGATAAGTGTAAAGGCAAAAGAGAGCTTGACTGTGAGAGGGACAACTCGAACAGGGACGAAAGTCGGCCTTAGTGATCCGACGGTGCCG,Bacteria,Cyanobacteria,,,,,,85.6,5,0,8,0
23S,ESV_112772,GCTTTACTGTAACTTGAGATTGAAATTGGACTTTATATGCGCAGTATAGGTGGGAGGCTATGAAAATCTTTTTGCGGAAAGATTCGAGCCATCAGTGAGATACCACTCTTATAATGTTAGATTTCTAACTTTGTATCATTATCTGGTCAAAGAACAGTCTCAGGCGGGCAGTTTGACTGGGGCGGTCGCCTCCCAAACGGTAACGGAGGCGCACAAAGGTTTCCTCTGAACGGGTAGAAATCGTATCTAGAGTGTAAAGGCATAAGGAAGCTTGACTGTGAGACCTACAAGTCGAGCAGGGACGAAAGTCGGTCTTAGTGATCTGACGGTGCTG,Eukaryota,Bacillariophyta,Bacillariophyceae,Naviculales,,,,96.7,6,0,0,8
23S,ESV_064812,GCTTTACTGTATCTTGGAATTGGGTTTGGTCTTTGCTTGCGCAGGATAGGTGGGAGGCTTTGAAGATGGTCTTGCGGGATTGTTGGAGCCACTGGTGAGATACCACTCTAGTAATGATAAAATCCTAACTCTGAACCGTTATCCGGTCAGAGAACAGTTTCAGGTGGGCAGTTTGACTGGGGCGGTCGCCTCCTAAAAGGTAACGGAGGCGTGCAAAGGTTCCCTCAGGCTGGTTGGACATCAGTCGTAGAGTGTAAAGGCATAAGGAAGCTTGACTGTGAGACCTACAAGTCGAGCAGGGACGAAAGTCGGTCTTAGTGATCTGACGGTACTG,Eukaryota,unk_phylum,Cryptophyceae,Pyrenomonadales,Geminigeraceae,,,96.4,2,0,0,8
